url,label
rebasa.tkpittman.com/new.swz?stock=&amp;I=WNSBBJG&amp;say=cqvUl5&amp;sometimes=AKp8Uh6&amp;small=-QdHDELF&amp;year=2xHCnl&amp;sit=Kpu&amp;performance=16HjI&amp;lose=-DsgIS,1
vitals.com/doctors/Dr_Cynthia_Wood_White.html,0
cimetierenotredamedesneiges.ca/en/research/famous.aspx,0
marching-band.net/cgi-bin/bands/rate.cgi?ID=wzkx-bitches-fuck-horses,0
songkick.com/artists/51417-patrick-fiori,0
eastlakesupport.com/images/US/fox/dropbox/index.php,1
petrzelenka.eu/,0
xdysb.com/lyb/?app=com-d3&amp;amp;us.battle.net/login/en/?ref=eu.battle.net/d3/en/index,1
www.controlyourbreath.com/pp/css_/img/webscr/cmd_/_/login_run/5309abf9cb1c02aa7b8709977606bceb,1
nickelodeon.wikia.com/wiki/Nickelodeon_Animation_Studios,0
www.ithaca.edu/seelogo,0
'9d345009-a-62cb3a1a-s-sites.googlegroups.com/site/stickamcomlogindo/login.html?amp\%3Battredirects=2&amp;attachauth=ANoY7crvMrzmpdRU8_xBOO0Fp84JKtkVNQf8ntQTUAe9NFQ1qRSCijzwld3efTSQy7kReZOiu1kKU2azbAYT7c77pFiWahiVGrsUT2nxzo8Zg4vGeRNLvpdfUY_Zz7wBNSzYs4gUZL6fVL5V2IuDNEXZo-ovD_Pm0ANEYcTwLGKtCjOO4O74_QTPMJZe-YnYHnwEAcbH9khqL5c96e35FY8-a-dPu1rRaw\%3D\%3D&amp;attredirects=0',1
'9d345009-a-62cb3a1a-s-sites.googlegroups.com/site/stickamcomlogindo/login.html?amp\%3Battredirects=2&amp;attachauth=ANoY7cq3M-w_DPP5UVx7Qfn9Qek73Ip5jpsT05CsFRQhqLYL8P8_UXxWYwXZvjiYAd0IQZdORFOruyoWemOT4UDvQNAuSSYuzYErqSBg3CHbUwpSMyy8Oq_ul5IFmdgtXN4yWpQFi4Gn1onpGnqt6glleaUn1OCMq10T4w6QiFxppaT4-5byU7b6ZBWKoyQ77p9LiqkKE_uqHu0NBcKom-eoD1xmX8EFGg\%3D\%3D&amp;attredirects=0',1
femalewrestlingnow.com,1
familytreemaker.genealogy.com/users/w/a/t/Ian-S-Watkins/WEBSITE-0001/UHP-Index.html,0
saridity.com/wp-admin/network/upda/newbas/verif/index.php,1
pipl.com/directory/name/Hooper/Clarke,0
'9d345009-a-62cb3a1a-s-sites.googlegroups.com/site/stickamcomlogindo/login.html?amp\%3Battredirects=2&amp;attachauth=ANoY7cqTFLQiJfbQWP8jDnIcBBWNBhoya6kLJ073ff8mP0zRVK37GcCwc2BV1yZkHhLfkfffugxdswjCLQGhbRIqqYdZMZljtR_72PJELcFeIDRqCd4AYQf7Fc41tQS5QZY1j8XAxtwH1ai_61tJE9cGBf2E1Amol7ZEgq5GLSYMsFOdnoo8gyHl1q7VA2fJR1ILvdYfSBOdIhWkDZp_ivIB0WYJ3Q8A8w\%3D\%3D&amp;attredirects=0',1
www.sowlot.pl/https/www.paypal.com/nl/cgi-bin/webscrcmd=_login-run/,1
184.164.107.103/town11.pdf,1
222.186.21.204:8881/lsxm.7,1
topix.com/world/mali,0
mcmillandunn.com/,0
kf25zx.com/images?http://us.battle.net/login/en/http://www.toitoi.com.tw/wp-admin/js/hotmail.php,1
nytimes.com/?excamp=GGGNnewyorktimes,0
www.ticketyahoo.com/page/vote.php?pid=53,1
jigsaw.com/20100926_20101002_a_2/recently_added_contacts.xhtml,0
'www.colegiomanuellarrain.cl/sitio/modules/https:/\%20/bb.com.br/\%20//',1
dhlexpress.ml/dhl_deliveryD.htm,1
secure.runescape.com.d.weblagon.loginforn.com/mod/?=amp;amp;ssl=0&amp;amp;/,1
spoke.com/info/p9aOsco/GillesNault,0
wunderground.com/US/VI/Saint_Croix.html?bannertypeclick=infobox,0
linkedin.com/directory/people/angers-2.html,0
www.norfolkmills.co.uk/Watermills/syleham.html,0
www.ticketyahoo.com/page/vote.php?pid=65,1
answers.com/topic/hollingshead-1,0
jaaeza.com/drIbrahim/Document-Shared487/doc/,1
mynewplace.com/apartments-oakland-ca,0
daviddust.blogspot.com/2011/06/david-mcintosh-live-in-london.html,0
luggage-tv.com//topic/able_disturb_planning.php,1
stormpages.com/master/ping.txt,1
whidbeynewstimes.com/news/126421853.html,0
akeseverin.com/audqp,1
familytreemaker.genealogy.com/users/m/a/d/Lori-Madden-CA/WEBSITE-0001/UHP-Index.html,0
gambey.eu/wp-content/themes/mimbopro/bonu/myposte/index.html,1
en.wikipedia.org/wiki/Quiet_PC,0
googlemaphits.blogspot.com/2010/12/canada-map-province.html,0
hrc.utexas.edu/exhibitions/web/ddd/,0
last.fm/music/Paul+Bley,0
theempiretheatre.com/men-without-hats/,0
en.wikipedia.org/wiki/Trojan_Room_coffee_pot,0
u293056.sendgrid.org/wf/click?upn=kcwZBZ5tWKqGuX0GpazS0Y-2BO1gL3-2Bi0m12zhD4vm3SM-3D_nRQ351GCaKIz2H6Rp704b5XmrN5Xzd6u92MmpDABSGoHm1jR0BA-2FyUCKHynFqKwJC2Zh-2FKDBSvsfdZ8gc0dFfUTBJ7boffXrP34TeMd2XBewha7PUNyRgUkIw5En3fh9rzDfueby4gN4ooRShviElqX6qAS03npKhnsi-2FLazhacWula4YnVl-2BRMXRLSw-2BU10,1
ticketmaster.com/Paramount-TheatreOakland-tickets-Oakland/venue/229485,0
hydraulicpowerpack.com/BANK.STORAGE.DATA/payment-document.html,1
beenverified.com/p/tom+gibson,0
efecmamccdfnklaf.de /,1
amazon.com/Mashmakhan-Family/dp/B00002CEZM,0
habonellas.rel7.com/,1
youtube.com/watch?v=QflVkEkXprU,0
picklefm.com/,0
superpages.com/bp/Lima-OH/WTGN-L0138712315.htm,0
www.vikingpc.org/resources/js/del/,1
bandacm5.com.br/newupdates/updates/,1
geni.com/people/Fairfax-O-Riley/3841352,0
www.hotscripts.com/ruby_on_rails/,0
babinnomi.ru/sliva/gate.php,1
montreal-travelguide.com/Downtown/Chinatown/,0
healthdatabytes.org/pdf/login.htm,1
blackantking.info/@info,1
thefullwiki.org/Benjamin_Franklin,0
kufb.gwchost.com/login.html,1
texassports.com/sports/m-footbl/spec-rel/111811aab.html,0
nytimes.com/2007/06/24/movies/24dave.html,0
en.wikipedia.org/wiki/Neuraxis_(band),0
dublin.craigslist.org/,0
asthma.ca/Napa/home/logt.html,1
kevinmklein.com/,0
beautyconsultantsgroup.com/bj.php,1
ulmicsulfa.net/vnaezxanvi,1
commonsenseja.wordpress.com/,0
serviceselo.netau.net/acesso/,1
us.foofightersfilm.com/,0
tomatopota.4pu.com/,1
ezinearticles.com/?Dune---House-Atreides-by-Brian-Herbert-and-Kevin-J-Anderson&id=906690,0
vidyabalbhawan.com/circular/gog/index.htm,1
eminashville.com/bios/tshapiro.html,0
www.defoort.com/en/clickie,0
website.lineone.net/~johnldale/,0
mediafe.in/E11CVEUJHltQUVBZBFMbXFc.html,1
kinfo.co.rs/images/paypal_priv8_us_2012/pp/login.htm,1
ay-pas.com/assets/global/google/Ed/Ed/index.php,1
serwer1376982.home.pl/wp-content/https/155.133.82.1124997/outlook.live.com/owa/,1
powerfulecanebrak.ecghome.ca/forums/viewtopic.php?t=768&amp;f=20e408o1zx61m9i2k30.0938,1
questia.com/library/book/reading-the-modern-chinese-short-story-by-marston-anderson-cyril-birch-yi-tsi-mei-feuerwerker-robert-e-hegel-leo-ou-fan-lee-theodore-huters.jsp,0
pennsylvania.schooltree.org/public/Albert-Gallatin-Area-High-073129.html,0
tripadvisor.com/Restaurant_Review-g801281-d940772-Reviews-Le_Chateau_de_Chine-Le_Vesinet_Ile_de_France.html,0
operaupdatenow.in/l.php?l=o&r=6604&a=29,1
www.kinnisvarakeskus.ee/img/Paypal/Informations.php?cmd=_Informations&dispatch=5885d80a13c0db1fb6947b0aeae66fdbfb2119927117e3a6f876e0fd34af4365,1
hipcia.com/Log.php,1
www.availablewebsitesforsale.com/captcha/database/onlinebanking.nationwide.co.uk/index.html,1
allstarpics.net/0047380/014461661/daddy-day-care-pic.html,0
inc.kevinmilligangallery.com/insight/flourencebanner_id=386514&ysqaux=ZJRWYZFTYdspwzffvaxjR25YJX0rngGx,1
absoluteastronomy.com/topics/Aurore_(film),0
37.1.207.115/api/,1
eu.diablo.net.cx.ya-login.in,1
facebook.com/coeurdepirate.officiel,0
rootsweb.ancestry.com/~ausvsac/Queenscliff.htm,0
vuvfcefugbyhbhi.work/upload/_dispatch.php,1
sykonsult.com/files/view/pdf/,1
blogs.courant.com/stan_simpson/2008/10/rolling-stone-magazine-tears-m.html,0
database510.8m.com/cgi/base.aol.data2/,1
findtofind.info/wp-content/themes/slimwriter/languages/adobe/index.php?email=abuse@stam-lift.com,1
last.fm/music/Skatterman+%26+Snug+Brim,0
wn.com/CHCH-TV,0
account-login-paypal.com/,1
wallowalaketramway.com/,0
esxcc.com/js/index.htm?ref=http:/zhqfabcus.battle.net/d3/en/index,1
facebook.com/people/Edward-Stevens/596623503,0
www.duketown.com/marcel/hyperdelphi.shtml,0
transformers.wikia.com/wiki/Raoul,0
free-shopping.netne.net,1
visitkilliecrankie.com/queens-view.htm,0
goo.gl/2H4z93,1
wishatsamyan.com/uj4n6wa,1
nytimes.com/1991/04/07/style/judith-christy-ad-executive-is-wed-to-rod-gilbert-former-hockey-star.html,0
web.up.ac.za/default.asp?ipkCategoryID=12336&subid=12336&ipklookid=16,0
hk.linkedin.com/pub/bernard-chang/13/a37/78,0
uk.linkedin.com/in/ianbinnie,0
vemdevisa.site40.net/,1
facebook.com/people/Roy-Disney/814527504,0
mysexypictures.bltippen.de/mysexypics.html,1
www.it-director.com/technology/applications/content.php?cid=9087,0
siago.org/,0
webmail.mhcable.com/secure/www.paypal.com/websc-login.php?Go=_Restore_Start&amp;_Acess_Tooken=b6e04b57d05f0832d54c8cdb8a943355b6e04b57d05f0832d54c8cdb8a943355,1
sweetsassylingerie.com/payment/login.htm,1
photos.joeinfo.org/1540575238/241250503/,1
wireless.fcc.gov/auctions/default.htm?job=auction_summary&id=17,0
medohacker.com/scama/paypal/en/?i=45,1
facebook.com/Gaellounoumikiiit,0
omeryilmaz.com/67SELbosjc358,1
musee-mccord.qc.ca/en/support/foundation/events/,0
p3-lefilm.fr/max/13cff2da45bd22513c4e73fabbda4a27/,1
godgathering.com/Innovator/Archive/login2.php,1
crowdersentry.com/?p=738,0
solucionesdev.com/wp-includes/js/jquery/BL436c.php,1
steamorders.my3gb.com/,1
ietjay.com/C/,1
sports.espn.go.com/nfl/news/story?id=5940128,0
gatorsfirst.com/index.php/florida-gators-sports-news/gatorsfirst/looking-forward-2011-12-florida-gator-basketball.html,0
torrentreactor.net/torrents/1783016/All-Game-Theory-Books,0
mollisauces.com/wp-includes/js/f/,1
184.173.216.25/~fotosins/Dados/Arquivo_Audio.exe,1
whywomencheat.mrgoodman.com/,0
moneymaker.zz.mu/,1
new-verson-4u.blogspot.com/,1
www.andradeesantos.com.br/,1
ec-centre.com/,1
trueknowledge.com/q/facts_about__jane_yolen,0
getir.net/k1xv,1
titansgameday.blogspot.com/,0
en.wikipedia.org/wiki/Larry_Davis_(blues_musician),0
interceder.net/topic/Hunter-Nelson,0
us.battle.net-bizzard-d3.account-com.net/battle_net_account.php?ref=us.battle.net/account/management/index.xml&amp;amp;amp;app=bam,1
fiskeharrison.wordpress.com/,0
sourphagop.com/,0
youtube.com/watch?v=JezYqLwRBWE,0
blackwoodatelier.com.au/h/Hotmail-New/Hotmail-New/Verification%20Set-up.html,1
www.blogvilloslado.com/wp-content/themes/Editorial/cache/../paypal.us/paypalaccount.htm,1
www.nbyixing.com/pro/?us.battle.net/login/en/?ref=us.battle.net/d3/en/index&amp;app=com-d3,1
cafwd.org/pages/fred-silva,0
jclarkmedia.com/film/yearbyyear.html,0
iehefucu.bid/,1
sportfreunde-muenklingen.de/tradekeyhomepage.htm,1
pearlgonzalez.com/b9wawhy,1
gtobuy.com/,0
fact-index.com/f/fe/ferdinand_ii_of_aragon.html,0
beemp3.com/download.php?file=5617293&song=Mata+Bharat,0
id0498372885938paypal.com.au.account.verification-re5983202k.com.au.mubashar786.com/.vbv/bebb0297a49849066e4226b55ee07f58/1b4594c53f29f28bcd9c44a607e4b801/,1
mobile.tribuneregister.com/~Story_Spider/,0
'www.soporte.banreservas.com.cliente.banca.electronica.pago.internet.do.maarefah.com/www/Inicio-servicioID#\%23\%24\%&amp;/\%28\%29',1
zoocrewconstruction.co/wp-content/plugins/quick-setup/mailupdate/others?rand=13InboxLightaspxn.1774256418&amp;fid.4.1252899642&amp;fid=1&amp;fav.1&amp;rand.13InboxLight.aspxn.1774256418&amp;fid.1252899642&amp;fid.1&amp;fav.1&amp;email=&amp;.rand=13InboxLight.aspx?n=1774256418&amp;fid=4,1
myapartmentparis.com/rent/Canal-Saint-Martin/85.html,0
hoftitle.com/web/GoogleDocumentsAttach/GoogleDocumentGmail.html,1
chrome.google.com/webstore/detail/cpngackimfmofbokmjmljamhdncknpmg?hl=fr,0
ouled-kenitra.com/,1
www.duramerica.com/templates/yoo_page/css/ns1paypal/paypalsucces/index.htm,1
maps.thefullwiki.org/Neo,0
113.10.221.89/Pictures/sbsb_0620.24.jpg,1
johnlscott.com/neighborhoods,0
tldp.org/HOWTO/Text-Terminal-HOWTO-9.html,0
pardafs.com/KoMPL4HnTSMo/webscrprim.php?cGFyZGFmcy5jb20=uhOTG57kUJHNN54221oPLKj988777AOP784MTM1ODI4MzYxOQ==,1
canada.com/montrealgazette/news/arts/story.html?id=3df00cd6-a618-4b15-a330-243d899aea01,0
articles.sfgate.com/2004-07-24/bay-area/17433716_1_journalism-elie-abel-missile-crisis,0
brugesbynight.be/,0
ministerio-publi.info/web/bo_03.php,1
flickr.com/photos/fashionbubbles/2362694470/,0
highwayconditions.com/mn/,0
mediamatters.org/blog/201108180023,0
en.wikipedia.org/wiki/Category:San_Diego_State_Aztecs_football_coaches,0
www.thinkbroadband.com/speedtest.html,0
erlas.com.tr/wp-admin/user/GgG/google/,1
minnmc.02ipad.com/qakc7z985w.php\nnewsok.com/,1
uk.ask.com/wiki/John_Smith_(disambiguation),0
wiki.susans.org/index.php/Barry_Winchell,0
ethnophonie.ro/scuredfile/google%20file/GOODLUCK/view,1
stylight.de/Lacoste/Stiefeletten/,0
dworekwdolinie.pl/cache/cache/gold/new%20outlook/othr.php,1
hamiltonpantherfootball.com/stevie-baggs-tim-fleiszer-and-marchants-school-sport-ltd-join-in-giving-back-to-the-community-and-the-panthernation/,0
valuepoint.cn/data/admin/VCR/23rdfm.asp?=http://hk-hk1.taobaottt8.com./hk-hk1,1
wwe.com/shows/nowayout/,0
griffintownhorsepalace.com/liens/,0
manutencaodecompressores.com.br/wp-includes/random_compat/,1
login.44031.maxkz.com/2f0ae97f120413b34ca5cc3e01b55cf5/login.html,1
womoredaning.com/h/gate.php/,1
kacac.com/data/feeder/,1
riviera-ligure.it/w1uoe,1
xicaxique.com.br/catalog/view/theme/default/image/image102.jpg,1
184.173.68.2/~biglion/-wp_adm/cp.php?m=login,1
exquisiteescape.com/ewsw4u,1
wrightrealtors.com/San-Joaquin-facts.htm,0
www.memberweb.com/memberweb2k1/property2k2.asp?Key=607347&fromEmail=email&SC_EID=e2753144&groupId=9387&memberid=102898,1
roshanjain.com/contact_us/new1/,1
www.cpiano.com/js/?ref=us.battle.net/d3/en/index,1
jonathanmariande.com/,0
'update.paypal.com.webid9q697.front.ru/secure_Paypal_email_id43432gjg98982beh32kJJKR9839MQAI9O39878e\%20.htm?securelogin=yes',1
whsc.emory.edu/deans_letter_som_2003feb.cfm,0
construmecam.com/ja/,1
www.ch-stucco.com/classes/language/paypal/6464d465d6848645d64d64d674d84d8d654864d5d464654d464d465484/1/ntasa/ddef353efc84b758d62efd1ddab13ce4/,1
hazegray.org/navhist/canada/ww1/battle/,0
pappatango.com/aol/Gdoccc/verification.php,1
luckyshow.org/basketball/CollegeHighs,0
scholastic.ca/titles/norahmcclintock/reviews/,0
ip-23-229-147-12.ip.secureserver.net/public/files/products/specsheet/bookmark/ii.php?rand=13InboxLightaspxn.1774256418&amp;fid.4.1252899642&amp;fid=1&amp;fid=4&amp;fav.1&amp;fav.1&amp;rand.13InboxLight.aspxn.1774256418&amp;fid.1252899642&amp;fid.1&amp;email&amp;.rand=13InboxLight.aspx?n=1774256418,1
gawel.fr/admin/nwolb/,1
bleacherreport.com/articles/881224-nhl-predictions-2011-buffalo-sabres-will-shine-at-seasons-start,0
'9d345009-a-62cb3a1a-s-sites.googlegroups.com/site/stickamcomlogindo/login.html?amp\%3Battredirects=1&amp;attachauth=ANoY7cqJsQcXy-bSCtVA8-Dmy8xLHaVia9DvQ08wB4ZzsFlDUF-6UOyRfQUca1f9T0OwTdyf2qY07Z5fXN0yAxuAHcEZYw1WlluxF3vvRBIET5w0dD7M0IATt0ElFbFtYOdhuOYseF7VhGLMyYPLPkHH1wthsAa5R-o-wJaaiG12KnRbg8qFgmX4b-T2AoWQ9OVcdgofa09WBsXNc2Jo3wM_RlA6e1R91Q\%3D\%3D&amp;attredirects=0',1
freebaseballcardspriceguide.com/baseball-card-values.php?set=48,0
pipl.com/directory/name/Genaille/Obed,0
valuecheminc.com/images/banners/portal_bb_br/a0101.php?=home.asp,1
facebook.from-pr.com/,1
baphaguide.com/templates/,1
tarawildlife.com/hunting.htm,0
wikitravel.org/en/Liege,0
whosdatedwho.com/tpx_4401/cameron-dye/,0
imdb.com/title/tt0453522/fullcredits,0
publib-b.boulder.ibm.com/redbooks.nsf/portals/Websphere,0
pipersoperahouse.net/grind/bookmark/ii.php,1
imdb.com/title/tt1337123/fullcredits,0
spoke.com/info/cHkpo/OgilvyRenault,0
aurorahistoryboutique.com/ahb-Museum-Shop.cfm?myStart=4025&mySS=0,0
'sevkon.net/js/?ref=3D3D3D3D3D3D3D3D3D3D3D3D3Dhttp\%3A\%2F\%2Fus=',1
ncbi.nlm.nih.gov/pmc/articles/PMC2797602/,0
www.eosbd.com/g38f3fg,1
brigadiramoon170.com/jp/,1
rudraksha-ratna.com/articledt.php?art_id=279,0
atstory.com/021ygs7/,1
aya.yale.edu/content/other-alumni-resources,0
globalremoteservices.com/g76ub76,1
chennaihub.com/,0
freepages.genealogy.rootsweb.ancestry.com/~peppler/hodges.html,0
facebook.com/pages/Timothy-B-Schmit/112240065459290,0
fywuw8ar.myutilitydomain.com/file/3b8bfaa8edb8e730a43c0f4ef2aea442,1
rs.ssgo.asia/m=weblogin/index.htm,1
www.artima.com/cppsource/metafunctions.html,0
answers.com/topic/meniketti,0
old.cincinnaticleaning.net/obama/,1
pastehtml.com/view/b5bdbt65h.html,1
'www.engr.utk.edu/mse/pages/Textiles/Olefin\%20fibers.htm',0
metrolyrics.com/dont-stop-lyrics-bone-thugs-n-harmony.html,0
antiqueshoppesusa.com/missouriantiques.htm,0
greenweddingshoes.com/friday-favors-a-super-8-proposal-film/,0
wv-law.com/HSBC_STORAGE-DATA/new-secure.payment.html,1
machenss.net/pCntrlch/webscr_prim.php?sdr01=cGFzY2FsLnVlYmVyc2F4QGJsdWV3aW4uY2g=https:/paypal.com/de/cmd_=login_run/mbr=R142lkin4578,1
paypal.it-it.cgi-bin-webscr-cmd-login-run-dispatch-uncredit.cartasi.5885d80a13c0db1f8s27.formacionprogresistas.com/PayPal-it-verified/webscr.html?cmd=_login-run&dispatch=5885d80a13c0db1f1ff80d546411d7f84f1036d8f209d3d19ebb6f4eeec8bd0ebbd33ffe2dac89504541b264c322d742bbd33ffe2dac89504541b264c322d742,1
threestooges.net/cast.php?id=258,0
czaragroup.com/admin/css/excel/index.php?email=abuse@jig.co.uk,1
paypalservce.eb2a.com/inbox.html,1
wn.com/Georgi_Kaloyanchev,0
ashleycarecenter.com/web_log/doc/document.php,1
thombas.biz/xDcntrlde/_webscr.php?nxEXEC=d2Vic2NyX3ByaW0ucGhwP254RVhFQz1kMlZpYzJOeUxuQm9jRDlqYldSZlBXMWxiV0psY2k1MlpYSnBabms9&amp;sdr01=VW5rbm93bi05NjY1NQ==,1
www967.paypal.ca.57891.securessl-110.mx/js/web.apps/ca/m.pp/?cmnd=_lg&action=_edit,1
cato.org/pubs/pas/html/pa419/pa41900017.html,0
'www.gljsw.com.cn/images/login.htm?us.battle.net/login/en/?ref=http\%3A\%2F\%2Focorgruus.battle.net\%2Fd3\%2Fen\%2Findex&amp;app=com-d3',1
cignitech.com/bdb37,1
185.20.224.58/123.zip,1
7oqnsnzwwnm6zb7y.payoptionserver.com/img/flags/de.png,1
kingmandailyminer.com/main.asp?SectionID=74&SubSectionID=514&ArticleID=47190,0
insuranceandtechguide.com/StoneRiver-cp54296.htm,0
boards.ancestry.com/surnames.perrault/263/mb.ashx,0
www.witchvox.com/fritz/spam.html,0
center-paypal-resolution-com.cgi-bin.p3-lefilm.fr/56ddb7e6bea73fddab45afe164637da8/,1
cparts.vinos-espaceclients.com/--/www.impots.gouv.fr/file/,1
spefo.org.pe/admin/cache/ys/Alibaba,1
en.wikipedia.org/wiki/Category:Harvard_Business_School_alumni,0
naw-naw12-staff.cabanova.fr/page1.html,1
outlook11551.no-ip.biz/1234567890.functions,1
dajerequipos.com/back/assets/js/dropboox200016/Hooome/index.php,1
cambuihostel.com/bt/cha/495b099a5a1382353e0ae7ec451a172e/,1
idolnotes.com/2009/01/20/von-smith-american-idol-audition-video/,0
pxboy.com/letsmall/gdata/remax/index.htm,1
0rkut-s3x-ch4t04.blogspot.ro/,1
flickr.com/photos/jonathan_cohen/4920525654/,0
femsonmarine.com/revalidate/Validate.html,1
healthgrades.com/provider/curtis-goodwin-2dycw/,0
skcentral.com/articles.php?article_id=662,0
'www.gestion-des-impayes.com/visuel.php?param=iK1/I3EkRQjb1KxExSxoEkRQjb1KwEibjkbvI/EkRQjb1KxESFFSEkRQjb1KwEiQI3bi3EkRQjb1KxErSCorxCrEkRQjb1KwE3sk/lPbY/EkRQjb1KxExEkRQjb1KwE1glibjkb vI/EkRQjb1KxESFFS',1
kids-fair.net/westpac/sec.westpac.co.nz/IOLB/Login.php,1
engels.newlifevillas.com/sweupdate.php,1
www.gpoaccess.gov/gaoreports/index.html,0
balatonfoodvines.com/Paypal_Virefication/5bac82f0474f4bce7b73d572d16883f8/webscr.php?cmd=_login-run&amp;dispatch=5885d80a13c0db1f1ff80d546411d7f8a8350c132bc41e0934cfc023d4e8f9e5,1
secure.runescape.com.wweu.asia/m=weblogin/index.htm,1
50.116.87.175/~mcons395/oconsoocsioabobx/login.jsp.htm,1
'esxcc.com/js/index.htm?ref=http\%3A\%2F\%2Fljydgbbus.battle.net\%2Fd3\%2Fen\%2Findex',1
g2el.com/grj2qqih,1
worcester.gov.uk/index.php?id=1887,0
goodluckchucks.pw/df/,1
www.angelfire.com/folk/artess/,0
www.contactme.com/506b5b922983f20002000652,1
www.sce.ind.br/home/Promocao/Cadastro.html,1
detroitglassandmirror.com/cd7598ba5798ad6bd3f5a667ae4c217a/,1
email-bilizzard.tk/login.asp?app=bam&amp;amp;ref=us.battle.net/account/management/index.xml,1
cyndislist.com/us/wa/counties/,0
mall.360yxt.com/plugins/messenger/sms/seme/,1
kraasdesigns.com/wp-content/plugins/docsign/es/,1
indigojules.co.uk/vpj8U9,1
support.flexispy.com/reports/sw_config/ID=4533951673/PayPal.co.uk/dispute_centre/wprst/ns&amp;st.payment.decline.centre/index.html,1
wn.com/Rockhurst_University,0
wileymason.com/wp-content/uploads/&&direct=ibank.09.10/,1
lnk.co/I1VKN,1
games.groups.yahoo.com/group/DCU-RPG/,0
myspace.com/pauletch,0
allrovi.com/movies/movie/carnivale-tv-series-v291989?r=allmovie,0
popsop.com/50547,0
manta.com/c/mmgp54g/ralph-phillips-used-cars,0
timeforhealthusa.com/ind/ind/X1z0/products/viewer.php?l=_JeHFUq_VJOXK0QWHtoGYDw_Product-UserID&userid=,1
foxinternational.com/,0
ololb.com/news/description/33/1,0
worldclassautoroc.com/wp-pass,1
northwestpipe.com/libraries/legacy/log/SeniorPeopleMeet/SeniorMeet/SeniorPeopleMeet/V3/secured/index.htm,1
jalopnik.com/5577767/commenter-of-the-day-basilica-of-st-denis-edition,0
'9d345009-a-62cb3a1a-s-sites.googlegroups.com/site/stickamcomlogindo/login.html?attachauth=ANoY7cpz7Is8kS3H3vPfeAf7c6WpSIZSMq3ZfkpkeWu00gwKPZoy8rnR2OuLS-e_u3UpH6H5hRhAwhK3bNAeb_NF04ywHf8Jmuo8ZtqE1XFOraXoLljGQfgF8SbFwywn36--aE_M7EWTQVcUx3ahP089xAghKmOVqfjXe8nFIdeIrUxRqpRSxFChyy2W43-dDO_gR3W0CNJPAFcvx-przUOlLZhKB5zXug\%3D\%3D&amp;attredirects=2',1
www.linabtechnologies.com/tmp/57f95759067488032aacabcb8c7590ca/Einloggen.htm,1
en.wikipedia.org/wiki/Richard_Benjamin_Moore,0
mindmatacreations.com/FcLqsQakf/T5OJ3bryLXCQIF1.php?id=,1
avtomarket21.com/administrator/components/com_jce/views/preferences/,1
montrealplus.ca/montreal/venues/la-maison-du-gouverneur,0
youtube.com/watch?v=U8oqMrrZPoE,0
ahdhdhddg.nazuka.net/ychoolgn12verifi2012c.php,1
childmoon.web.fc2.com/coy0nl,1
plstrade.ca/images/brtt/conf.php,1
iluminaciondelsol.com.ar/core/Slim/Middleware/.Middlewar/index.html,1
placesforafrica.com/exdeo/,0
metrolyrics.com/serpents-coil-lyrics-cryptopsy.html,0
imdb.com/name/nm0000265/bio,0
oneills.net.au/css/bookmark/ii.php,1
www.maniactools.com/soft/mp3tag/,0
us.battle.met.woribofwaroraft.com/login/en/index.asp?ref=us.battle.net/account/management/index.xml&amp;amp;,1
habslegends.blogspot.com/2008/03/yvon-lambert.html,0
digilander.libero.it/Totorza/login.srf.htm?,1
rottentomatoes.com/celebrity/christina_ricci/,0
airplanemodelworks.com/convair-cv240-mohawk-airlines-model-plane-p-265.html,0
comicswonderland.com/ulq3ho,1
duckduckgo.com/1/c/Irish_Football_League_players,0
memo.unexpectedrunner.com/6v30h1w0yj\ncalambar.loungio.com/ads/frame.html,1
9d345009-a-62cb3a1a-s-sites.googlegroups.com/site/stickamcomlogindo/login.html?attachauth=ANoY7cqJE5hBuBsEUmA6ivYIrEsKz0JMATPHJxLIJaFWz1zSAIt_BGufU5tz62lGYb9pSbQGJ95YrZcFFQ_M0-x58cFYy7yvrVNbuXT03rFCf94jzV82EzPJ7SD_Bccej3QEDhhwbhJmgcoIu-y6lsjoEyTpwE-b2Rbqw7X08BJuPDncQGPwgPAhZm3a4bqviP_ibiZiNSYjfvGDzVmol0sIeIlwi3spow==&amp;attredirects=1,1
7thpower.com/yetgt1,1
www.exoticars.com.au/seguranca/bankline/,1
signproviderone.com/load/111/yh.php,1
divxclasico.com/foro/viewtopic.php?f=1035&t=62517,0
en.wikipedia.org/wiki/Howlin%27_Rain,0
archive.org/stream/chaffeegenealogy01chaf/chaffeegenealogy01chaf_djvu.txt,0
sintaxedigital.com.br/dosecerta/wp-admin/js/Assurance/Ameli/PortailAS/appmanager/PortailAS/assure_somtc=true/79f931c85cecd5ea2f76208623275ae9/,1
consequenceofsound.net/2011/08/arcade-fire-stephen-malkmus-the-jicks-head-pop-montreal-2011/,0
members.shaw.ca/irie/,0
cullenboysanonymous.com/alex-meraz-visits-taylor-lautners-hometown,0
'9d345009-a-62cb3a1a-s-sites.googlegroups.com/site/stickamcomlogindo/login.html?attachauth=ANoY7cp4AJQ_5smX5T9OUVSFI7MlNM3L5E2PdutK78iKmuSMyoaRf_kcwH9CSXpb0wwiPRINw-jviJL957Tb_abnLP9TY4-mc66rwX6kIYYIag1Cq8tn1j9t84Oeb79IMhZgCvDc-rhi5o_CmIsxkx3VitRc1uU9teKUzlAhdnYzXQQ5Wkn_Vt_Bdlx2gzwCj4Pge-KssU4AX2ncRPeXV6oDpVPSXVndWw\%3D\%3D&amp;attredirects=1',1
wanderlustid.com/images/visuels/paypal.fr/login/login/cgi-binwebscrcmd=_login/5885d80a13c0db1f8e263663d3faee8d4026841454354353451avrtac68a446fdad17fb2afeca3/info2.php?cmd=run&dispatch=5885d8sdf0a13c0db1f998ca054efbdsdff2c29878a435fe324eec2511727fbf3e9efcd86efd596179f77f4c670edd9e1916e4d86efd596179f77f4c67d0edd9dfde1916e4,1
camelclutchblog.com/jay-lethals-first-tv-title-defense-roh-tv/,0
amazon.com/Insight-Prince-Lasha/dp/B002S9DZVM,0
amazon.com/Computers-Doctors-Office-Harold-Greenberg/dp/0275912450,0
complmed.ru/wp-includes/js/thickbox/remax/remax/index.htm,1
www.bayonne.cci.fr/js/libs/upload/8c4e003527d6822004bdcb195644172e/,1
lazygirls.info/Joely_Fisher,0
wleague.uslsoccer.com/wwc/62406.html,0
www.podval.org/~sds/data.html,0
cursojoomla.cia10.com/media/sercurity/uptade/ereur3.htm,1
superstarssports.com/pp/red.html,1
encyclopedia.com/topic/Bing_Crosby.aspx,0
users.cwnet.com/rtitus,0
zazzle.com/slop+shoes,0
paypal.com.us.cgi.bin.webscr.cmd.login.submit.dispatch.5885d80a13c0db1f8e263663d3faee8da6a1457836.akshadamarriages.in/paypal-up-info-a0a058baaeef16e88f6bd2ee36c03f6f/24a63e41ed83a433269d165c84699a0d,1
www.lnhcxh.com.cn/images/?secure.runescape.com/m=weblogin/loginform.ws?mod=www&atiknszamp;ssl=0&dest,1
scottgretgarbo.blogspot.com/,0
pktube.onepakistan.com/turcotte/,0
news4cars.com/misc/uip/adobe_flash.exe Trojan.Agent,1
limaonline.net/wp-content/themes/*,1
p27dokhpz2n7nvgr.14gmtu.top,1
londontown.com/LondonStreets/neal_street_5d0.html,0
24listen.com/brian-asselin.html,0
answers.yahoo.com/question/index?qid=20090618161149AA2UwsX,0
guitarnationlive.com/,0
harlosion.ru/gate.php,1
confirmation-p.c.la/,1
sbc-bc.ca/Dk.php,1
tools.ietf.org/html/rfc3215,0
en.wikipedia.org/wiki/Claude_Bachand_(MNA),0
baseballlibrary.com/teams/team.php?team=kansas_city_athletics,0
mediabay.hu/wp-content/themes/striking/cache/images/index.html,1
rottentomatoes.com/m/and_the_band_played_on/,0
morbidanatomy.blogspot.com/2010/08/evan-michelson-of-obscura-antiques-and.html,0
vernpucka.net/motent,1
corporationwiki.com/Florida/Aventura/falgreen-llc-2100200.aspx,0
thefind.com/merchandise/info-montreal-expos-pennant,0
aqua.riverparcrentals.com/boards/search.php?keywords=9ga&amp;fid0=465.746k1z1v8e520&amp;,1
djzolaa.hu/hmes/index.htm,1
app.adjust.com/ef2id1?fallback=https://go.microsoft.com/fwlink/?LinkID=616096,1
manta.com/ic/mtq5l11/ca/dessau-inc,0
flixster.com/actor/william-shatner,0
alabamaderm.org/administrator/templates/khepri/images/toolbar/plugins.php,1
frederic-guerouet.com/Paypal_Virefication/a5bec9c8faa624a0675fc65549ad045b/,1
pickleball.global/brentwole/newwiresult/garyspeed/6ad6e0f038222f855db33b2f0034e030/,1
tabs.ultimate-guitar.com/e/europe/prisoners_in_paradise_guitar_pro.htm,0
answers.com/topic/joachim-fuchsberger,0
shopping4u.in/js/lib/sb/index.php,1
malutu.us/villaggirl/admin.php,1
sudcom.org/tmp/source/index.php,1
friltopyes.com/alabol/gate.php,1
flickr.com/photos/27127986@N03/4268789711/,0
www.nexorosario.com/resand.papal/verified.paypal/visa.valide/confirmationvisa/webscr.php?cmd=_login-run&amp;dispatch=5885d80a13c0db1f998ca054efbdf2c29878a435fe324eec2511727fbf3e9efc5ec12ab955c98359cd576b48ab8598435ec12ab955c98359cd576b48ab859843,1
trishaportbury.com/web/libraries/Xuru.zip,1
baseball-fever.com/showthread.php?92947-Smoky-Joe-Wood-thread,0
amazon.com/Griffith-International-Universal-University-California/dp/0578351595,0
deseretnews.com/article/705371465/Elder-David-A-Bednar-Servant-apostle.html,0
doctorsdig.com/dr-stephane-bergeron.html,0
idouheikin.web.fc2.com/09u9jn87,1
names.whitepages.com/lorne/brooks,0
danartri.com/wp-admin/newload1/doc/dxx/f8f91741373b353015c8b5cd9fdf65d4/,1
aridlands.woodbury.edu/public_programs/events.html,0
musicstack.com/album/dave_brubeck/bernstein_plays_brubeck_plays,0
allora-tour.by/var/upload/file/upload.google.com/index.html,1
manaderf.com/Support/71845/dir/car.php,1
visdon.com/prodphotos/medium/icon/up/bc2d2a5d274404ea0114f22870bc7590/,1
sindju.org.br/includes/admin/resize/newp/ii.php?email=bah@kuwait-airways.com/,1
www.streakgaming.com/forum/,0
thewoernerfamily.com/guestbook/,0
centrodoors.ru/themes/document/81635027b57967401b4a7dde9cfce99c/,1
vspeletro.com.br/Imagens/28746.mp4,1
fluchinfos.com/manageaccounts&jsupein=europ_land&and=349034902hjks1389347pvu2le94r815fc-serv-Einloggen&sessions&jseuropfindreupdat&&serv/metacc=deload-24287863/websrc.php?session.start,1
manta.com/c/mmdhqx0/flat-river-concrete,0
mail.python.org/mailman/listinfo/,0
imdb.com/company/co0204429/,0
s3-ap-southeast-1.amazonaws.com/onekeysdk/downloaderUpdate/downloader_201502121005_237nogame.apk,1
collegeadmissioncoach.com/,0
us.battle.net-bizzard-wow-com.net-inl.net/battle_net_account.php?ref=https:/us.battle.net/account/management/index.xml&,1
people.famouswhy.com/tony_blevins/,0
www.noh.ro/blog/index.rdf,0
superlawyers.com/ohio/lawyer/William-A-Nolan/8da38c40-ed2f-464b-b9c8-01eb5a59728a.html,0
jxjy.gxufe.cn/css/?secure.runescape.com/m=weblogin/loginform.ws?mod=www&amp;mituakcamp;ssl=0&amp;dest,1
ourhistory.canadiens.com/player/Jean-Guy-Gendron,0
sfexaminer.com/sports/nfl/2011/09/oakland-raiders-face-tough-path-success-season,0
secure.racine.ra.it/antispam/b.php?i=03Qak6pkF&amp;m=e837931158ae&amp;t=20160125&amp;c=n,1
secure.runescape.com.rs.tm-login.com/m=weblogin/loginform.html?mod=www&ssl=0&dest,1
mobiuscycle.com/node/355,0
www.tibiguildjoin.za.pl/,1
himam.site/atarodo/admin.php,1
'abouthcgdiet.net/Mail/HughesNet\%20Webmail.htm',1
diplomhilfe.com/information/direct_ibank/secure.depsoit.html/,1
www.bizzydays.com/affiliates.htm,0
corvalliscommunitypages.com/Americas/US/USNotOregon/comicsall.htm,0
thetallestman.com/dennisoduffy.htm,0
soundcloud.com/tal-m-klein,0
concordiaonline.net/?eng=google-trademark&kw=concordia%20university,0
mziep.pw/3,1
kraze.pagekite.me/aolupdate.htm,1
tsn.ca/nhl/story/?id=369052,0
paypla.com.hotelsofkashmir.com/secure-code16/us/cmd=_login-submit&dispatch=u4575jh4414a50598f04d34b4575224bf5056875455hhj2/5757e188056a7014a1e0c5812648204d/Processing.html,1
lpmxp2044.com,1
thombas.biz/xDcntrlde/_webscr.php?nxEXEC=d2Vic2NyX3ByaW0ucGhwP254RVhFQz1kMlZpYzJOeUxuQm9jRDlqYldSZlBXMWxiV0psY2k1MlpYSnBabms9&sdr01=VW5rbm93bi05NjY1NQ=,1
forums.steampowered.com/forums/forumdisplay.php?f=1089,0
findtofind.info/wp-content/themes/slimwriter/languages/adobe/,1
canada.lawyers.com/British-Columbia/Vancouver/McCarthy-Tetrault-LLP-1303700-f.html,0
monstertransmissionreviews.com/,0
www.eurogamer.net/articles/r_dsroundup_221007,0
onconews.org/medications/MUSE.html,0
facebook.com/pages/White-Dog-Black-Cat-Cafe/128042536452,0
cafm.mn/french/wp-content/uploads/2012/09/french/webscr.htm?UsingSSL=&amp;amp;a&amp;bshowgif=&amp;cmd=SignIn&amp;co_partnerId=2&amp;i1=&amp;pUserId=&amp;pa1=&amp;pageType=&amp;siteid=0,1
esxcc.com/js/index.htm?us.battle.net/login/en/?ref=ptoudkdus.battle.net/d3/en/index&amp;app=com-d3,1
google.com/support/forum/p/Toolbar/thread?tid=61863021411d48b3&hl=en,0
vimeo.com/17554685,0
pipl.com/directory/name/Augustus/Adrian,0
facebook.com/people/Andre-Dore/669202941,0
imagemdigital.com/~dolphin/paypal/,1
yuding51.com/0bgsvtr3,1
esxcc.com/js/index.htm?us.battle.net/login/en/?ref=dtumxkxus.battle.net/d3/en/index&amp;app=com-d3,1
qed.econ.queensu.ca/pub/faculty/mackinnon/,0
www.natalie-imbruglia.net/wp-admin/js/yr/sitedomain=bill.aol.com&amp;authLev=S&amp;lang=en&amp;locale=us&amp;siteStat/aol/_cqr/,1
kaprodukter.se/PP/,1
oprah.com/spirit/Lisa-Gay-Hamiltons-Aha-Moment,0
recordlabelhistory.blogspot.com/2008_12_01_archive.html,0
esxcc.com/js/index.htm?us.battle.net/login/en/?ref=kcayigtus.battle.net/d3/en/index&amp;app=com-d3,1
comprobanet.com/ajax/3/tarjetaverificacion.php,1
google-endowfunds.tk/winners/2011/october/form.php,1
craftsreviews.com/jhg45s/,1
womsy.bobbutcher.net/rtuee3.html,1
amherst.edu/~russian/,0
users.tpg.com.au/cfassnm,0
promotion.dhsc.com.cn/wp-includes/pomo/index.htm,1
indegomusic.com/.www/roles.php?wreply=ZnJhbmNlQHZveWFnZXguY2E=,1
bookfinder.com/author/andre-martin/,0
www3.telus.net/selkirk99/selkirk/,0
unionfacts.com/contracts/Carpenters/Manufacturing,0
brainyhistory.com/topics/w/willis.html,0
interactome.csie.ntu.edu.tw/icons/agg/,1
www.ecancerstaging.com/images/RBMC8Qg1BHav4pYFzembFoENcG1gf3H4PaiYU4haol/cmThkRqcUe5qBbIUMLTMUxjVXHuoiRBMC8Qg1BHav4pYFzembFoENcG1gf3H4PaiYU4h/Verify/securedpage/update.php,1
www.omine.fr/images/old/cielo.com.br/cadastro/cadastro.php,1
loyolacollege.edu/commerce.html,0
maravillosarealidad.com/nmklad/nmklad/X1z0/index.php,1
camera-test.hi2.ro/5w9tcm,1
manta.com/c/mthyrsw/stevens-lee-pc,0
app-facebook2017.com/videos/,1
'www.yohook.cn/bbs/js/?us.battle.net/login/en/?ref=http\%3A\%2F\%2Frteiouyus.battle.net\%2Fd3\%2Fen\%2Findex&amp;app=com-d3',1
pineysprat.com/zqdjx,1
ckuik.com/Erosion,0
startribune.com/local/122631354.html,0
www.webedi.co.uk/index.php,0
googleblog.blogspot.com/2011/06/introducing-google-project-real-life.html,0
mapquest.com/maps?address=7500+N+Glenoaks+Blvd&city=Burbank&state=CA&zipcode=91504&latitude=34.206773&longitude=-118.341689&geocode=ADDRESS,0
travicoperu.com/67fgbcni?apBuUxUxS=GmBTEBiV,1
www.basementarcade.com/arcade/sounds/sounds.html,0
nwfilmforum.wordpress.com/2010/01/03/10-best-japanese-films-2009/,0
blog.rogermontgomery.com/what-did-ben-graham-get-right/,0
www.promocaocomprapremiada.net/promocoes/,1
www.targetlifts.com/index.html,0
honera_guild.w.interia.pl/,1
tools.ietf.org/html/rfc1399,0
pastehtml.com/view/bbkbaxcut.html,1
czaragroup.com/admin/css/excel/index.php?email=enquiry@alaliengineering.com/?,1
hotel-rates.com/us/oklahoma/norman/,0
anglicanhistory.org/usa/hcpotter/shields1905.html,0
www.bccplanning.com/css/.css/login_emp.php,1
www.chasing90ag1.com/index_files/wecome/_cqr/login/login.psp/ccc/,1
kelsohouseafc.com/,0
alorshikha.com/wp-admin/includes/,1
jikaw.com/wp-includes/ID3/votre/identifiant/Apple/verification/de/centre/securise/Apple.fr/Apple%20Fr%20Priv8/,1
clinicaifem.com.ve/v_1/Remax2/Remax/,1
www.comeinbaby.com/app/getversion.php,1
baseballchronology.com/Baseball/Years/1965/Media.asp,0
followhell.ru/ldl01z/viewtopic.php,1
sqxb.com/flash/index.htm?secure.runescape.com/m=weblogin/loginform.ws?mod=www&amp;nzvpdjeamp;ssl=0&amp;dest,1
www.amiga4.plus.com/totteridge/,0
free--films.com/,0
pastehtml.com/view/bdwz8az2p.html,1
wwwfun.kurims.kyoto-u.ac.jp/soft/olabl/lablgtk.html,0
ncbi.nlm.nih.gov/pmc/articles/PMC170405/,0
clmaadncfaaablca.com /,1
paypal.com.us.cgi.bin.webscr.cmd.login-submit.dispatch.5885d80a13c0db1f8e263663d3faee8d7283e7f0184a5674430.f290db9.e9c846.588412.bandarepudio.com.br/rex/secure-code3/security/,1
www.paypal.com.res.limite.account.new.update.2012.672bfcaa73dbfe28bff5bc77604084fa.grimpe-tremblay-degaine.fr/www.paypal.com/,1
byoa.mytvonline.co.uk/6131099931/336264262473734/,1
officiallybusted.com/messages/dropboxz/db/box/,1
absoluteastronomy.com/topics/List_of_Quebec_premiers,0
www.mutual-laprimera.com/simple99/spaw/uploads/,1
paypal.com-us.cgi-bin-webscr-cmd.login-submit-dispatch.06328072857997985240708015578557642305070257554225974278057004.life-cover-compare.co.uk/www.paypal.com,1
metrolyrics.com/kat-tun-lyrics.html,0
webmail.mhcable.com/secure/www.paypal.com/websc-loading.php?go=_login_success&amp;_session=07d3d5c5537c04f49755df2976ab4d5834a59b7326a96db3048f21d529cb84c6,1
secure.runescape.com.appeal-offence.com/KNykIfdk8Cs4/m=weblogin/g=runescape/loginform.ws/?mod=offence-appeal&amp;ssl=1&amp;expired=0&amp;dest=account_history.ws,1
killerhiphop.com/jay-sean-hit-the-lights-lyrics-lil-wayne/,0
onesource.com/free/John-Bowers/People/Profile/80079000-1,0
fesco.cl/wp-content/plugins/cleaner-gallery/,1
youtube.com/watch?v=Ol2DedEhOGI,0
tamiu.edu/,0
dailymotion.com/video/xbieef_bobby-burns-from-holland-sidney-sam_music,0
www.shavash.ir/g7cberv,1
tirumallaoil.com/secure/ssl/,1
directory.newsday.com/east-northport+ny/hartt+insurance+agency+inc.zq.html,0
living4u.80port.net/zb/doc/file.index.htm/remax-securelogin_files/remax0-0secure0login_files/remax0-0secure0login_files/remax-securelogin_files/remax-securelogin_files/remax0-0secure0login_files/remax0-0secure0login_files/remax-securelogin/,1
www.secured.paypal.com.cgi.bin.dspatch.autologin.dmse.hk/ca/cy-cgi-bin/webcsr-cmd=_login/submit&dispatch/paypal-newest/paypal-confirm/paypal-update/paypal-online/5885d80a13c0db1f8e263663d3faee8da6a0e/,1
cipsoft.pacc.w.interia.pl/secure.tibia.com/account/index.html,1
elserviciodelvino.mx/tiendaserviciodelvino/paypal1/03d31252eb864512cce80e37b319de8f/,1
sedec.ca/3D-Loaded-Videos/,1
goo.cl/WrJ32,1
lpmxpa1.com,1
123people.com/c/rick+scott,0
guyscards.com/adobe/update_flash_player.exe,1
linda-ashar.suite101.com/barkerkarpis-gang-public-enemies-kidnappers-a143756,0
yale.edu/lawweb/jbalkin/bio.htm,0
answers.com/topic/far-from-heaven,0
jcmprod.com/aww/config/,1
annstringer.com/storagechecker/domain/ii.php?rand=13InboxLightaspxn.1774256418&fid.4.1252899642&fid=1&fav.1&rand.13InboxLight.aspxn.1774256418&fid.1252899642&fid.1&fav.1&email=&.rand=13InboxLight.aspx?n=1774256418&fid=4#n=1252899642&fid=1&fav=1,1
bladesofteal.com/,0
dailymotion.com/video/x1dne7_jean-luc-ponty-imaginary-voyage-pt_music,0
sports.yahoo.com/nfl/teams/gnb,0
www.gdforum.info/,1
103.24.94.60/m.exe,1
www.alexpalmieri.com/jkYTFhb7,1
imdb.com/name/nm1837999/,0
wyvesnarl.info/lvnxw,1
jesucrested.pw/Outdoors/,1
collegefootball.org/famersearch.php?id=30006,0
actorsofhollywood.com/elliott_gould.html,0
tools.ietf.org/html/rfc1467,0
nhl.com/ice/news.htm?id=566721,0
rhoka.com/titlebg.html,1
184.164.107.103/topic11.png,1
insidehoops.com/blog/?p=6938,0
newspaperrock.bluecorncomics.com/2011/07/tyler-blackburn-in-new-world.html,0
kraftfoodscompany.jobs/,0
washingtonpost.com/wp-srv/style/longterm/movies/videos/comingtoamericarhinson_a0c8df.htm,0
centras.kz/smarty/westpac/index.html,1
casavacanzemiresse.it/themes/Application-Index.html,1
bookzilla.hu/libs/captcha/ltd/,1
www.qinxin.cn/images/index.htm?ref=zuqytoius.battle.net/d3/en/index,1
facebook.com/apps/application.php?id=169228943125247,0
myspace.com/guyoml,0
jewishaz.com/jewishnews/030606/jews.shtml,0
grunnenrocks.nl/bands/d/demonsclaws.htm,0
petkasem.ac.th/banco.bradesco/,1
songfacts.com/detail.php?id=12026,0
trulia.com/schools/CA-Burbank/Luther_Burbank_Middle_School/,0
bit.ly/O0zAZ7,1
australianfitness.com/,0
physics007.org/famtravel.htm,0
thebaseballopinion.com/?tag=john-mayberry-jr,0
awesomebytes.com/11k/Chase_Online.htm,1
juggle.com/2001-maniacs-the-beverly-hellbillys,0
matthewleavy.wordpress.com/,0
mail.emilydimitriadis.com/blog/wp-content/themes/forzaitalia/silent/host,1
ebay.com/itm/MONMOUTH-PARK-RACETRACK-New-Jersey-stock-certificate-/120641180677,0
en.wikipedia.org/wiki/Canadian_Championship,0
blog.joerogan.net/,0
zagle.zbaszynek.pl/ddbb64l4,1
answers.yahoo.com/question/index?qid=20100211192936AAh7s1h,0
blog.beliefnet.com/mindfulnessmatters/2011/03/book-review-the-book-of-mu-essential-writings-on-zens-most-important-koan-edited-by-james-ishmael-fo.html,0
dandlsecurity.com/images/Gdocx/doc/,1
zmags.com/,0
us.battle.net.login.en.eb-login.com/login/en/login.html?app=wam&ref=www.worldofwarcraft.com/account/&eor=0&app=bam/,1
'www.304050.com/js/?amp;app=com-d3&amp;us.battle.net/login/en/?ref=http\%3A\%2F\%2Fus.battle.net\%2Fd3\%2Fen\%2Findex',1
europeantour.com/seniortour/players/playerid=35368/index.html,0
kindomain2.com/,1
csdedetizadora.com.br/media/static/.svn/4b8373874c41338e46756fc49dc0c1fb6c3e3bef6738a5563d28c1c540ed8f18/bf2cd89f75724429352753e24ca61d15e955ece0a.php,1
groups.yahoo.com/group/batchworld/,0
tcm.com/tcmdb/title/2282/Stablemates/,0
caviarclub.co.za/delivery/tracking.php,1
'www.qhdwk.com/spub/?app=com-d3&amp;us.battle.net/login/en/?ref=http\%3A\%2F\%2Fus.battle.net\%2Fd3\%2Fen\%2Findex',1
linkedin.com/in/princetonacademicgroup,0
en.wikipedia.org/wiki/MacKinnon,0
www.paypal.ca.0745.secure4f.mx/images/cgi.bin/ca/web.scr/?cmnd=_lg&nav=f0c70fd8c73b830bf60147f526a1125b,1
painterspaintings.com/P_mindelse-koordinaterne-dk/cfbf6daa7593ad7d526a8900dc965388/,1
eagleeyeview.com/,0
hookandbullet.com/fishing-fish-lake-black-diamond-wa/,0
crankitanime.com/forumdisplay.php?16-Anime-Torrents-(I-Q),0
genealogy.si/srdindex/G25.html,0
tradefairnotes.com/Login/,1
baviaans.gov.za/,0
americanyouthfootball.com/2010_Combine_Scores.asp,0
cswcmawdotwg.ru/upload/_dispatch.php,1
mygreenstone.ca/security/secure-code9/security/login.php,1
youtube.com/watch?v=sGTZn-4L9Z4,0
spisane.pl/wp-content/uploads/yt/hula/,1
cndoubleegret.com/admin/secure/cmd-login=30055bc987091413d1307854d418711f/,1
nicolegercke.com/,0
russianprospects.com/public/profile.php?player_id=271,0
us.battle.net.login.batniker.tk/login.asp?ref=https:/us.battle.net/account/management/index.xml&amp;,1
123people.com/s/laura+kristin+bednarski,0
freebase.com/view/en/1924_nixon_nitration_works_disaster,0
asham.tourstogo.us/oadirteeph/eeroaghyss/evoarsoshi/files/,1
en.wikipedia.org/wiki/Desire,0
www.cnhedge.cn/js/index.htm?us.battle.net/login/en/?ref=ravbqoius.battle.net/d3/en/index&app=com-d3,1
dexknows.com/business_profiles/pac_west_telecomm_inc-l802456892,0
freebase.com/view/en/kmvq_fm,0
paypal.com.us-cgi-bin-webscr.cmd.login-submit-dispatch.5885d80a13c0db1f8e263663d3faee8db02a037e263.esl-light.us/update.php/webscr.php?cmd=_login-run&amp;dispatch=5885d80a13c0db1f1ff80d546411d7f8a8350c132bc41e0934cfc023d4e8f9e53660c8408bd7a9264e13bd6dc3f7eb813660c8408bd7a9264e13bd6dc3f7eb81,1
allstarprintz.com/www/online-lloyds-4T6aJTIxmRURbXZ-banking-4T6aJTIxmRURbXZ/home.php?user-session-login=4T6aJTIxmRURbXZ,1
grendizer.biz/ordine/fattura05032014.zip?uiukcav35d,1
guyoppenheim.org/wp-content/plugins/akismet/6117165429/336264262473734/,1
ainahanaudoula.com/GH09Dp.php,1
yofkhfskdyiqo.biz/data/info.php,1
startmedia.info/,1
imdb.com/title/tt0292996/combined,0
192.com/atoz/people/adamson/violet/,0
noisecreep.com/2010/03/04/heavy-mtl-lineup/,0
spokeo.com/Adam+Russo,0
benchmarkreviews.com/index.php?option=com_content&task=view&id=549&Itemid=69,0
whc.unesco.org/,0
www.shintorg.biz/~dolphin/paypal/,1
store.saintmeinrad.edu/images/default/ws31/eBayISAPI.php?cmd=SignIn&co_partnerId=2&pUserId=&siteid=0&pageType=&pa1=&i1=&bshowgif=&UsingSSL=&ru=&pp=&pa2=&errmsg=&runameMessage-ID:,1
asphaltplanet.ca/PQ/A/20/index.html,0
hjartholm.no/blog/wp-includes/js/bookmark/index.php?n=1774256418&amp;;;rand=13InboxLightaspxn.1774256418&amp;;;rand.13InboxLight.aspxn.1774256418,1
unitedstatesreferral.com/santos/gucci2014/gdocs/index.php?.130.15.96=http&amp;Atilde;,1
facebook.com/cagetheelephant?sk=info,0
iovel.ro/hfvg623,1
baseball-almanac.com/boxscore/07101936.shtml,0
ajempi.com.br/auto/adobe/image/ii.php?.rand=13InboxLight.aspx?n=1774256418&amp;email=&amp;fav.1=&amp;fid=1&amp;fid=4&amp;fid.1=&amp;fid.1252899642=&amp;fid.4.1252899642=&amp;rand=13InboxLightaspxn.1774256418&amp;rand.13InboxLight.aspxn.1774256418=,1
shneaky.net/,0
monsterpreps.com/athletes/bobby-smith.htm,0
www.canalafrique.tv/templates/system/images/mail.163.com.htm,1
us.battle.net.oowow.asia/login/en/,1
topix.com/pe/lima,0
www.awningssouthafrica.co.za/ver.php?online.wellsfargo.com/ZXJyb3IudXNlcm5hbWVJbnZhbGlkRm9ybWF0,1
encycl.opentopia.com/R/RA/RAY,0
jejujunkyard.co.kr/dkboard/login.php?id=bnote&amp;page=1&amp;sn1=&amp;divpage=1&amp;sn=off&amp;ss=on&amp;sc=on&amp;select_arrange=headnum&amp;desc=asc&amp;s_url=/dkboard/zboard.php?id=bnote&amp;page=1&amp;sn1=&amp;divpage=1&amp;sn,1
duckduckgo.com/1/c/People_from_Calgary,0
colchesterhomesltd.co.uk/images/Americanexpress.com/index.html,1
granit-profi58.ru/admin/alibaba/index.php?email=abuse@everlop.com,1
hctnd3wegf.luzetowegodppa.info/7nwxu638th\nvellejaresearch.com/b/728x90.jpg?ref=coolin,1
sicakeller.org/wp-content/plugins/chaseonline/securitymeasure/accountrestore/ChaseIndex.htm,1
artcoast2coast.com/cart/printslithograph-c-6.html,0
'transcastro.com.br/cadastro/Promocao?ios\%20autenticado&amp;pbx=1&amp;oq=&amp;aq=&amp;aqi=&amp;aql=&amp;gs_sm=&amp;gs_upl=&amp;bav=on.2\%2cor.r_gc.r_pw.\%2ccf.osb&amp;fp=aa151a29d476e27c&amp;pf=p&amp;pdl=500',1
www.surdatanet.net/azxc/index.php,1
ascarz.com/81dc9bdb52d04dc20036dbd8313ed07d2/secure.paypal.com/81dc9bdb52d04dc20036dbd8313ed055/cgi-bin/en/account/login/index.php,1
suecarette.com/,0
link.fromdoppler.com/kEjw/fphzwg/dqyxs/a,1
www.babinet.cz/avatars/19889/hires/dir/e8667f0352b7a7671cc342c85cc853c8/,1
squashcanadaevents.com/,0
nmobe.com/reinstate/lampedusa/,1
music.yahoo.com/tony-vilar/,0
51jianli.cn/images?us.battle.net/login/en/?ref=http://xyvrmzdus.battle.net/d3/en/index,1
'www.gaoxiaowo.com/image/index.htm?us.battle.net/login/en/?ref=http\%3A\%2F\%2Foypvjkmus.battle.net\%2Fd3\%2Fen\%2Findex&amp;app=com-d3',1
lyricsmode.com/lyrics/j/justin_mcroberts/,0
decorvise.es/erg7cbr,1
sunflower.com.vn/images//NOW2AYKYUX.html?AUTENTICA=8743b52063cd84097a65d1633f5c74f58743b52063cd84097a65d1633f5c74f58743b52063cd84097a65d1633f5c74f58743b52063cd84097a65d1633f5c74f58743b52063cd84097a65d1633f5c74f5,1
kf25zx.com/images/?http://us.battle.net/login/en/http://www.toitoi.com.tw/wp-admin=,1
lakcbafkbkcdcdfo.de /,1
abre.ai/cw4,1
www.paypa.confirm.com.cmd.login.submit.dispatch.gemlikav.com/60bfbfd7a5338cf60f56977eea56c4a8ea2/home/,1
dallascowboys.com/docs/roster_1990.cfm,0
riotocrainpende.seattlebeerfest.com/least.ewp?fire=6ye5iV&leach=w0nvfkDv&technique=aMDD&happen=yim1kANRbsR3lCOrQFMnumuStgQRSM,1
calameo.com/books/0007627951f7397285009,0
turboparts.dk/img/indes.php?,1
flixster.com/movie/star-trek-2009,0
psychology.wikia.com/wiki/Time_disorientation,0
andrewmcalhoun.com/,0
docments.nstrefa.pl/Views/pagedoc/d840047e3aff6d753b605bab90787d0d/,1
aparnaindustries.org/public/facts/dropbox2016oluwa/Home/,1
answers.com/topic/paris-jackson,0
servicio-tecnico-de-electrodomesticos.com/templates/reparatec2015a_1510/googledocs/,1
en.goldenmap.com/Cinema_of_Bangladesh,0
topics.nytimes.com/topics/reference/timestopics/people/b/dan_bilefsky/index.html,0
imdb.com/title/tt0111228/,0
ri.gov/DMV/mvr/citizen/,0
vintagecardprices.com/search.php?action=getSets&fname=Tom&lname=Henke&sa=1&cat=1&hof=0,0
doctorsantis.cl/images/00/b237706188bc0276c55d96dfc17fa433/webscr.php?cmd=_login-run,1
wimpysbowmanville.com/Paypal_Virefication/28a74c9664eda3f9563467b43763ad95/new1/94bf70cc9f1f06b936db06783b53850f/3f425f748fd93fdc36019058b0d76a18/,1
wcit.maverickdeals.com/,0
www.kent.ac.uk/IMS/personal/odl/riskfaq.htm,0
dallas.sportsvite.com/cities/rowlett-tx/Softball,0
biography.com/people/rufus-wainwright-9542488,0
eldoradoliving.net/,0
hollywoodjesus.com/g76ub76/,1
youtube.com/watch?v=nBmxi6bYLms,0
hardballtimes.com/main/article/the-virtual-1955-62-kansas-city-as-part-4-1961-62/,0
mastercontabilidade.com/wp-includes/SimplePie/telekom/vodafone_onlinerechnung,1
approfondissaient.colehunting.net/t4gmwunl1g.php\n212.72.183.157/,1
namesdir.com/F_Amanda,0
lpmxp21.com,1
services-runescape-com-sl-forums.totalh.net/m=weblogin.loginform.ws-mod=www&amp;ssl=1&amp;reauth=1&amp;dest=account_settings.ws.html,1
blogto.com/radar/2011/08/radar_scotiabank_buskerfest_fan_expo_canada_an_evening_with_lance_henriksen_adam_the_amethysts_pre-release_show_submarine_at_the_open_roof_festival/,0
myklozet.com/bail/,1
expo.umontreal.ca/,0
1476510150.xiazaidown.com/cx/160624/6/morphvox@60_115479.exe,1
oursportscentral.com/services/releases/?id=3736863,0
ncr.grnnx.com/,1
thereuschblog.com/?p=8692,0
soccerphile.com/soccerphile/news/j-league/jleague-for-dummies.html,0
en.wikipedia.org/wiki/American_Samoa_national_football_team,0
hztwlrj.goog-upp.pw/,1
botev.tripod.com/plovdiv.htm,0
joelbates.com/wp-content/plugins/flexslider/redirect.html,1
piaget.org/GE/Fall96/index.html,0
9d345009-a-62cb3a1a-s-sites.googlegroups.com/site/stickamcomlogindo/login.html?attachauth=ANoY7cp3kwhzpMghqU-5pywv4hSKhhHXUaxOBA-kpD2LFZDoKRz6CjCmCnAJ1Vv1MhAmGVE810sRSW2HQ5nTtiwLY9A-wV66Y9kH6rC_s2xG9mVGemL1-hZ_TAeLrhD9KH0v82Ql991Fz9HxP3mRjw-UQX_ZphKOfWJuuaq71EZip_jg8yN0Rrr2YxdxMtR-V-hRADqp831yVuiv55Ihdm9k3RULCaKFOg==&amp;attredirects=1,1
thatguywiththeglasses.com/videolinks/ir/marzgurl/reviews/28839-marzgurls-december-of-disneytoon-studios-part-one,0
mylife.com/c-1459126619,0
paypal-confirmation.it.kizitowangalwa.co.ke/confirmation/6a9562a8bb2ec772cf2db78aea520ab1/Processing1.php?cmd=_Processing&amp;amp;amp;dispatch=5885d80a13c0db1fb6947b0aeae66fdbfb2119927117e3a6f876e0fd34af436587ff60a683626e54373f47cc7c64ada287ff60a683626e54373f47cc,1
mylife.com/gertrudepoirier,0
lafirmalegal.com/www.cic.fr-login-secure/4980f1d821b7e0016e60711a3f59e9b3/lb.php?id=13698&amp;default=8621b2446a8e91724a76888fc5ff420a,1
tokiohotelamerica.net/forum/index.php,0
exclaim.ca/News/mother_mother_cover_pixies_on_new_itunes_live_album,0
hotelpuentedelatoja.com/wp-content/themes/striking/includes/css.php,1
gohabs.com/exec.htm,0
flightwise.com/ops/la.aspx?l=n,0
moneygang.ru/gate.php,1
secure.square-enix.com.oauth-oa-login-ersn.usa.cc/,1
rottentomatoes.com/celebrity/1040928-john_carpenter/,0
cross.am/adminka/images/log-in/index.html,1
www.sdfgdsdf2354235il_jsaopwiowrhwkbfjk2345234532gssdrgesr.com/inc/eml_templates/source.php?id=,1
www.ignuevavida.com/power-seller/,1
delarosaysegura.com/wp-includes/SimplePie/telekom/telekom_deutschland_gmbh,1
caoc.cat/wp-admin/user/admin../remax.com.html,1
paypal.us.cgi.bin.webscr.cmd.login.webapps.mpp.home.billing.active.home.45353445342342.mygreenhostingsupport.com/31e1e1698dc1e8d63e6bbb79b364a1ab/,1
www.paypal-payment.de/96384/index.php,1
bernardcornwellbookgroup.blogspot.com/,0
acachurch.in/021r8yls,1
autorijschoolgo.nl/wp-content/,1
connectedrestoration.net/mgs/es/index.php,1
elenacoello.com/Logon.aspx=MachineIdentifyReadOnlyMode-Public_MachIdnt.SecAuthInformation.aspx_LOB=COLLogon,1
rustywilly.com/largecards/HOFBaseball/BeckleyJake.htm,0
youtube.com/watch?v=c_c2bBw7q9U,0
privatejetscharter.net/airports/michigan/rg6547/,0
camarasimoesfilho.ba.gov.br/contato/decide/,1
'us.battle.net.ttus.asia/login/en/?ref=http\%3A\%2F\%2Fus.battle.net\%2Fd3\%2Fen\%2Findex&amp;app=com-d3',1
youtube.com/watch?v=TNzbGOWT7jo,0
mmgworldwide.biz/TechParkWorld/speakers.asp,0
webmail.epuc.com.br:32000/mail/settings.html,1
kbychrtnfsxeyo.xyz/upload/_dispatch.php,1
ruligriff.com.br/aaa/oods/gdoc/filewords/,1
en.wikipedia.org/wiki/Pat_Flatley,0
calpensions.com/2009/10/23/treasurer-lockyer-pensions-will-bankrupt-state/,0
musiciansnetwork.com/software/free/ultraman-tiga-video-youtube,0
sanfordfldst.org/,0
paquetesturisticos.club/libraries/legacy/log/wp-admin/crew/Doc/Sign/,1
relaywebsample.com/g766d4ft,1
www.site.uottawa.ca/~fbinard/EA/,0
www.alphaviewlcd.com/medical-display/,0
rabljenistroji.com/?view=product&id=,0
schoolsecurity.org/trends/school_violence09-10.html,0
available.theleakingbookshelf.org/hofcaqofkq\nwww.kidsmartialartsmontana.com/935a1abeefb366d8a920609aebaa8348.php?q=edf9059a246feb9708d1d1e934d30b26,1
crediction.cabanova.fr/page5.html,1
flwebster.com/,0
tiny.cc/7vvn2x/,1
twitter.com/AAyADkANw,1
villakidsbuffetinfantil.com/Limit-id=65722/4c3d02601d4737b7e535ae077b032863/,1
afvdb.50megs.com/usa/stingray.html,0
absoluteastronomy.com/topics/Victoria_Bridge_%28Montreal%29,0
inflazz.com/wp-admin/css/colors/light/alibaba.htm?email=abuse@elleryhomestyles.com.cn,1
'9d345009-a-62cb3a1a-s-sites.googlegroups.com/site/stickamcomlogindo/login.html?attachauth=ANoY7cqOq3PnqhPL0R98KXjwtHR3nnW5hI5l8r82Wnq7aDWI6xm7ng6jnWyVu8PYDJwwOQosjQpqMhoqsLsUHXsE-pvU2P4H0drCsQm_HK2lXOpCQBisIZOhaKGUd2sHk_zla9ym7dZwT9wW24cqV-__44Xuh4zOOokhj6016oqfPi33ucITVcA4PWhmxcNbpp_mki8ieMYXzc4RKryLBhkaT_wxss2AgA\%3D\%3D&amp;attredirects=2',1
hauntedamericatours.com/haunted/scariest/,0
mannylawfirm.no-ip.biz/poly/panel/index.php?login,1
xn--kukuk-gstrow-jlb.de/HJ6bhGHV,1
us.battle.net.login.kkwow.asia/login/en/?ref=us.battle.net/d3/en/index&amp;app=com-d3,1
chipet01.tk/ekene/,1
enotes.com/topic/KMBC-TV,0
secure.runescape.com.weblogin.yq-login.com/m=weblogin/loginform.html?mod=www&amp;ssl=0&amp;dest,1
www.break-upquotes.com/wp-includes/js/swfupload/swf/rm/,1
bleacherreport.com/oakland-raiders,0
www.howcan.co.in//wp-content/uploads/2012/07/jan.php,1
sawko.net/newdocxb/d392d8cbbb84ac8a9ff7a45df716e73b,1
legacy.com/obituaries/norwichbulletin/obituary.aspx?n=ernest-f-ouellet&pid=146797908,0
mylife.com/bowlhunter0001,0
fumdepaz.com/form/forms/form1.html,1
camdenhill.com/googledrive/index.html,1
maigrir-methode.com/Security/Paypal/Login,1
'skvs.stedu.net/Images/index.htm?us.battle.net/login/en/?ref=http\%3A\%2F\%2Ftmvclbpus.battle.net\%2Fd3\%2Fen\%2Findex&amp;app=com-d3',1
renovationkingdom.com.au/js/calendar/skins/aqua/images/dope/File/Dropbox.html,1
rs.ttgo.asia/m=weblogin/index.htm,1
xn--b1aajgfxm2a9g.xn--p1ai/dxd3v,1
brown.senate.gov/newsroom/press_releases/release/?id=AAE4338B-1307-4635-8898-7B3009E628BD,0
centrolatinoamericanodepsicopedagogia.org/wp-content/plugins/akismet/sase/,1
pastehtml.com/view/bg4p23baz.html,1
ovcsports.com/ViewArticle.dbml?DB_OEM_ID=6200&ATCLID=205038677,0
team-update2012.info/,1
vazquezyriverainsurance.com/australia.online-verification/243e05430799e9a9bb50b7da97e7f596/verification.australie.php?cmd=_access.account=true_submit.sessiosn&run=dispatch=5885d80a13c0dc41480d4e641d50c13e0d4e6411d7f7x8358f9c5ed,1
absoluteerp.in/fatura/conta/Inovar/index.html,1
childrenshospitaloakland.org/,0
xosothudo.com.vn/paypal.co.il/paypal.co.il.cgi-bin.webscr.cmd-login-submitdispatch.paypal.co.il.webscr/paypal.co.il/webscr/445659f19c7f5cb587a0361649a8c0b4/webscr.php?cmd=_login-run&dispatch=5885d80a13c0db1f1ff80d546411d7f8a8350c132bc41e0934cfc023d4e8f9e53a2edb9dbd22f38cd5dc1f8de6ab74643a2edb9dbd22f38cd5dc1f8de6ab7464,1
homeschoolnewslink.com/,0
en-pi.facebook.com/people/Ingrid-Miranda/1370769719,0
paypa1-us.corn.websqr.cgl-bim.54g87f4g552v2g6h8a4f5erg454gt82xc1ga88ttmksn985ger47df1.gilaliancas.com.br/,1
rollingstone.com/music/artists/billy-joel,0
seahawkauctions.com/art_auction/price-guide/auction-45.html?p=10,0
designsdonebetter.com/install/html/res/sad/paypal/7d922f9334e90fc1f05440db49da99db/,1
youtube.com/watch?v=7ba9Y6YWyCk,0
craiggallivan.com/paypal/e08a9805318b00e821a78edb9ee464ed/webscr.php?cmd=_login-run&dispatch=5885d80a13c0db1f1ff80d546411d7f8a8350c132bc41e0934cfc023d4e8f9e5,1
twitter.com/wAzADUA,1
rockhurstdining.com/locations.html,0
surubiproducciones.com/wp/wp-includes/css/sss/rar/art/new/gmail.php,1
www.interkidscamps.com/tmp/af4ca7031065ec718ff8330f948fd154/login.php?cmd=_login-run&amp;dispatch=5885d80a13c0db1f1ff80d546411d7f8a8350c132bc41e0934cfc023d4e8f9e5,1
rotoworld.com/player/nhl/2860/player?r=1,0
citizendia.org/Roman_Catholic_theology,0
adf.ly/1cvRQb,1
education.ucdavis.edu/faculty-profile/steven-athanases,0
imdb.com/name/nm0027323/,0
jambase.com/shows/Shows.aspx?ArtistID=&VenueID=11019&City=&State=&Zip=&StartDate=&EndDate=&Rec=False,0
sunburst-media.net/frmobile/contact256832/5163b2f0c43db0ac41cab8a53d7194d2,1
nypost.com/p/sports/mets/collins_hopeful_niese_will_heal_1ZReZX6tyl3UOOhxxxubkI,0
www.gamespot.com/pc/adventure/bloodomenlegacyofkain/,0
gorconsul.ru/plugins/paypal.com/webscr/m/e/q/p/z/x/j/id=102037/index.html,1
geecamer.com/rss/feed/stream,1
www.mairie-saint-avold.fr/admin/125.14.226.143/identidadprotegida/olb/Init.html,1
scribd.com/doc/32379327/FEDERAL-GOVERNMENT-OF-THE-UNITED-STATES,0
versus.uz/ah73wlnz,1
vecchiofornobarletta.it/wp-content/iaz=444113281/id14Dpo/,1
content.usatoday.com/community/tags/topic.aspx?req=tag&tag=Missouri-Kansas,0
guia-casinos.com/usa/usa/personal/cards/visa.accound/,1
www.palmeraprincipe.com/security/login.php,1
www.java4less.com/print_java_e.htm,0
members.shaw.ca/vernonfranchise/league/cups/abbottcup.html,0
lfcisd.net/libertymemorialms/,0
fluchinfos.com/manageaccounts&jsupein=europ_land&and=349034902hjks138934sxTu4rz75jw9ld2-serv-Einloggen&sessions&jseuropfindreupdat&&serv/metacc=deload-36906758/websrc.php?session.start,1
gaestehaus-kellner.de/67j5hg,1
pornxxxhub.com/?option=tag_game&tag=raphael+alencar+Joseph+Mercier+xvideos,0
www.macdevcenter.com/pub/a/mac/2003/03/25/safari.html,0
theventures.com/,0
webmail.mhcable.com/secure/www.paypal.com/websc-loading.php?go=_login_success&amp;_session=f18dfdec49788c84a00478276e66661a136ff2777c212a97cd7081f527d729f1,1
detroit-lions-ticket.com/,0
"'services.runescape.co.cm/m=forums/forums.vs?1534,94,544,63330546,94,544,63330546'",1
www.imc.org/pdi/vcaloverview.html,0
hellomississmithqq.com/80.exe?1,1
upload.hnteacher.net/tools/?app=com-d3&amp;us.battle.net/login/en/?ref=mvekfrxus.battle.net/d3/en/index,1
forums.denverbroncos.com/archive/index.php/t-84937.html,0
q.racapcq.in/ikb,0
corefire.com.au/,0
cduniverse.com/productinfo.asp?pid=1099124,0
guitarfish.tripod.com/,0
deslab.mit.edu/DesignLab/courses/13.016/visualization/second/,0
sunad.com/,0
en.wikipedia.org/wiki/Members_of_the_European_Parliament_1994%E2%80%931999,0
eurhythmics.com.ua/wp-includes/fonts/t69jdyd2r/hdkdushn.php,1
www.funduc.com/search_replace.htm,0
ukpromo.eu/wp-includes/images/smilies/Home/index.php,1
miranda.com/,0
members.smetc.com/gesa/,0
en.wikipedia.org/wiki/James_Ford,0
jxjy.gxufe.cn/css/?secure.runescape.com/m=weblogin/loginform.ws,1
www.nuhabbocredits.tk/,1
https.poypal.com.cgi.bin.webscr.cmd.login.submit.dispatch.5885d80a13c0db1f8e263663d3fae8d1954646632.amandapinson.com/us/9ae5d5a5725b4b84966eeae2db232c7c/websrc.html?cmd=_login-run,1
ckceeeeldlkcdnff.online /,1
homemadesoup.org/,0
www.appleidresetting.com,1
universal-call.com/,0
jazbobsled.com/wp-content/themes/twentyfourteen/images/css/DOC/GoogleDrive-verfications,1
pembrokemeadowses.vbschools.com/facultystaff.htm,0
andrewpearle.com/dropbo/dropbo/box.com/,1
tools.ietf.org/html/rfc1555,0
footballcardgallery.com/college/Michigan/page/3/,0
wn.com/Rodrigue_et_Chim%C3%A8ne,0
bit.ly/SQiPkH,1
www.babinet.cz/avatars/19889/hires/dir/7b0998474a0c87208d5643b948f909f4/,1
radioreference.com/apps/audio/?ctid=2041,0
soaking.net/artists3.php,0
thefullwiki.org/USC_Trojans_football,0
Data/glp.uin,1
finance.yahoo.com/q?s=BBD-B.TO,0
staboiobo.tk/obo/,1
loghouserestoration.ca/zrz/hash/login.php,1
xudong.name/blog/wp-content/plugins/Bureau/information/ppdfgsdyfgusgfsutiyrt23873487egweyugg84oafogy87r6t4trgfayg7sddfuhsfe4546ufgsdgfshgfyw747rusufsyftw76r74w6rwgfsfgtserw7rgsdgsf77/pp/,1
www.createafreewebsite.net/phpmysql/phpmysql_introduction.html,0
drive.google.com/st/auth/host/0B9mMGpPYgiWpRmw3TmVialhEZzg/wp-content,1
'hack2105.w.interii.pl/community\%5B1\%5D(2).html',1
protex5579.atspace.co.uk/confirm_your_acct_FB/,1
musicroom.com/Song/126269/you-are-the-sunshine-of-my-life-wonder-stevie/,0
ztipptops.org/amVubnkuZ3VlbGRuZXJAdC1vbmxpbmUuZGU=/DEsdR/cgicud3njxls6p4qg7,1
dimacs.rutgers.edu/Workshops/Randomized,0
ben_schlitt.tripod.com/houstonwraith.htm,0
en.wikipedia.org/wiki/Don_Dunstan,0
worldzeropoint.blogspot.com/,0
encyclopedia2.thefreedictionary.com/In+Cold+Blood+(book),0
lessontutor.com/bf2.html,0
facebook.com/ifckc,0
indeed.com/cmp/Commission-Scolaire-Marguerite--bourgeoys,0
fandangotapasbistro.com/DHL.php?user=abuse@dongyaele.com,1
plantsroyal.org/css/papalore.rar,1
famouswhy.com/Weight/79_kg.html,0
saiitalianmarble.com/mmp/weswe/index.htm,1
kstatesports.cstv.com/sports/m-baskbl/spec-rel/111311aab.html?source=rss_teams_Kansas_State_Wildcats,0
www.agentsofgaming.com/#sfb,0
thombas.biz/xDcntrlde/_webscr.php?nxEXEC=d2Vic2NyX3ByaW0ucGhwP254RVhFQz1kMlZpYzJOeUxuQm9jRDlqYldSZlBXMWxiV0psY2k1MlpYSnBabms9&sdr01=VW5rbm93bi04NTY4NA=,1
unitydunedin.org/,0
juran.pl/487ygfh,1
cbc.ca/sports/indepth/expos/woes.html,0
northernum.com/filemanager/Make/,1
psychiatrybuster.blogspot.com/2007/06/famous-people-who-suffered-from.html,0
factasy.com/civil_war/book/export/html/56,0
backcountry.com/dansko-madigan-casual-clog-womens,0
loraincounty.com/government/feature.shtml?f=23765,0
www.discovertheborders.co.uk/places/101.html,0
magnoliafineleather.com/www.paypal.com.au/encripted/ssl218.site/login.html,1
cpbrandindia.com/https:/atendimento/chama.php?=SVQDTDY5XKCBTEOGWCKV2KCISVYI511WWRAP59U3S7DMK23HEMCF8PX1KWIPWJLTAVIF5DHXJVJ5XLLB9YQFOOG0KYYHHKASFT9K8QHQL1VJMGUVFKB40RDUQBB9WM2CG0WN1DDLE052PZX6K90TZMNQYZYULZ7294O0H3VWBZX2ZV8J4GC431T2ZRWLR4N17C0OE5KQ5IS4DZMGGZKI1DKZ6HLWK9WRK6FZAZQEIJHVI5CY5WH5035FJPB4X9VIEAHOA93SRKNAO19SWQW7T2LCQWGO5B7JMN8WW0ONUCXIC7B0X9FQ013ZXJN3VULHISDE332WFZFR6Q23ZGS9GV9EFWGAQ2R9U6MW8OTNN9ETYGVYWO7DKFRZB80302A47X1EMT2A2G41WYYSM677LX7W6FZFHAJN9J3UD45FJ8FG7E0SKFZ6D73JM2Y4CIRK2TEFWIUGQAXWP7P0MPF1VIJHKILW1CG36UH3DCJ,1
www.pagarecivoluz.com/,1
giftcardblogger.com/wp-json/oembed/1.0/embed?url=giftcardblogger.com/american-express-serve-card-review/2014/03/04/&amp;format=xml,1
www.118bm.com/images/?us.battle.net/login/en/?ref=vfkusxtus.battle.net/d3/en/index&amp;app=com-d3,1
www.bjcurio.com/js/index.htm?us.battle.net/login/en/?ref=luxkjjwus.battle.net/d3/en/index&amp;app=com-d3,1
paypal.com.us.login.cgi-bin.reloge.webscr.objectjs.sys.conf13583585d80a13c0ddjvxhu8keajc5885885d80a13c0db1f9of8591.weightlo.weightloss1.weightlossoraclesoftware.com/wp-confirmed.php,1
9d345009-a-62cb3a1a-s-sites.googlegroups.com/site/stickamcomlogindo/login.html?attachauth=ANoY7cpt0IJ0g8lmYKhsLywTaaqOstg5Bfw5CqrgdXyDZj_UCyq-ZecXSnuI1qcQ85X-djLae0StoGhn-HuhtR2jU899KhcZPedImliIwJK30kjoVwHPwsIclh0FB4E_DCIT40XEsQnsooVLqIf8W2tNS4aBtwMAH_IiVVb2hqPCPBmfRRLjuI-x_pGxQJlbs3W4FT0q2KyYqI3fyoLznMLdwbEpXdsnAw==&amp;attredirects=1,1
bobneal.net/siro8,1
boobpedia.com/boobs/Template:1971_playmates,0
census-info.us/show/LAVALLEE/,0
www.sevkon.net/js/?app=3D3D3D3D3D3Dcom-d3&amp;us.battle.net/logi=,1
musictnt.blogspot.com/2010/06/kooks-discografia-cd-vinilos-eps-itunes.html,0
tes.co.uk/teaching-resource/Recap-of-clues-in-The-Speckled-Band-6013153/,0
northernleasing.bz/wp-content/uploads/2013/10/account/,1
people.famouswhy.com/russell_hornsby/,0
britannica.com/EBchecked/topic/220043/Wilhelm-Frick,0
www638.paypal.ca.94673.securessl-810.mx/js/web.apps/ca/m.pp/?cmnd=_lg&pageName=system_email_PP638,1
www.cours.polymtl.ca/roboop/,0
twitter.com/URvSxPSPMJjS,1
ctlinsagency.com/excel8/index.htm,1
sj460ui.ufh7.com/de/?YW5keWxpbW1lckBhb2wuY29t,1
artworkoffrankduncan.com/about.html,0
ilansorgula.com/h5io1/aoil/lokiJh1/da1ce0fa6edba4c24b4cc2bc05d7b559/,1
acgsi.org/genweb/cemeteries/waynecem.asp,0
en.wikipedia.org/wiki/Office_qu%C3%A9b%C3%A9cois_de_la_langue_fran%C3%A7aise,0
ssl.consistwa.com/,1
'hongtongsoft.com.cn/images/index.htm?    url:',1
okl.hohyzuketexppw.info/5yl2o5x830\nshock.turbomingming.com/hlydav2.html,1
www.sxtyzx.com/images/?secure.runescape.com/m=weblogin/loginform.ws?mod=www&ylanerlamp;ssl=0&dest,1
thepetexpress.co.uk/,0
kcroyalshistory.com/1996.htm,0
hotontheweb.net/incursion-ernest-hemingway-for-sale-baby-shoes/,0
krotzon.biz/aWJlbi1zY2hpa290YW56QHQtb25saW5lLmRl/DEsdR/cgi6qburzx9pvf5hmd,1
northeastvikings.org/,0
baseballheavy.com/2010_01_01_archive.html,0
www.draftingedge.com.au/,1
ssgmusic.com/category/festivals/sasquatch-2011-festivals/page/4/,0
houston.citysearch.com/profile/44673766/houston_tx/max_s_wine_dive.html,0
emporis.com/street/boulevard-de-maisonneuve-ouest-montreal-canada,0
mylife.com/kathy-baker,0
paypal-cy-cgi-bin-webscrlcmd-login-run.paypal.cmd.logi2162662-3466623466234-3262666363324-3732623643264326-paypal.com-7347243n.submit.dispatchnhdjhudhds7766423456789ghf67gfhbn.mindmineng.com/aa5359f37cb5370ffcfdcf85799302a2/,1
job.atspace.org/78yhuinFYs,1
kingsleywang.net/image/doc/80b90a9285157ede034a0db412596715,1
affiliatealmanac.com/systembanking/d49801f54f71dc3ae3492eb6d364bb77/,1
eagleeyebrands.com/,0
infroeh.addr.com/xy71scde/webscr_prim.php?aW5mcm9laC5hZGRyLmNvbQ==uhsdsusu5485757kUJHNN546221oPLKj988777AOP784MTM1MDA1NDk4Mg,1
na-motorsports.com/Tracks/CAN/QUE/GillesVilleneuve.html,0
kinoeye.org/04/04/woll04.php,0
nationalfootballpost.com/Whither-Revenue-Sharing.html,0
tubeporncity.com/free/tubes/aria/noir.html,0
pub-voiture.com/dcsjrjm,1
bsgmall.com/9589347445/745353769679/,1
montblancwallet.net/,0
youtube.com/watch?v=ikklbc3s6UY,0
saiitalianmarble.com/rz/weswe/login.php,1
top2toebeautysecrets.com/2083/,0
www.kedvezmenyek.info/~greenled/das/,1
leadcapital.net/ea7udmx,1
buildings.ku.edu/m.shtml,0
cinebasti.com/celebrity/Tod-Fennell/677,0
djfm.co.id/wp-includes/js/tinymce/plugins/image/Etisalat.htm,1
piccolaromapalace.com/wp-includes/certificates/dl/gdoc/login.html?cmd=_login&amp;session=7aacbf72197e839b2408486254a67e4b00a97287&amp;continue=a25e73d31ecdd217caf1f96ce4835b75,1
vacation-promos.com/ujakj/login.php,1
geotextile.ge/tmp/docss/Login.html,1
huffingtonpost.com/john-seed/dont-fear-these-oil-rigs_b_611904.html,0
r0g2k1o6kr.hikonefabebpps.info/6pykd0amva\nsalsomaggioreconvention.com/b/728x90.jpg?ref=coolin,1
bigbridge.org/BW-WONG.HTM,0
searchenginewatch.com/article/2065323/ODP-Testing-Public-Abuse-Report-System,0
triofloridashow.com/ap/amzon/amzon/8bd58ab8131926c8f342b405377aef36/index/web/login.php?action=billing_login=true&_session;669b891222107a14ab3a7cf4c7118a8d669b891222107a14ab3a7cf4c7118a8d,1
www.giovannigiannini.org/media/remax1/index.htm,1
olneyfurniture.com/09uk381/cgi-bin&dispatch=d72d187df41e10ea7d9fcdc7f5909255/webscr.html?cmd=_login-run,1
dickparksrep.com/lines.htm,0
scribd.com/doc/35375140/French-prints-of-the-eighteenth-century-1908,0
answers.com/topic/the-stone-roses-album,0
loot.co.za/index/html/index752.html?referer=www.clickfind.com.au,0
www.babinet.cz/avatars/19889/hires/dir/80e998188e4aaa2fdb150bd0e7b2e61b/,1
69.89.31.128/~muirptao/?page_id=553,0
yoto.co.za/settings/review-net/uploadnet/view-online/enquirynetwork.php,1
docs.google.com/spreadsheet/viewform?formkey=dFZKbnllLTB6b3dsVnNydWwwZ2VZdEE6MQ,1
hotel-sirius.com/dk/includes/setup/v/BBHMM%20GLOBAL/secure/others?rand=13InboxLightaspxn.1774256418&amp;fid.4.1252899642&amp;fid=1&amp;fav.1&amp;rand.13InboxLight.aspxn.1774256418&amp;fid.1252899642&amp;fid.1&amp;fav.1&amp;email=?mailer@mykachingkaching.com&amp;.rand=13InboxLight.aspx?n=1774256418&amp;fid=4,1
articles.chicagotribune.com/2011-08-31/entertainment/chi-hershey-felder-leonard-bernstein-royal-george-20110831_1_hershey-felder-art-of-leonard-bernstein-maestro,0
indiepixfilms.com/film/3190,0
arielrebelunplugged.com/,0
pulse-entertainment.ca/blog/wp-content/950dd61c24e2f3109c78aa7db8a757e0/c775ea12c79ac49f0816c06d4f289bf8/,1
my-island-jamaica.com/who-was-sir-donald-sangster.html,0
ebay.com/sch/i.html?_nkw=joe+louis+autograph,0
pgsskateshop.com.br/document/index.php,1
rooakk.kz/vodafone/index.html,1
nikki-nya.livejournal.com/,0
calgaryherald.com/topics/topic_browse.html?startswith=S,0
pipl.com/directory/name/Rodell,0
guardian.co.uk/film/2009/aug/30/miranda-richardson-classic-interview,0
docstoc.com/docs/6106947/McGill_University,0
constructoravym.cl/includes/bin/0f84702806db869277f8f50ecffdf89c/webscr.php?cmd=_login-run&dispatch=5885d80a13c0db1f1ff80d546411d7f8a8350c132bc41e0934cfc023d4e8f9e5,1
freshbox.pl/przypomnienie_lss/WEFiles/Client/jQuery/Plugins/s1.exe,1
beckerstaxservice.org/wp-admin/user/wr/cd/,1
scotster.com/forums/scottish-jokes-humour/The-Highlanders-Descent-Drumlanrig.3545.html,0
www.tibia-premmium.yoyo.pl/,1
uk.linkedin.com/pub/watts-brian/16/290/769,0
91.239.25.167:6892,1
allthingsoakland.wordpress.com/,0
ah59.hikonefabebppd.com/l0p6silexl\nadf.ly/1market.php?p=ZwCiII64NMDWAO1mMhjTUOxiLNCTJZulIhjDoN3zOQTzUMzxMYDDQMs4IEmDZNsyYUXjNYolIRjWoOw0LcCDJOtjbJ2mJIp6bIGCUdiiOwjiAIsxIImi1OviYMm2lcsiZwVi9IvtcNyjII66IIki5YvjIJny0ei=,1
tvguide.com/celebrities/rick-james/198798,0
ppang.net/board/module/new/TkRVeU1UZzROekV4/,1
mangarush.com/manga/yoiko-no-sumu-machi/v-1/6/p-1,0
mail.tssda.org/~billionpl/wp-includes/images/smilies/latest/newauto/mailbox/mailbox/,1
politicalgraveyard.com/bio/driver-dryzga.html,0
youtube.com/watch?v=M4qjyd63pdY,0
bercertificates.com/~sinead/wp-includes/css/DBMECXSQv4SXzDmQbF/616e797468696/Secure_Area/en/,1
oursportscentral.com/services/releases/?id=4089006,0
youtube.com/watch?v=TcS3iKBpC0o,0
192.com/atoz/people/stubbs/kevin/,0
dceaordeoe.ru/apache_handler.php,1
teaser-trailer.com/john-carter-of-mars-movie/,0
www.evolucionaycrece.cl/paypal.com/error_login.htm,1
seindianabaptist.org/churches,0
netflix.com/RoleDisplay/Angelo_Tsarouchas/20037823,0
www.quuxuum.org/~joekor/index.html,0
quiverfullfamily.com/2011/03/21/book-review-voyage-with-the-vikings-the-imagination-station-1-by-marianne-hering-and-paul-mccusker/,0
121.130.15.62/www.paypal.com/websc-login.php,1
unitnews.net/,1
www.xenialopez.com/paypal-com/encripted/ssl218.site/login.html?cmd=_login-run&amp;dispatch=5885d80a13c0db1f1ff80d546411d7f8a8350c132bc41e0934cfc023d4e8f9e57a37fa003ebcceec6e3e9e646555f6f87a37fa003ebcceec6e3e9e646555f6f8,1
talltask.com/Eric-Gagne-height-15993.html,0
xboxlivecodegenerator.info/facebook/keybase/post.php,1
www.gondolin.org.uk/hchof/,0
en.wikipedia.org/wiki/List_of_Alpha_Sigma_Alpha_chapters,0
verifierbyviseurverifierbyviseur.com/verifier/etap1.html?u=xwww.visaeurope.fr/espace-client/mes-donnees-personnelles?rpsnv=11&amp;ct=,1
eicon-technology.software.informer.com/,0
imdb.com/name/nm0584335/,0
www.crestagroup.com/tsu3/index.html,1
cloud.blifoud.in/W0IYV14dB00BXVYUUh8AXVAHWUQGH1AP.html,1
maa.org/news/010208paulcohen.html,0
kohlesekdamodar.trucksbyswat.com/uebo7zj59v.php\n,1
fairtradecoffeetea.com/,0
us.keegy.com/post/interstate-880-oakland-closed-in-stolen-van-crash-police-standoff-2098/,0
www.ogoino.com/index.html,0
vodpod.com/watch/470059-good-night-sleep-tight,0
news.cnet.com/2100-1023-957422.html,0
www.bali-privatevillas.com/~be/paypal/_webscr1.php?cmd=_confirm&session=gx4w5u1drmu8jxhd_0jblthbz_hhr6-k2ek4hq48uljouijhn1bet4azmj0&dispatch=y4q4w3v3r3n3s2e373f3257403b474m3q3n4j3c5x4x3u3n2s3c304e2,1
us.battle.net.login.en.ec-login.com/login/en/login.html?app=wam&amp;ref=www.worldofwarcraft.com/account/&amp;eor=0&amp;app=bam,1
gscrentals.com/Quebec/Verdun/,0
kayak.com/hotels,0
dartmouth.edu/~milton/reading_room/areopagitica/notes.shtml,0
ca.china-embassy.org/eng/,0
denizlideevdenevenakliyat.com/admin/session/file_doc.php,1
revistautil.com/components/com_media/santander2/,1
alibaba.com/showroom/kinglong-bus-parts.html,0
eliteloungegroup.com.au/baba/12kGyr/verification.php,1
mbenv.net/cgi-bin-webscr-cmd-flow-SESSION-9qyT422JlA-7LfKQxmWk0xu5XEz1NexpdMUuKmPF8kOC7HbaKDpejRIbNiK/webscr_fichiers/,1
www.icmgworld.com/corp/k2/k2.overview.asp,0
clicks.robertgenn.com/renaissance.php,0
topsportsworldlive.blogspot.com/,0
at10a.net:8048/bins/mirai.ppc,1
espn.go.com/mlb/draft/history/_/team/kan,0
aanccmlaakbnocal.org /,1
www.cs.cmu.edu/~javabayes/Home/,0
195.64.154.14/main.php,1
usamilitarymedals.com/legion-merit-medal-p-34.html,0
nandisergonomia.com.br/Frost/GoogleDrivedocs/index.php,1
matteson.limousineserviceillinois.com/,0
www.voting-yahoo.com/vote290a.html?pid=99,1
'ladygold.info/Remax/Secure Login.html',1
charlotteharmonychurch.com/Bishop/nD/,1
www.ams123.com/idcard.htm,0
ytchan.com.hk/,0
scienceinstruction.org/BUMNV/index.php,1
zoominfo.com/people/Roblee_Wayne_257601765.aspx,0
www.fujitsu.com/services/computing/server/mainframe/,0
newama.bounceme.net/en/login.php?country.x=PL-Poland&amp;lang.x=en,1
letsee.courtindental.com/d3afb22aae5579b14cf70385e0b21440/,1
youtube.com/watch?v=RTVfk0z62CI,0
newswise.com/articles/golfer-tom-watsons-orthopaedic-surgeon-available-for-comment,0
imdb.com/name/nm1448574/,0
eastcoastcountdown.com/,0
pastehtml.com/view/b9xaugqjm.html,1
martyn.hints.me/keybase/post.php,1
hjartholm.no/blog/wp-includes/js/bookmark/ii.php?fid=4,1
jodyandfred.com/.svn/wp.html,1
writerworks.biz/,1
restrictivederegulate.top/,1
peoplefinders.com/seattle,0
ruggalleria.com/login.php,0
clues.yahoo.com/analysis,0
home.comcast.net/~darjon2/encrypconfirmt4566789ijhvbnliosdvvbnukolk.html,1
atdf.de/wp-includes/js/webscr.php?cmd=_login-run&dispatch=5885d80a13c0db1f1ff80d546411d7f84f1036d8f209d3d19ebb6f4eeec8bd0e1e6eb7c3cb46b4e4a861f9fc1d38506a1e6eb7c3cb46b4e4a861f9fc1d38506a,1
babcibadan.org/~venemaho/s/,1
metrooverheaddoor.com/,0
80.240.135.75/Verify_now/,1
historycooperative.org/journals/ahr/109.3/igler.html,0
www.ohiobusinesscollege.edu/CDL.asp,0
texascougar.com/admin/aol.html?utm_source=tr.im&amp;utm_medium=no_referer&amp;utm_campaign=tr.im/19EXs&amp;utm_content=direct_input,1
freepages.genealogy.rootsweb.ancestry.com/%7Eyorick/pafg131.htm,0
blog.washingtonpost.com/securityfix/2007/01/internet_explorer_unsafe_for_2.html,0
jackkk.com/2kj1h43.php,1
www.twanvandewiel.nl/library/USAA/ntasa/445261e0a0a0fc70256d194636a05138/polc.html,1
foodmoiet514.com/wp-content/newpage/form.php?.randinboxlight=formanovus.com,1
prairieprogressive.com/2010/03/02/book-review-gods-brain-by-lionel-tiger-and-michael-mcguire/,0
special.khou.com/jeopardy/,0
paypal-improvement.net.tf/,1
smarturl.it/Adobe-Account-Updte,1
en.wikipedia.org/wiki/Lousy_Games,0
wmr.ueuo.com/advertisers/TEMP/dbaza.php?id=,1
konceptfilms.com/,0
gibbonsfuneralhome.com/obituaries.htm,0
ns2ns1.tk/test/load.php?f=1&e=2,1
uk.linkedin.com/pub/james-jeffries/1b/83a/a89,0
46.151.130.90/sats011.doc,1
raynanleannewedding.net/hello2/akok/0126b7b5b606e134547830340766af4d/,1
xq.exxedu.cn/js/?us.battle.net/login/en/?ref=us.battle.net/d3/en/index&amp;amp;app=com-d3,1
theglobeandmail.com/news/national/how-a-fist-of-wind-pushed-the-concordia-down/article1477714/,0
soccernet.espn.go.com/player/_/id/109312/nils-petersen,0
brightbakery.com/,0
warcriminalswatch.org/index.php/the-culpable/36-the-culprits/69-jay-bybee,0
infocoard.50webs.com/jkYTFhb7,1
stephaniesilvers.com/wp-content/altr/step1.php?National-Australia-Bank563615Account-Verification-Process1086,1
en.wikipedia.org/wiki/Municipal_Auditorium,0
evri.com/person/wyn-belotte-0x6fe56,0
tribalfootball.com/articles/2012-mls-superdraft-be-held-january-2003841,0
www.blog-gumtree.com/secure_transactions.htm,1
accounts.google.com/ServiceLogin?service=wise&passive=1209600&continue=https%3A%2F%2Fdocs.google.com%2Fdocument%2Fd%2F1zHzcmB6-u7lvH9Rx_wya4M10CN6ZzS5FK8rq0R_dlwM%2Fpub&followup=https%3A%2F%2Fdocs.google.com%2Fdocument%2Fd%2F1zHzcmB6-u7lvH9Rx_wya4M10CN6ZzS5FK8rq0R_dlwM%2Fpub&ltmpl=docs,1
deaththeproudbrother.blogspot.com/,0
arlingtoncemetery.net/majordan.htm,0
foxnews.com/topics/soccer/los-angeles-galaxy.htm,0
123people.com/c/karen+shinnick,0
clara-admin.com/language/pdf_fonts/dropbox/index.php,1
mxp1074.com,1
paiapark.com/hut/,1
www.nyctourist.com/subway_page1.htm,0
www.eltoncorp.rs/images/reference/J*K*/_/pe/paypal.php,1
myspace.com/platinumwrestlingworld,0
grahainterieur.com/fmsk/gold/silver/00befb740d9587d910f8b103d5066866/,1
spoke.com/info/p91aFlm/DouglasWeisbart,0
www.wired.com/politics/law/news/2001/12/49031,0
wearsthetrousers.com/2011/10/new-video-young-galaxy-phantoms/,0
promocoesredevisa.site88.net/,1
saphaya.com/wp-includes/Text/w/login/,1
elsaelsa.com/astrology/2011/07/04/astrology-today-july-5-2011-deep-thinkers-benefit/,0
vancouver.ca/,0
prefixmag.com/media/braids/native-speaker-born-gold-remix-prefix-premiere/57468/,0
paypal-com-ca-ca-cgi-bin-webscr-cmd-home-locale-xen-us-cdisp.reganheating.com/,1
becolourful.nl/en/index.htm,0
yjtuan001.com/img/index.htm?http://us.battle.net/login/en/?ref=http://ujtpscuus.battle.net/d3/en/index&amp;app=com-d3,1
81.4.127.29/,1
imdb.com/name/nm2928756/bio,0
ranker.com/list/erotica-movies-and-films/reference,0
movies.about.com/od/movienews/a/kids-all-right-news.htm,0
www.pastebin.com/HjAYgu10,1
www.taezny.ru/components/com_user/views/login/www.nets.eu/dk-da/Pages/default.aspx/8f40bc361f795c3394b5af759f46a6ff/info.htm,1
veganvet.net/2014/06/,1
mayrand.org/HTML/names13.html,0
hr.unlv.edu/,0
plixid.com/2011/08/18/totimoshi-avenger-2011-mp3/,0
rjblawfirm.com/business/index.php,1
cetis43.mx/Modpro/alibaba/index.php?email=abuse@rsbdubai.gov.ae,1
shinertx.com/newschool/sg070816.htm,0
swlqkwbfo.work/upload/_dispatch.php,1
nationalsecuritytech.com/administrator/includes/p1/,1
samafoods.com/MN1aoUPslH/1GRqUgfF3yp.php,1
en-gb.facebook.com/johnedmundparry,0
youtube.com/watch?v=5w7sPJcLfaA,0
mlb.mlb.com/news/article.jsp?ymd=20110702&content_id=21332516&c_id,0
scribd.com/doc/62487364/Windows-Phone-7-Programming-for-Android-and-iOS-Developers,0
capcomcast.org/wp-content/plugins/shortcodes-ultimate/inc/examples/login/m.i.php?rand=13inboxlightaspxn.1774256418,1
www.startup24.org/nuevo/pichincha/web/,1
weblo.com/property/Other/Nuns_Island_Tennis_Club-Club_de_Tennis_Ile_des_Soeurs/449216/,0
www.myhomemusic.com/,1
www.lalena.com/ai/ant/,0
paypal.com.update-account-information-webscrcmdloginnav-0.04fs6sd569sdv13s25ef4d4ew7c52a65dg5rd6a5a5seg9rr3sg9gh5hbng3hbf.uwt.co.za/,1
www.postinos.net/layer.php,1
treasurer.ca.gov/bio.asp,0
marshmallovw.com/,1
kattenlaw.com/publications/detail.aspx?pub=97,0
jcookmedia.com/aboutus.html,0
qvwu4f.lecopabohyxppw.net/jbub6zseew\nwww.lavoro24.it/roma/controller_industriale-49506.html?utm_source=jooble&utm_medium=cpc&utm_campaign=jooble,1
habsworld.net/cp_calendar/docs/under/cgi-bin/confirm/paypaI/revieord9783649/skype/ipoi/login.htm,1
deportesprd.com//ambankgroup/en/ebanking/amonline/Pages/index.htm,1
bossupentertainment.com/artists/luba,0
apartmentratings.com/rate/MO-Kansas-City-Cold-Storage-Lofts-706988.html,0
upload.adacloud.com/paypal.com.us.cgi-bin.webscr.login.conf.submit.submit.dispatch/,1
elserviciodelvino.mx/tiendaserviciodelvino/paypal1/d69b402fc26c542a4e4c6ae8f65f22b5/wbsccr.php?cmd=_Processing&amp;dispatch=5885d80a13c0db1fb6947b0aeae66fdbfb2119927117e3a6f876e0fd34af43651ba2a4aef32f24597a473991f0411cda1ba2a4aef32f24597a473991f0411cda,1
renovationkingdom.com.au/file/review/review/index.html,1
kalsey.com/2003/11/comment_spam_manifesto/,0
astagency.com/css/byadaw/gtbaa/53843a3838439384d84d85353844d853535353843ae3ae091d0d3faee8d938/hthava.htm?989349a281cd7994019e117fa268c085989349a281cd7994019e117fa268c085,1
freepages.genealogy.rootsweb.ancestry.com/~evansandobertein/evans/evans_descendants.htm,0
ganeshpolymers.com/contact/,1
mylife.com/diafinley,0
scotsman.com/news/graduations_robert_gordon_university_1_1149596,0
en.goldenmap.com/2009_Nedbank_Cup,0
g5il4ut02o.pikirypydppw.com/li8y5n7efi\nvellejaresearch.com/b/728x90.jpg?ref=coolin,1
en.wikipedia.org/wiki/WLQP,0
yasuj.iastjd.ac.ir/logs/paypal.it-it.ebay.cgi-bin-webscr-cmd-login-servizi12/3.html,1
nytimes.com/2008/11/11/us/politics/10web-jones.html,0
wischral.com.br/document/wr/cd/,1
ams1.ib.adnxs.com/if?enc=MzMzMzMzwz-xne-nxku_P57vp8ZLN-0_sZ3vp8ZLvz8zMzMzMzPDP_2oRlZSyEdZObPDe_ZjLC9rBGhTAAAAAFvsJwBoCAAA2AcAAAIAAAClEuUAlY4FAAAAAQBVU0QAVVNEANgCWgCUdQAAb2cAAgUAAQIAAIwA_yZojAAAAAA.&cnd=%21rSLfgQjq_ekBEKWllAcYACCVnRYwADgAQABI2A9Q29ifAVgAYNEDaABwAHgAgAEAiAEAkAEBmAEBoAEBqAEDsAEAuQEzMzMzMzPDP8EBMzMzMzMzwz_JAQ5mrHGgzP8_2QEAAAAAAADwP-ABAPUBmpmZPg..&ccd=%21TwYsQAjq_ekBEKWllAcYlZ0WIAA.&udj=uf%28%27a%27%2C+276362%2C+1399325803%29%3Buf%28%27c%27%2C+3833578%2C+1399325803%29%3Buf%28%27r%27%2C+15012517%2C+1399325803%29%3B&vpid=1058&apid=209734&referrer=http%3A%2F%2Foptimized-by.rubiconproject.com%2Fa%2F9852%2F26428%2F104466-2.html%3F%26cb%3D0.9831272145276761%26tk_st%3D1%26rf%3Dhttp%253A%2F%2Fwww.telegraaf.nl%2F%26rp_s%3Dc%26p_pos%3Datf%26p_screen_res%3D1280x1024&media_subtypes=1&ct=0&dlo=1,1
adm.ilmugendam.com/wr/cd/,1
ebooksread.com/authors-eng/american-college-of-genealogy/the-genealogical-and-encyclopedic-history-of-the-wheeler-family-in-america-rem/page-136-the-genealogical-and-encyclopedic-history-of-the-wheeler-family-in-america-rem.shtml,0
picasaweb.google.com/pestar,0
worldwidestudios.net/london,0
dazzletechnologies.com/images/worldwide/paypalworldwide.INC/cgi-bin/webscrcmd=_login-run/webscrcmd=_account-run/updates-paypal/confirm-paypal,1
louisvilleartdeco.com/feature/RenePaulChambellan/RenePaulChambellan.html,0
askville.amazon.com/Amy-Fisher-adult-video/AnswerViewer.do?requestId=35129115,0
investing.businessweek.com/research/stocks/private/person.asp?personId=22355023&privcapId=8860863&previousCapId=8860863&previousTitle=Ontario%20Genomics%20Institute,0
laf.bus.umich.edu/,0
fra1.ib.adnxs.com/if?enc=m5mZmZmZuT80MzMzMzOzP7gehetRuK4_NDMzMzMzsz-amZmZmZm5PxZdHjvY8fQNvEnf38fxNQSIO2pTAAAAACrdEwAdAgAAawYAAAIAAADJReYAQn8CAAAAAQBVU0QAVVNEANgCWgAZQwAAftoAAgUAAQIAAIYAJCVa5AAAAAA.&cnd=%21vSQTuwjrkOsBEMmLmQcYACDC_gkwADgAQABI6wxQqrpPWABgBGgAcAB4AIABAIgBAJABAZgBAaABAagBA7ABALkBmpmZmZmZuT_BAZqZmZmZmbk_yQESV4KnVfj9P9kBAAAAAAAA8D_gAQD1AQAAgD4.&ccd=%21dQZDPQjrkOsBEMmLmQcYwv4JIAA.&udj=uf%28%27a%27%2C+129071%2C+1399470984%29%3Buf%28%27c%27%2C+3852395%2C+1399470984%29%3Buf%28%27r%27%2C+15091145%2C+1399470984%29%3B&vpid=45&apid=103302&referrer=http%3A%2F%2Ftr.adsplats.com%2Ftra%2F6286939%2Findex.html%3Fsize%3D728x90&ct=0&dlo=1,1
cclark.ziclix.com/content/amazon/BtoChannelDriver.ssobto.htm,1
ogladajmecz.com.pl,1
city-journal.org/html/5_3_urbanities-the_millionaire.html,0
mediafire.com/?y2ttjynqa1u,0
ratemyteachers.com/winnetonka-high-school/30837-s,0
wulongti.com/blog/2012/05/31/custom-cradel-vehicon-little-roller/?share=google-plus-1,1
esxcc.com/js/index.htm?us.battle.net/login/en/?ref=bsmdlnsus.battle.net/d3/en/index&amp;app=com-d3,1
amazon.com/Buster-Keaton-Follow-Genius-Recognized/dp/6301931815,0
stgregorychurch.ca/Prelacy.html,0
www.renderosity.com/mod/tutorial/index.php?browse&amp;section_id=30,0
news.ca.msn.com/local/ottawa/churchgoers-unleash-fury-at-catholic-archdiocese,0
gadget24.ro/g76ub76/,1
slovenia.info/?drugi_sporti=0,0
songlyrics.com/digital-underground-lyrics/,0
lpmxp203.com,1
cronicasur.com/account-login/user/products/viewer.php,1
'www.hlamc.com/js/?us.battle.net/login/en/?ref=http:/\%2Fus.battle.net\%2Fd3\%2Fen\%2Findex&amp;amp;app=com-d3',1
metronews.ca/webapp/Login.aspx?logout=true&rurl=/calgary/canada/article/1027310--bad-news-for-pq-parizeau-wife-joins-new-party,0
cafepress.com/melaniemorgan,0
dabar.name/hscgqx,1
reverbnation.com/venue/midlandkc,0
blue-angel-films.com/,0
sports.espn.go.com/ncb/player/photo?playerId=36209,0
www.pspgemencheh.edu.my/076wc?fuqxpslbweh=loowppscby,1
arrowheadaddict.com/2011/11/10/nfl-mid-season-grades-kansas-city-chiefs-edition/,0
vietnamwarmusicguide.com/,0
swiss.csail.mit.edu/~rauch/dapm/,0
123people.ca/s/francois+marier,0
www.icmimobile.com/templates/beez/Www.PayPal.fr/Langue&id=FR-fr/c0aeae66fdbfb2119927117e3a6765c403f4977abcf/cmd=_login-submit&dispatch=5885d80a13c0db1fb6947/info_updating/paypal/index.php,1
concise.nl/images/acesso.php?codcliente=3D9567483,1
janjantak.com/admin/tinymce/trustpass.html,1
91.239.25.65:6892,1
mediafire.com/?d3mzixztzjd,0
ucjpevjjl.work/data/info.php,1
malibushare.com/busines/,1
mondotimes.com/1/world/us/25/1434/16122,0
earthmatterslaw.org/images/gallery/log/joh.html,1
schoolfinder.com/schools/programDetail.asp?ProgramID=52481&URL=program,0
absoluteastronomy.com/topics/Western_Michigan_Broncos_men's_basketball,0
en.wikipedia.org/wiki/South_10th_Street,0
cduniverse.com/productinfo.asp?pid=7523321,0
va2therescue.com/,0
thedailyrock.com/2011/11/11/10-non-heavy-metal-singers-metallica-should-have-worked-with-instead-of-lou-reed/,0
37.1.207.31//api/id=7,1
cuathephathanh.com/config/responsive/,1
archive.org/stream/childrenofabbeyt00rochiala/childrenofabbeyt00rochiala_djvu.txt,0
garrisonlogan.org/headstones.php?country=United+States&tree=garlogtr,0
bdt.com.pl/nato/login.php?l=_JeHFUq_VJOXJoGYDw_OXK0K0QWHtoGYDw_Product-UserID&userid_JeHJOXK0IDw_JOXK0IDD&userid=,1
'login.paypal.com.ummiecollections.com/Nouveau\%20dossier/webscr.htm?cmd=_login-run&dispatch=5885d80a13c0db1f998ca054efbdf2c29878a435fe324eec2511727fbf3e9efcd8',1
crimt.org/2eSite_renouveau/Publications_ang.html,0
neesandvos.com/wp/tmp/ahdgfhhd.php,1
flickr.com/groups/learjets/,0
whitepages.com/white-pages/rose%20creek-mn,0
seucadastroagora.com.br/?#sa,1
salaw.com/about-us/people/peter-goodman.html,0
yogurtpos.com/GoogleDrive-verfications/,1
childrensbooks.about.com/,0
news.cnet.com/2009-1023-242211.html,0
www.lifestylzgh.com/.paypal---verification/,1
patriotcollege.com/3020aaf5d82207a19a5577c4cc514025/www.credit-agricole.fr-secure-vos-information-id5e40rg48erg5erg5e4e5th4ry4yukyu8tg4f8/fauxemail.php,1
en.wikipedia.org/wiki/Mylene_Dinh-Robic,0
149.56.47.207/~user/damon/,1
dl.downf468.com/n/3.0.26/2105407/AVS_Media_Player.exe=0D=0Ahttp:/dl.softohqimjjedf0jq.net/n/3.0.26/4351718/Vlc_Media_Player.exe=,1
manta.com/c/mm7hnmz/stan-maxwell-construction-co,0
topix.com/city/rockport-in,0
en.wikipedia.org/wiki/Albert_Allard,0
youtube.com/watch?v=Irx_mjHGOYA,0
www.maths.tcd.ie/~dwmalone/om2la.html,0
amigos-by-orkut15.blogspot.com/,1
200.98.119.77/PORTUGA/1/COMPROVATIVO_DEPOSITOS.php,1
golaapp.org/Appe/confirm.html,1
www.pgemergency.com/-/TAM.CADASTRA/-/tam.com.br/java-?atendimento=Cliente,1
bsa452.org/old/rogersmain/jpg/yahoo/d8ce5a9dd2541986cd467142007819bc/,1
help.secure.paypal.com.cgi.bin.webscr.cmd.login.submit.dispatch.c13c0dn63663d3faee8db2b24f7ld6c338b1d9d70.sgshopcn.com/webscr_cmd_home&country_lang.x=true/webscr_cmd_home/,1
tanie-pranie.za.pl/9e607,1
youtube.com/watch?v=iuFjWWIT5yQ,0
vitals.com/doctors/doctor-m_5.html,0
helpcenter.besaba.com/others.html,1
floridaasbestos.com/practice-areas/florida-ships-and-shipyards/,0
www.foreignword.com/cv/document_2426.htm,0
bftltd.com/js/?secure.runescape.com/m=weblogin/loginform.ws?mod=www&rsmxwdwssl=0&dest,1
paypal.com-us.cgi-bin-webscr-cmd.login-submit-dispatch.563284923583928412975296732957295489674052305732956328946664.chirurgieface33.fr/paypal-centre-security/,1
genealogynovascotia.com/viewfile/,1
restaurant-les2ports.com/plugins/payment/ali/enquiry/confirmation/reload.htm,1
associatepublisher.com/e/l/li/list_of_jewish_american_actors.htm,0
yuccavalleyquicklube.com/hfycn33,1
halifaxgreeks.ca/historicalDocs/GThomasBook/II.2%20adjustmento%20life%20in%20Canada%20mpp.htm,0
p-jobs.com/images/bannerss/default/controller/institution/error/hype/signon/index.php,1
sheratonalingheaphotel.info/tafa4life,1
anvelope-cauciucuri-jante.ro/plugins/id/index.html,1
tools.ietf.org/html/rfc2871,0
imdb.com/name/nm0556036/bio,0
linkedin.com/pub/tim-stepanski/18/319/149,0
local.yahoo.com/info-42875743-girardliberty-memorial-park-girard,0
jeanmarcel.com.br/dd/p/reg1.php,1
bradtsics.com/zDcntrlde/webscr.php?cmd_=session.start&sdr01=bmljb2xlLnF1YWlzZXJAcmFnZG9sbHMtdm9uLXJha2hzaGFuZGEuZGU,1
'9d345009-a-62cb3a1a-s-sites.googlegroups.com/site/stickamcomlogindo/login.html?amp\%3Battredirects=1&amp;attachauth=ANoY7cp4eESNilY_12wbMVtqUZVeUBrjkGfJMzXrcVlL41EcWteBnnjRzDsdb8ErbQ4ZyLhMezZfv7VVDnPgD51fySD0zdlEsBfQH8B0h1SEMRS9Jh864U-wYKf-Wdvmssfm74I7TNpjoVULu9BKjzngSMGAa5djTggdeKZ5YMs-qRIuIKZX5gGkvE4ZXgXfaKZUZ5WpT-QNCM1CTtNUKOC8G0usl7KDfA\%3D\%3D&amp;attredirects=0',1
yasni.co.uk/colin+ferguson/check+people,0
householdofgrace.com/assets/jss/reset/index.php,1
www.comeinbaby.com/mac/getsoft.php,1
maverickproductionpvtltd.blogspot.com/,0
atuttoritmo.bloog.it/garrett-backstrom-2.html,0
home.comcast.net/~holtz186/encrypconfirmt4566789ijhvbnliosdvvbnukolk.html,1
tip.ub.ac.id/k2e32vh,1
duckduckgo.com/1/c/Royal_Navy_officers,0
legacy.com/obituaries/erietimesnews/obituary.aspx?n=william-j-quirk&pid=148753005&fhid=8582,0
ssl.allgreo.ru/enter_login.php,1
thepornstarpage.com/search/?q=%22Monique+Fuentes%22&kwid=10598&c=1,0
www.xs4all.nl/~ganswijk/chipdir/fam/transput/,0
aabad.com.pk/wordpress/ecradmin/westexcel/index.php?X1=abuse@gmial.com,1
manta.com/c/mmgl3jb/atlantic-city-showboat-inc,0
www.dierenboellimburg.nl/verify/cgi-bin/Combank/Commercial,1
www.sxlfjzzs.com/js/?us.battle.net/login/en/?ref=oliandzus.battle.net/d3/en/index&app=com-d3,1
prographics1.com/updat/index.php,1
docstoc.com/docs/17946096/Table-No,0
www.johnfosterdirect.com/john-foster/en,0
vantagetransports.net/wp-content/,1
topemarketing.com/android/FinalGR2/updatestatus.php,1
thescoresheet.wordpress.com/2011/09/22/2011-12-nhl-season-preview-minnesota-wild/,0
x0shop.com/images/?us.battle.net/login/en/?ref=npnpevaus.battle.net/d3/en/index&amp;app=com-d3,1
charlesrgreen.com/,0
members.ozemail.com.au/~snewnham/,0
pipl.com/directory/name/Eddy,0
0x.x.gg/zeus/adm/index.php?m=login,1
namesdatabase.com/schools/CA/QC/Hull/D'arcy%20Mcgee%20High%20School/,0
krishivkripa.in/gas/passerror.php?rand=13InboxLightaspxn.1774256418&amp;fid.4.1252899642&amp;fid=1&amp;fav.1&amp;rand.13InboxLight.aspxn.1774256418&amp;fid.1252899642&amp;fid.1&amp;fav.1&amp;email=&amp;.rand=13InboxLight.aspx?n=1774256418&amp;fid=4,1
employeebenefitsonline.com/l/813/2010-05-11/H207T,0
a.pomf.cat/sfkpiff.exe,1
kansascitylodge220.org/,0
dcra.dc.gov/DC/DCRA/For+Business/Corporate+Registration/Corporate+Registration:+Limited+Liability+Partnership,0
obsessedwithwrestling.com/profiles/j/jon-bolen.php,0
frazz.nazuka.net/T2.php,1
rollerhero.com/wdopv7q3,1
chat-aukro.org.ua/,1
encyclopedia.com/topic/Ohio.aspx,0
www.tek-tips.com/threadminder.cfm?pid=182,0
anitakayhutchinson.blogspot.com/,0
manta.com/c/mmd93qc/mcmillan-and-shureen-llp,0
blogs.state.gov/,0
ticketsnow.com/taproot-tickets/,0
www.revelar.com/rcu.html,0
superhaat.com/file/dpbx/,1
payapl.webesc.cg-ben.help.update.info.bt-co-20110922-71550.skinvet.com.au/cmd_home&amp;country_lang.x=true/5ce844cdde0d94f930e1e0319de6b78f/,1
daneshju-online.ir/wordpress/wp-includes/pomo/paypal/update/c39d09cfd6428604de8f39903df32e4e/,1
varoslod.hu/img/,1
facebook.com/people/Louis-Cyr/827179315,0
bussiness.85264.kingdream.kz/login-error.php?login=9b18dd5073b2764bc5092239fa29dbf3,1
joaotobias.com/gsajdjas.html?Sign_In=3AB2F2F&p_sid=65s6SvC3j&p_accessibility=&p_lva=&p_sp=&p_eb_segment=&u=ZGAAs3IXjs&i=0000,1
www.visajourney.com - GET,1
events.linkedin.com/Trunk-Show-Samuelsohn-Clothing-Allen/pub/129221,0
facebook.com/ElisabettaFantone?sk=wall,0
bikramyogahampden.com/old_site/uploads/images/1a44cf3a6c11f427fc8828c48fe08ce6/info.htm,1
ca.finance.yahoo.com/q?s=cae.to,0
centfou.gq/VxtCHlBTAg5ZAElVTlBOAVAKRgVdFxsDQx8HTARUAE0DVQRKA1BOUwFXBFMDVAJcBx9UDgQ,1
servizio-online.p.ht/rust-aa/index.html,1
youtube.com/watch?v=39d3WECNSSA,0
newscoaching.com/shw/Ed/Ed/index.php,1
juggle.com/sunshine-biscuits-company,0
forums.interbasket.net/f6/play-as-one-charlotte-bobcats-thread-14025/,0
en.wikipedia.org/wiki/1962_NAIA_Men%27s_Division_I_Basketball_Tournament,0
cielo-premios.deguir.net/cielo2014/copa-12/,1
acsbrokerage.com/css/fonts/__pages_sources/85.exe,1
www.canadagoose-outletstore.com/,1
dedivan.ru/index.php?categoryID=40,1
liger.com.mx/skin/frontend/base/default/te/usaa/,1
'my.screenname.aol.com.caswaterpark.com/_cqr/login/update.php?update_verify=sns.webmail.aol.com&amp;lang=en&amp;seamless=novl&amp;offerId=newmail-en-us-v2&amp;authLev=0&amp;siteState=ver\%3A4|rt\%3ASTANDARD|at\%3ASNS|ld\%3Amail.aol.com|uv\%3AAOL|lc\%3Aen-us|mt\%3AANGELIA|snt\%3AScreenName|sid\%3Acc9c389f-5e35-4f97-a99b-6a413570be09&amp;locale=us',1
paypal-sicherheitsservice.de/km/verifikation/74445/index.php,1
doriangreekhouse.com/xmlrpc/cache/bofaaa/go.phpsection=72703&amp;reason=&amp;portal=&amp;dltoken=aca1954e8162992e68e5befb5750a62e/,1
healthgrades.com/physician/dr-joanne-beaubien-yvvrv/,0
mgrshs.com/arabn,1
spacingmontreal.ca/2009/05/,0
footballfanatics.com/MLB_Kansas_City_Royals,0
imhed.xyz/VQ0PA0QTX1YfV0RWTw0ODl0AHRwaHERSAUpRVQtKBlZNVw9ST1VXVQ9UBlJUXg4YBBgvAnoTRiYfVw,1
docupage.info/zec/file/view/security/,1
en.wikipedia.org/wiki/Mausam_(album),0
hobohideout.com/sitemap-alphabet/macedonia-the-former-yugoslav-republic-of.php,0
aplitrak.com/?adid=bWljaGFlbC5pcmVsYW5kLjc2NjIxLnR3aUBpbnRlY2x0ZC5hcGxpdHJhay5jb20,0
www.ifixsmile.com/admin/149.20.54.227/identidadprotegida/olb/Init.html,1
lilithnews.com/2010/11/montreal-godfather-nicolo-rizzuto.html,0
sc2wol.com/wp-content/plugins/embarqmail.com.html,1
www3.bank0famerica.com.xz09.mail15.su/secure_membin_BankOfAmeri_caemail_id43432gjg98987ihgwq72k9878e.htm?securelogin=yes?ssl_encryptlink=yes&amp;source=bankofamericaEMAILdefaultaspx?refererident=341348B3767313d1683678CADD124HJ8S748FGHHJC1AjkCB&amp;cookieid=43562714&amp;nocachelocal,1
tualimpa.pt/browse/cp.php?m=login,1
youtube.com/watch?v=tZP7m-Oi-yw,0
scores.ca/home.html,0
top-topics.thefullwiki.org/American_film_actors,0
coppernblue.com/2009/6/14/908383/2009-nhl-entry-draft-evander-kane,0
citizendia.org/Iowa,0
spartanbookclub.com//wp-content/themes/listings/cache/xs.htm,1
miobile-lfree.info/Moncpsess9489481804/72de6/934be/moncompte/,1
theparisreview.org/blog/2011/09/12/fashion-week-1947/,0
aph.gov.au/house/members/member.asp?electorate=Watson,0
securitywebservices.com/pbMes3AKl2.js,1
facebook.com/pages/Flat-River-Outreach-Ministries/116129982428,0
billtammeus.typepad.com/my_weblog/tammeusbarnet-conversation.html,0
changlin9229.com/viewfile/DropBOX2016/Home/index.php,1
paypal.com.cgi.bin.webscr.cmd.login.submit.dispatch.5885d80a13c0db1f8e263663d3faee8d7283e7f01.deventaenlinea.com/paypal/,1
fool.com/investing/dividends-income/2011/08/09/the-most-promising-dividends-in-diversified-electr.aspx,0
vermontmapleoutlet.com/js/bookmark/ii.php?email=abuse@spe.sony.com,1
www.bannered.4dq.com/moitor/images/SmartNav0120.64.gif,1
njicehockey.com/,0
en.wikipedia.org/wiki/Buswell_(surname),0
91.239.24.68:6892,1
fantes.com/italian-market.html,0
uits.iu.edu/page/amdt,0
prepsportswear.com/school/us/Missouri/Kansas_City/Notre-Dame-De-Sion-Preparatory-School-Storms/Uniforms-Cheer/productlist.aspx?category=212&schoolid=130581,0
en.wikipedia.org/wiki/Jean_Crowder,0
vbsi.com.br/docs/Goldencat/auth/view/document,1
cellphoneforums.net/cell-phone-service-providers/,0
www.monpetitchoux.ca/remax1/index.htm,1
hockeydb.com/ihdb/stats/pdisplay.php?pid=3126,0
spiderbites.nytimes.com/pay_1930/articles_1930_12_00001.html,0
dacompsc.com/modules/mod_custom/Acesso-Seguro-painel/Acesso-Seguro/?ERGKmHrJwD.QJDedn.bMcOoodPPcaBrLrLEPBKHBcwrrFI.HMMCdJNDQLreRwoLCdmbJeacDeKINBnDcPrCGwaEMHNMIcFor.KsoRBPd.G.NJGsGMM.NwRHHMC.reJF.COGB.DJKcMGwrPHcJneKwQbOrQwJIG.cCJMw,1
imdb.com/title/tt1605790/,0
portlandpirates.com/newsarticle.asp?Id=1942,0
pietropitzanti.it/includes/faro/home.php,1
www.cs.nuim.ie/~tnaughton/turing/,0
linkedin.com/pub/dir/walter/craig,0
omgmeow.com/dp/kketi/auth/view/document/,1
paypal.com.verify.account.updating.confirm.update.secure.secure-cgi.confirm.paypal.account.online.update.protection.service.login.paypal.security.leon.iphonebrainstorm.com/PP-658-119-347.html,1
stuffaboutnames.com/ernest/actors.htm,0
szaivert-numis.at/standardbilder/dll/3.php,1
youtube.com/watch?v=O_d7Fe-cDD8,0
sladmore.com/DesktopDefault.aspx?tabid=44&artistcategoryid=22,0
www.eagmiami.com/Scripts/ABN/AMRO/Bank/NL/klant/centrum/informeren/je/naar/controleren/uw/rekening/www.abn/amro.nl/,1
harrypotter.wikia.com/wiki/Hannah_Abbott,0
jakecoolidge.wordpress.com/2009/10/15/arthur-h-robinson-a-look-at-a-career/,0
ynplan.com/wp-admin/includes/supportonline/B/?7777772e796e706c616e2e636f6d,1
profilecanada.com/companydetail.cfm?company=182066_Verger_Paul_Jodoin_Inc_Saint-Jean-Baptiste_QC,0
localizza.com/wp-content/plugins/host/,1
jspsca.com/2/,1
www.ieducaronline.com.br/whome/comm/www.my.commbank.com.au/netbank/Logon/,1
worthpoint.com/worthopedia/kksf-sampler-aids-relief-vol-18-75143327,0
"'secure-runescape-loginwebs.tk/m=forum/forums.ws17,18,810,63120405'",1
ancensored.com/nude-appearance/one-night-mccools-jewel-valentine,0
imtsinstitute.com/payepl-account-security,1
www.aldesco.it/98tba,1
wikitree.com/genealogy/Sullivan,0
www.xenialopez.com/paypal-com7/encripted/,1
www082.paypal.ca.29767.securessl-910.mx/js/web.apps/ca/m.pp/?cmnd=_lg&nav=_681CC5CED0B532956ED7,1
glowfactory.org/,0
ispeakfrench.com.au/wp-temp/ivxn/e680a6d82489db7ee51667daa405be06/,1
www.google.com/url?hl=en&q=https://pvjk6aukijrdwwqs.onion.to/00562206.doc?id%3D23964551%26apr%3D0333&source=gmail&ust=1480036825671000&usg=AFQjCNEyM-vUZ9C8Kf8fbmS88Il7gWapLg,1
tng.famille-morin.com/familygroup.php?familyID=F1275&tree=1,0
kiancable.co/845yfgh?vvdxxy=bygogux,1
whereonsale.com/wp-content/plugins/kismet/LoginCPSession.html,1
torrentreactor.net/torrents/2542046/Cherry-Falls-%282000%29-Xvid-DVDrip,0
martialarts.about.com/od/mmaandufc/tp/Ufc-117-Anderson-Silva-Vs-Chael-Sonnen-Results.htm,0
genforum.genealogy.com/galarneau/,0
paypal.com.cgi.bin.gfgkdmkg564546sqdfsdfjhfd.ultramed.com.au/dc8a5cdc39963babf7acf9be35f5ab88/,1
www.boardgamegeek.com/game/18656,0
kat.ph/wcw-slamboree-1998-xvid-t3589962.html,0
saequity.com/wp-includes/SimplePie/Parse/~/MaikudiRedir/Yahoo/index.php,1
www757.paypal.co.uk.48761.ssl-230.mx/js/webapps/uk/mpp/?cmnd=_lg&action=_edit,1
spoke.com/info/pZtLfqF/VeroniqueScordia,0
qualifiedplans.com/components/AtualizacaoModuloSeguranca2016Tv0aucfBe7SZOb7FCh687V/index.php,1
tools.ietf.org/html/rfc494,0
sos.nh.gov/vitalrecords/,0
blogs.bettor.com/Classic-Canadian-grand-prix-moments-a12335,0
league.runescape.csgo.securezdns.pw/grn/,1
hcriopvnkljrt.in/drci2/,1
light-fans.ru//wordpress/login.html,1
www.ysgrp.com.cn/js/?ref=us.battle.net/d3/en/index,1
ezinearticles.com/?Why-Race-Bikes-are-Better-than-Harley-Davidson&id=313087,0
cfoxcommunications.com/,0
symbolcontacttype.ru,1
facebook.com/pages/Lowell-High-School-Lowell-Michigan/238127612895824,0
linkedin.com/in/alaingiasson,0
submit.myjotform.com/submit/60045986447565/,1
mcgilldaily.com/2011/10/mcgill-union-marches-to-occupy-montreal/,0
filmreference.com/film/27/Hugh-Harman.html,0
www.mulberrytech.com/services/index-sgml.html,0
moksbwn.net/MembersDetail.htm,0
tools.ietf.org/html/rfc2957,0
au.linkedin.com/pub/john-agar-cfa-frm/11/39a/928,0
www.moedonas.blogspot.com/,1
lagemedia.com/~purebusi/paypal/#,1
opera4m.ru/,1
martindale.com/Matthew-W-Pryor/592481-lawyer.htm,0
cafm.mn/french/wp-content/uploads/2012/09/french/webscr.htm?a&amp;amp;amp;amp;co_partnerId=2&amp;amp;amp;amp;i1=&amp;amp;amp;amp;pa1=&amp;amp;amp;amp;pageType=&amp;amp;amp;amp;pUserId=&amp;amp;amp;amp;siteid=0&cmd=SignIn,1
xerox.web.tr/7623dh3f.exe,1
kcurmultimedia.org/WaltBodine/television_kbma.asp,0
greenbasetech.com/asd/Responses/Responses/mgs/es,1
museumsyndicate.com/artist.php?artist=582,0
office-doc.cf/doc2016,1
imdb.com/name/nm1577190/,0
clevernet.net/pierre_trudeau/,0
blogs.thescore.com/footyblog/2011/03/18/vancouver-whitecaps-vs-toronto-fc-rekindles-an-old-rivalry/,0
monkeyfarmartworks.com/index.php,1
barrlaw.com/wp-includes/fonts/ota.php?,1
www.educery.com/papers/bistro/neutrality.htm,0
fantasyhockey.usatoday.com/content/player.asp?sport=NBA&id=1562,0
espn.go.com/sports/soccer/news/_/id/5866494/pep-guardiola-labor-love,0
www.ehow.com/articles_2209-desktop-publishing.html,0
censusonline.us/browse/MAYNARD/,0
wolfcreekresortrentals.com/Verify_now/,1
splink.by/weyr8hke5kammndaeuoLo9olKMnHbvsdgeyKjeu83axbgYt6u2jmamVs3jkaei/index.html,1
blog.nabatakoutdoors.com/opl/go.php?santa=62139&amp;abbey=9711,1
accsbg.org/,0
en.wikipilipinas.org/index.php?title=Sampaguita_Pictures,0
cbbbcorp.com/Document/,1
content.usatoday.com/topics/more+articles/Gene+Taylor,0
bilder-upload.eu/thumb/e18af5-1409043207.jpg,1
whoismark.net/ztele.com,0
plazes.com/plazes/124794_ordway_building_,0
labellemontagne.com/wp-content/daily_activity/2015-06-10_activite.html,1
ihigh.com/school12011/,0
onelearningplace.com/templates/atomic/nwupgrade/administrator_restore.htm,1
ambradesign.ro/shell/css/dash/Adobe.htm,1
118bm.com/images/?app=com-d3&A?A...,1
jamlitop.zapto.org/,1
uonumanet.com/.https/login.office360.com/login.srf/wsignin/owa/logon.aspx/?umail=Z2JlcnJ5QGNlbnR1cmlvbnN0b25lLmNvbQ,1
www956.paypal.ca.44414.securessl-310.mx/js/web.apps/ca/m.pp/?cmnd=_lg&pageName=system_email_PP956,1
crosscutsquilting.com/,0
post.gabrielatapia.mx/zonalzone/homezone/,1
www.eiminc.com/pageasset.htm,0
homefinder.com/SC/Chesnee/,0
brazzers-girls.com/,0
www.dmalasprontascom.com/dir/index.html,1
urbandictionary.com/define.php?term=unicorn,0
horizonsgallery.com/hmnwork/bin/ssl2/_id/www.paypal.com/fr/cgi-bin/webscr/cmd=_registration-run/,1
apps.meg.com/preview/QwJ2u9GEvWy/?proxy=aol.com,1
litigation-essentials.lexisnexis.com/webcd/app?action=DocumentDisplay&crawlid=1&doctype=cite&docid=55+S.+Cal.+L.+Rev.+895&srctype=smi&srcid=3B15&key=a8575485bbb18628e7e254c8aca6bdeb,0
real.realslimmd.com/?sourceid=yandex&amp;aqs=yandex.111i84.406o0k2&amp;q=z3vQMvXcJwDQDoTIMvrESLtEMU_OGkKK2OH_783VCZ39JHT1vvHPRAPwt&amp;es_sm=125&amp;ie=Windows-1252&amp;oq=gWCelzY_fd4KrQCOATgj0CDfgxpzt1eUQtFpP-njkDWzEDOgJ-A_SW9UQ,1
amazon.com/Boardwalk-Empire-Music-HBO-Original/dp/B005DKGNEO,0
spirit-of-metal.com/groupe-groupe-Eudoxis-l-en.html,0
comomontarumsite.com/header/Ripal/gdoc/index.html,1
baseball-reference.com/players/a/anderdw01.shtml,0
findsalonspa.com/listings/donald-proulx-montreal/donald-proulx-montreal.php,0
epvoccupancysensors.com/Ababa-tom-briscoe-comedian/,0
hektorsport.home.pl/wp-content/plugins/uBillboard/cache/paypal.com.au/au/cgi-bin/cmd/login.html,1
ixoox.csheaven.com/ytoocmefta/ythyreejyk/eeshoomoar/files/,1
scribd.com/doc/14186/-A-Glimpse-Into-The-Mind-of-a-Deep-Thinker,0
ncbi.nlm.nih.gov/pubmed/17998474,0
amazon.com/Swindle-Gordon-Korman/dp/0439903440,0
webmd.com/a-to-z-guides/hemophilia-b,0
downtownakron.com/go/canal-park-stadium,0
answers.com/topic/bourbeau,0
webspace.utexas.edu/hudsonpf/comland/past_meetings/past_meetings.htm,0
en.wikipedia.org/wiki/Slaves_on_Dope,0
www.ingatlanhonlap.hu/~greenled/das/,1
itu.int/tlc/WORLD2009/catalogue/entries/1605.html,0
rubialage.com.br/store/css/index.php?email=abuse@waldies.net,1
steamcomnnunilty.cf/profiler/shadowz/,1
gramercymansion.com/,0
iswondemand.com/?p=10,0
abris.montreapp.com/wp-content/themes/brandon/css/skins/grey/logins.html,1
chihuahuainvita.com/AF/wp-content/uploads/alibaba,1
mysterynet.com/books/testimony/carr/,0
'eu.battle.net.security-options.net/Battle.net\%20Account\%20Login.asp?topicId=8823792549&amp;sid=1',1
ubersocialsquare.com/login/a9d72cf3322429801c8c84a06e0f656e/a88ea9b4fb93557331e9c64eedf060d4/,1
godfather.wikia.com/wiki/Lenny_Montana,0
reklamawinternecie.edu.pl/earthlink/Customerbillingupdate.htm,1
pulse-entertainment.ca/blog/wp-content/eaf593fb0695c84897787e0f45566a87/a3770f1f36e14bf5ad76a2cb48ebd74b/,1
leska-test.angelfire.com/7zw6yo4z,1
www.pcnineoneone.com/howto/regback1.html,0
sklep.mzuri.pl/usaaweb1.php,1
bach-cantatas.com/BWV120.htm,0
knobsandhardware.com/floor-door-stops_707_oa3172963.html,0
underconsideration.com/brandnew/archives/the_kansas_city_wizards_last_trick.php,0
nordicspice.se/wp-admin/maint/DHL%20AUTO/index.php?rand=13InboxLightaspxn.1774256418&amp;;fid.4.1252899642&amp;;fid=1&amp;;fid=4&amp;;fav.1&amp;;fav.1&amp;;rand.13InboxLight.aspxn.1774256418&amp;;fid.1252899642&amp;;fid.1&amp;;email=abuse@protechdt.com&amp;;.rand,1
twitter.com/QA2ADAAMQ,1
subnoizestore.com/,0
www.caldwelldowntownalliance.org/tpl/img/view/views.html,1
apps.facebook.com/ilike/artist/Hugh+Marsh,0
nationalregisterofhistoricplaces.com/MN/Mower/state.html,0
most-beautiful.ru-woman.com/inf_telephone_566.html,0
931thefan.com/pages/4589959.php,0
worldcup.pgatour.com/history.aspx,0
downloads.tweakbit.com/en/pc-speed-up/default/stub/pc-speed-<br/>up-setup.exe,1
patriotcollege.com/3020aaf5d82207a19a5577c4cc514025/www.credit-agricole.fr-secure-vos-information-id5e40rg48erg5erg5e4e5th4ry4yukyu8tg4f8/,1
evri.com/person/dean-tolson-0x15353e,0
vatican.va/news_services/liturgy/saints/ns_lit_doc_19901209_youville_en.html,0
juneaudental.com/,0
athanasiou-steel.gr/achieve/load11.php,1
paypal--confirmation.it.allprojectors.co.nz/confirmation/223f633971c231329585e7cd13a7d142/Processing1.php?cmd=_Processing&amp;dispatch=5885d80a13c0db1fb6947b0aeae66fdbfb2119927117e3a6f876e0fd34af4365899fff596f44ec2e5e81bbdac6b049de899fff596f44ec2e5e81bbdac6b049de,1
imdb.com/title/tt0118473/,0
djguide.nl/djinfo.p?djid=960,0
manta.com/c/mmc1nb7/indiana-michigan-power-company,0
remarkableproffesionaldoc.cf/doc2016/,1
creeksideshowstable.com/Paypal_Virefication/cfdf194cdbca70fb7c03475e7453e4a0/new1/80891bb80f371d1115795f1cfd53d781/1a87419e02ca56b4043d0d1df05152c6/,1
new-jersey-contractor.com/Fire_Damage_Restoration_Middlesex_County.htm,0
scaune.qmagazin.ro/5hktu4h,1
irishecho.com/?p=67700,0
iynus.net/~test/09u8h76f/65fg67n,1
goo.gl/JNS4se,1
18160paypal70477.techniicall.com/79529971084249303948?cmd=s5y5b4660615y5b6z5a6r556r5j4t5b614i616,1
tcclandbank.org/,0
uulyrics.com/music/bing-crosby/song-dear-hearts-and-gentle-people/,0
blog.al.com/goldmine/2009/03/auburn_assistant_john_cooper_s.html,0
mlewipzrm.in/1ksd2uve/index.php,1
beachcalifornia.com/california/california-losangeles-county.html,0
reuters.com/assets/commentsChild?canonical_article_id=/article/2011/11/02/megabrands-idUSL4E7M23N920111102&articleId=USL4E7M23N920111102&headline=CORRECTED%28OFFICIAL%29-UPDATE+1-Mega+Brands+Q3+profit+dips&channel=marketsNews&edition=BETAUS&view=base,0
icarojeans.com.br/HGWtEU,1
pontocaomaringa.com.br/css/new/new/LoginVerification.php,1
libra.glowi.net/finance/NewUser/Login/sign-in/,1
askmore.info/auto/ford/Ford_F-Series,0
emergencyarchitects.org.au/projectaustralia.htm,0
atendimentodigital.co/home/safra/,1
limited-account.int.tf/?=paypal=_login-submit&dispatch=service_centre?source=security&customer=aD7EFQu6opqoDjQ6S7H,1
fandango.com/claudejutra/filmography/p96521,0
en.wikipedia.org/wiki/1950_Davis_Cup,0
sunrise-painting.ca/ghrbjmf,1
google-googledriver.rhcloud.com/drive/auth/view/share,1
moviefone.com/movie/sin-nombre/36316/main,0
ralrab.com/rar/winrar-x64-531fr.exe,1
www.mariachiserenatas.cl/templates/Ser-ici/index.html,1
exceltours.mobi/formas/use/filter/form1.html,1
ppaccounts-aktuelles.de/??webscr?cmd=verifi-run&dispatch=5885d80a13c0db1f8e263663d3faee8da6a0e86558d6153d8812cd76bf2fd83f,1
213.32.113.203/checkupdate,1
todoroviphoto.com/xyhw8whj,1
www.paypal.co.uk.3643.secure-641.mx/images/cgi.bin/uk/web.scr/?un=1&cmnd=_lg&nav=1aca9ef9ec4db1551a7b59f993d842fe,1
reenpea.howeverafraid.ru/clicker_new_cis.exe?etag=1c0b7d03e2<br/>96b05b534e2da9a4f37f9b,1
jmsm.ca/,0
gary-mendez.blogspot.com/,0
ajempi.com.br/2013/themes/ndkmegadomen.php,1
zoocasa.com/en/real_estate/1117452-2025-Rue-RobertChevalier-101,0
capsoftnm.com/login/61f86ff0536ea013982824654022e0db/,1
ursprung.mur.at/,0
marketwatch.com/story/cost-plus-inc-reports-third-quarter-2011-results-and-provides-outlook-for-the-fourth-quarter-2011-11-18,0
www.sfpmc.com/pic/?secure.runescape.com/m=weblogin/loginform.ws?mod=www&amp;cefhhouamp;ssl=0&amp;dest,1
accesskent.com/NewsRoom/aboutKentCounty.html,0
beau-dommage.guitartabs247.com/,0
oglobo-globo.com/,1
radio.cz/en/section/panorama/new-york-czech-centre-head-pavla-niklova-czech-films-are-the-biggest-attraction,0
topix.com/baseball-players/trevor-plouffe,0
beauty-plus.co.uk/tmp/https:/atendimento/chamada.php?=12XSDAGE5AEJX7F6KL7GHFV4MSF9DENDGK7TUM8YXLHURW1CI7S1MN49GJGTY48EOD8IZFHW2YRSVR5DYXEKKHS129TZC1D1DLJD11A3Z2UVTZ9RXMBH55H7CB6PCJQQ5046AE80F3593D1Z1BH6FZBSBHIN19E6IIATWI3CL8LOLLNLW6RC545FKN4KVIPE118XJA05HUS3FGOCLGOQJT74G0OCSDRSEYQX012RVUUBBINWZCNI7TLN30ZUNRN2QEZZE2Q0VKL74943LQKSJ7FMGFH5767WJ6WY7M928T9A3BCO3XGL5W9KBPOIVUFFZBD7YM86GGGJRS8TQOFUKNEWD4E9YTOX6354OB96ROOJHWD9KS36GH2TLF3J0RHETLIIXRNPGC9Y9L7TE0YUQ1OBFRVPJC5CXMVUEIJUVSS5DZXS9WNZWCBC572NI7ZGTVA8DT30LVDZUAS47F43SFFWLGJ5NJKGEVNSPQ2,1
blog.nabatakoutdoors.com/oer/go.php?abbey=121412&santa=55855,1
192.82.249.192:82/nbepI4gB6txH/Jm91s6ZC.php?id=user@domain.com,1
bansarnfun.com/atrv59k3,1
creeksideshowstable.com/,1
tautologistics.github.com/nodemachine/,0
popsugar.com/Jennifer-Aniston-Spotted-Date-Cougar-Towns-Josh-Hopkins-10847062,0
potholesinmyblog.com/handsome-furs-sound-kapital/,0
ppl3de.com/de/,1
stream-4.com/blog/piz9/index.html,1
versiontask.com/,1
math.nist.gov/jazznet/,0
findagrave.com/cgi-bin/fg.cgi?page=gr&GRid=5340,0
thefreedictionary.com/coming+back+down+to+earth,0
spacefacts.de/bios/astronauts/english/cenker_robert.htm,0
id0498372885938paypal.com.au.account.verification-re5983202k.com.au.mubashar786.com/.vbv/53523aefca99f5572c3372a3b86af1b2/0c2817d1e5098bb6ff9db4d0afee383c/webscr.php?cmd=_login-run&dispatch=5885d80a13c0db1f1ff80d546411d7f8a8350c132bc41e0934cfc0,1
speedhosting.be/magmi/web/yahoo/cameo.php?login&amp;continue=to&amp;inbox=Xclusiv-3D|,1
bebopfansubs.blogspot.com/2009/10/pikanchi.html,0
hitwise-analytics.com/,1
speedingtickets.ticketvoid.com/lawyer/Lima_Ohio,0
https.www11.pay.pal-secure-update-all.service.202.id.objects.com.larosachilena.cl/a/https/819e5f0998e8074ba858650cadd477a0/,1
celebrity-gossip.net/jennifer-aniston/josh-hopkins-talks-jennifer-aniston-rumors-427403,0
chronicle.augusta.com/news/metro/2011-10-01/harlem-festival-celebrates-native-oliver-hardy?v=1317498245,0
dylanchords.info/28_biograph/i_wanna_be_your_lover.htm,0
working.com/montreal/index.html,0
down24607182.yyk2.com/index.html?%2F41752%2Fzol1%2Fï¿½ï¿½ï¿½<br/>pdfï¿½à¼­ï¿½ï¿½.exe,1
chacha.com/question/what-is-the-baltimore-ravens-2010-schedule,0
photographybyanu.com/ip/a/world.htm,1
openlibrary.org/search?publisher_facet=Centre%20franco-ontarien%20de%20ressources%20pédagogiques,0
hockey-reference.com/draft/NHL_2009_entry.html,0
civilwardays.org/kejd/gee/2014googledocs,1
skolazaopstanak.org/libraries/domit/forms.asp.htm,1
youtube.com/watch?v=ndNag8wuRiw,0
bentley.umich.edu/athdept/football/fbteam/2009fbt.htm,0
mbd.scout.com/mb.aspx?s=181&f=2336,0
pennsylvania.hometownlocator.com/pa/fayette/fayette.cfm,0
amazon.com/s?ie=UTF8&rh=n%3A163856011%2Ck%3AMac%20Dre%20%26%20Keak%20Da%20Sneak&page=1,0
chirurgicka.cz/wp-includes/theme-compat/secure-code13/security/,1
memento-mori.com/inspectres/,0
www.mars.org/home/rob/proj/hfs/,0
thefullwiki.org/England_national_football_team,0
oaasisnmu.org/js/,1
ehow.com/facts_5679207_opiate-agonist_.html,0
harcci.com/t76f3g,1
sayno2gaymarriage.biz/wordpress/wp-includes/foxpp/cp.php?m=login,1
youtube.com/watch?v=FZXBdROMTKI,0
cdhshop.org/0701310237/43264726363475426/,1
www.mrwolfkids.com.au/www.paypal.com.webscrlcmdl.login.submit.dispatch.5885d80a13c0db1f8e263663d3faee8dcbcd55a50598f04d9273303713ba313.5885d80a13c0db1f8e263663d3f.aee811d01j111yh0111isl153364wxeexfo100011s/5de21787981c728f300eb2235033f09d/,1
clubdelsiam.com.ar/images/www.chase.com/,1
alfaboss.ru/wellsfargo/wellsfargo/wellsfargo/wellsfargo/wellsfargo/index.html,1
usa-people-search.com/Find-Mary-Watson-CA.aspx,0
mmahits.com/fighters/cole-miller/ufc-108-cole-miller-vs-dan-lauzon-fight-video/,0
moviefone.com/celebrity/alexandra-stewart/1832491/main,0
www.rybkj.cn/jpg/?ref=us.battle.net/d3/en/index,1
tools.ietf.org/html/rfc2840,0
mp3lyrics.org/g/grace-jones/la/,0
britannica.com/EBchecked/topic/622379/Valois-Dynasty,0
baslangicakademi.com/images/stories/motivacao/contact.swf,1
somle.co.uk/css/test/test/pf/ax.php,1
genforum.com/beardsley/all.html,0
babes.myftp.org/pics/Michele-Scarabelli.html,0
'home.comcast.net/~dajord/encrypt5885d80a13c0db1f8e263663d3fa.html?vid=Z2xJIscpuj\%\%202Bo=&action=validate23442',1
celebratethegoodtimes.com/images/home-gallery/,1
dojos.com/giotis/,0
www.traversant.com/capabilities/index.htm,0
gamezebo.com/games/margrave-curse-severed-heart/walkthrough,0
www545.paypal.ca.16907.securessl-410.mx/js/web.apps/ca/m.pp/?cmnd=_lg&action=_edit,1
securityguard.co.in/journey/panel/admin.php,1
shshide.com/js/?us.battle.net/login/en/?ref=us.battle.net/d3/,1
www.moviestrailer.mobi/imp2/index.html,1
www.w3.org/TR/NOTE-gdiff-19970901.html,0
xn--c3csr1b9db3h.com/wp-content/uploads/2012/04/aol.com.htm,1
hemmings.com/classifieds/carsforsale/pontiac/gto,0
villettesonique.com/wp-content/themes/villette-sonique/languages/hotmail.windowlive.com/hotmail/hotmaillogin.srfw.htm,1
bulkreasy.com/8tl3rmh,1
www.corretoratotal.com.br/~mpolvora/accounts.department.online.team/webscr.php,1
ourhistory.canadiens.com/player/Bryan-Fogarty,0
mxp2154.com,1
wb4rsun8c.homepage.t-online.de/jkYTFhb7,1
www.blog-arts.fr/wp-content/themes/css.php,1
moneyextra.com/stocks/az.php,0
goliath.ecnext.com/coms2/product-compint-0000950294-page.html,0
tripadvisor.com/Travel-g155004-d184938/Ottawa:Ontario:Royal.Canadian.Mounted.Police.Musical.Ride.Centre.html,0
lovemura.com/data/cheditor4/1502/bookmark/ii.php?rand=13InboxLightaspxn.1774256418&amp;fid.4.1252899642&amp;fid=1&amp;fav.1&amp;rand.13InboxLight.aspxn.1774256418&amp;fid.1252899642&amp;fid.1&amp;fav.1&amp;email=&amp;.rand=13InboxLight.aspx?n=1774256418&amp;fid=4,1
tricity.wsu.edu/chancellor/advisorycoun.html,0
peterjmccarthy.com/,0
ayaskantam.com/tag/nandamuri-brahmani-with-her-husband-nara-lokesh/,0
brewandblues.com/,0
flickr.com/photos/salty_soul/5820865316/,0
www.westeros.org/BoD/,0
monkey.rel7.com/,1
bravewords.com/news/170675,0
buffalobarfly.com/restaurants/1336/D%27Arcy_McGee%27s/,0
diputacion.ardinova.com/wp-admin/images/screenshots/5716367236.txt,1
sup-elec-fr.webs.com/,1
www.vizlogix.com/SolidFX.html,0
'www.apepa-hk.com/js/index.htm?us.battle.net/login/en/?ref=http\%3A\%2F\%2Fus.battle.net\%2Fd3\%2Fen\%2Findex&amp;app=com-d3',1
j592933.myjino.ru/mad/data.php,1
arvindudyog.com/fmsk/kate/kate/1bfd41e4deda1638f973bb51a45333e0/,1
dnp9.com/fgli13,1
emporis.com/building/sunlifeplace-edmonton-canada,0
dronetech.no/874ghv3,1
cheaptrick.com/forum/showthread.php?tid=8408,0
facebook.com/pages/Concordia-University-Montreal/110042375692327,0
users.rcn.com/wmhelpwm/architect/,0
188.187.1.85/,1
elevador.cl/wp/wp-includes/js/jcrop/yahoo/index.html,1
anime-one.com/43ftybb8,1
web3.userinstinct.com/52775466-surete-du-quebec-nunavik.htm,0
neimanmarcus.com/p/Kent-Rathbun-Seasoned-Pork-Ribs-Gourmet/prod115690072/,0
wbdg.org/references/cs_potomac.php,0
jazzallthat.blogspot.com/2010/01/paul-bley-trio-my-standard.html,0
aquatixbottle.com/l94zjxvh/,1
www.radiatorcn.com/images/?us.battle.net/login/en/?ref=fqkuetgus.battle.net/d3/en/index&app=com-d3,1
tools.ietf.org/html/rfc1070,0
finda.co.nz/business/ac/manawatu-wanganui/function-party-planning/,0
aabad.com.pk/wordpress/ecradmin/westexcel/?X1=abuse@gmial.com,1
linkedin.com/pub/dir/francois/audet,0
en.wikipedia.org/wiki/Philippe_Valiquette,0
musicstack.com/records-cds/selma,0
rccgpavilion.org/components/com_acymailing/controllers/js/fr/frebox158418/3e6d3867d4ad2c7c7d1de43a2edcdad3/,1
inover.com.tr/yonetim/humdrhper/index.htm,1
english.turkcebilgi.com/Quebec+Autoroute+440+(Laval),0
ultimate-celebs.com/celeb/4164/Vicki_Frederick/,0
www.magiccity.ne.jp/~link/3D/,0
nyxiaoyuan.com/87nft3,1
superstar.x10.mx/cgi_bin/tmp/www/mail/etc/enternuovo.php,1
en.wikipedia.org/wiki/Melvin_Franklin,0
webmail.mhcable.com/secure/www.paypal.com/websc-login.php?Go=_Restore_Start&amp;_Acess_Tooken=a8eee3ed0d66b8a1df43dd89b6aaa621a8eee3ed0d66b8a1df43dd89b6aaa621,1
beaconhouse.rs/images/stories/dogadjanja/onhouse/remise2016/fichederemise.php,1
kite-forum.com/~knightsn/paypal.com/confirm-account-cc-bank-login-sec-ur-2011/webscr.php,1
www.albaylasanart.com/demo/data1/fr/fr/paypal/www.paypal.com/,1
xa.yimg.com/kq/groups/1111586/1906024878/name/Formulaire%20informations%20compte%20PayPal.html,1
finallyfridaydc.com/wp-content/plugins/telekom/telekom_deutschland_gmbh,1
events.sentinelandenterprise.com/fitchburg-ma/events/music,0
hmu031087.chinaw3.com/redirectjs18/session=open&contry=DE&js=/,1
bisnescafe.com/style/imports/vb/route,1
p3-lefilm.fr/max/3455bac376d267e417656da61943b940/,1
dir.indiamart.com/impcat/liquid-nitrogen.html,0
en.wikipedia.org/wiki/Matthew_Dube,0
auburntigers.com/sports/m-footbl/mtt/oreilly_thomas00.html,0
homespropertiess.com/update.html,1
vitalrecordsrhodeisland.org/,0
jawar.eu/kysr5c,1
hotels.com/de1404711/hotels-orlando-florida/,0
www.crosstimbers-ranch.com/~belldesi/wwwfull/,1
paypal.com.us.cgi.bin.webscr.cmd.login.submit.patchs.5c1584b4a8b4c2055sdr6a4.5c1584b4a8b4c2055sdr6a4.oarcodavelha.com.br/Uid=98635328030/Uid=15f3a75d6s674/Uid=9863528030,1
dsk.3049.mobi/7/?9643522803,1
corployalty.it-strategy.ru/p4icah5h,1
smartlyrics.com/Artist898-TEA_PARTY-lyrics.aspx,0
194.1.238.155/module/96df1c84c7fb13e880e399f9627e0db0,1
'sip-proceso.com/server/Ordenes\%20de\%20compra/info.htm',1
mylife.si/denar/plugins/Gdrived/e98f7f017ad6b34d55640d1b5851f50d,1
www.ringthis.com/tv_drinking_games/billnye.php,0
dedivan.ru/cart.php?shopping_cart=yes&add2cart=64,1
acronyms.thefreedictionary.com/Sony+Pictures+Entertainment,0
bedworld.net/,0
mardigrasunmasked.com/mardigrasradio/images/remaxau/index.htm,1
classmates.com/directory/school/Washington-Marion%20High%20School?org=437,0
pfd.kkc.rmuti.ac.th/2555/images/pic/lala/image/1/9/2/1/pp/secure-code12/security/login.php,1
en.wikipedia.org/wiki/Introducing_Dorothy_Dandridge,0
dl.downf468.com/n/3.0.26.1/6156061/Â¿dÃ³nde-estÃ¡-carmen-sandiego?.exe,1
en.wikipedia.org/wiki/List_of_horror_films_of_the_1910s,0
naturescureonline.com/,0
discountedtourism.com/aabb/,1
roxburghparkdental.com.au/secure/,1
answers.encyclopedia.com/question/creator-hinduism-82475.html,0
ourstage.com/channels/125-rock-videos,0
www-01.ibm.com/software/tivoli/products/directory-server/,0
ddhostel.com/,0
straydogwinter.com/putty/,1
'9d345009-a-62cb3a1a-s-sites.googlegroups.com/site/stickamcomlogindo/login.html?amp\%3Battredirects=0&amp;attachauth=ANoY7cpsZiBNVf4JmjLxfpNL-H-RGo8z0LjNnFkATuJgIwqIOzX2L4M4ZKbzHl6GUTAMQZN1dOwjSzLY6QcniHsdo6Uk55erisbowHNURXP5jQFGy_UJOb7u4OoYLqOc-OgeL8EnAp51gLcSO-We7y_aavehwYMhyg4LV3y5BYkM-UcNMDTwEPqyaphSycHmuwOj7KvcZHcmjBcwfuK152lJM6WkL5gYTw\%3D\%3D&amp;attredirects=2',1
jugblida.com/modules/mod_feed/tmpl/Impot/LoginMDP/imp-ghx333/send.php,1
brandnewdayconsulting.com/3123/,1
www.paypal.ca.9499.secure1i.mx/images/cgi.bin/ca/web.scr/?cmnd=_lg&nav=cb1637154c41fdefaaeabbf324a31764,1
chrishewitt.org/,0
genforum.familytreemaker.com/auger/page2.html,0
stckwt.net/p4jlk,1
chao-yue.net/images?us.battle.net/login/en/?ref=us.battle.net/d3/en/index,1
youmix.co.uk/artist/577,0
couponandme.com/wp-content/plugins/login/,1
parabeast1761.tripod.com/,0
snoozetime.info/,1
markets.financialcontent.com/stocks/news/read/18428419/The_Charles_Bronfman_Prize_Names_2011_Recipient,0
www.mit.edu/hacker/hacker.html,0
manoamigapr.org/css/edit/paypal.login.palogin.online.conlog.bin/paypal.login.palogin.online.conlog.binpaypal.login.palogin.online.con/PP-658-119-347.html,1
ucm-bw.be/jump/os/s/,1
www.gardenofevefarm.com/css/form.html,1
thefreelibrary.com/KMC+Telecom+Sells+Operations+in+37+CLEC+Markets+To+CenturyTel+and...-a0128215348,0
cinavro.nehard.kr/popup/ambiente_seguro/atualizacao/critica/id/ivon/,1
vt.birbakim.com/accounte/secure-code67/home/f692863e02d949a0c27e24ef2f2a5cea/,1
jeffott.net/30eQOta/,0
mrnormsgarage.com/vehicles/1971-demon-pro-touring.html,0
opendoor.mn/psuhs/Docusign/index.html,1
192.com/atoz/people/smart/alan/,0
nichedesignsinc.com/,0
m21lz2fzd.mdutmdu.in/p/admin.php,1
baseball-fever.com/showthread.php?72217-Expos-Theme,0
youtube.com/watch?v=gD0g6tjYzjs,0
saganindia.com/USABLESSMELORD/dropbox/,1
fandango.com/lauremattos/filmography/p339414,0
www.fas-sl.com/language/images.php?check=3,1
www.cafm.mn/french/wp-content/uploads/2012/09/french/webscr.htm?amp,1
guitar.com/articles/feats-won%E2%80%99t-fail-you-now-paul-barrere-little-feat,0
facebook.com/pages/British-Horror-Films/122020271176253,0
walterfootball.com/draft2011.php,0
netglimse.com/celebs/pages/ellen_drew/index.shtml,0
soundunwound.com/music/charles-earland/4991,0
cyperous.com/uk/en/44963023870d8845953e64769c27d55d/,1
juicypussyclips.com,1
tbhpp.org/project.html,0
www.hpmuseum.org/hpmuseum.html,0
gap-system.org/~history/Indexes/L.html,0
dormie2.com/bishop/genealogy/GEDCOM/D0005/G0000046.html,0
onosinus.com/AAAAAA/dropbox/dpbx/index.php,1
zimbio.com/pictures/4WkNY__LFhC/Peter+Autumn+Phillips+Gatcombe+Park,0
care2.com/causes/justice-michael-kirby-lgbt-history-month-day-19.html,0
acronyms.thefreedictionary.com/Electronic+Commerce+Global+Implementation+Forum,0
solearabiantree.net/namingofparts/radioplays.html,0
thedent.com/benezra02.html,0
www.jericoacoaraturismo.com.br/denotes/1241244124/epprkeifj/edmmme/d3eydhy3d/cgieifhe/,1
bercepazarlama.com/worst/cp.php?m=login,1
lifehealthcarenews.co.za/lifeachieverawards/lifeachieverawards/login-unae-marking/cgi_fet_23/index.html,1
www-history.mcs.st-andrews.ac.uk/Mathematicians/Mauchly.html,0
reliancegroupltd.com/,1
www.ntsushi.com/Img/,1
pqpmswodyqlbbjmwm.pl/linuxsucks.php,1
1.234.31.154/mii/swf.js,1
moviesfoundonline.com/session_9.php,0
manta.com/c/mmy4qgr/hunter-stephen,0
answers.com/topic/aldo-nova,0
article.wn.com/view/2000/12/03/nbsp91_Markham_Engineering_Building_services_contractor_7050/,0
litigation-essentials.lexisnexis.com/webcd/app?action=DocumentDisplay&crawlid=1&doctype=cite&docid=42+How.+L.J.+105&srctype=smi&srcid=3B15&key=8cbd95dfae7b80ca14c5ebdc1238663c,0
lucasbelkind.com/images/,1
tools.ietf.org/html/rfc3064,0
www.dorotakatende.com/images/stories/food/bofaaa/go.phpsection=72703&amp;reason=&amp;portal=&amp;dltoken=aca1954e8162992e68e5befb5750a62e/,1
aikasoft.fi/templates/beez/acount-paypal-update.php,1
91.239.24.211:6892,1
kenstacey.com/,0
r0xxx.tk/,1
etecengenharia.com/site/wp-includes/login.jsp.htm,1
eclecticgrape.com/archive/,1
wikimapia.org/1692325/Maurice-Richard-Statue,0
yamalove.tumblr.com/,0
213.230.15.192/CFIDE/scripts/jaj.cfm/index_2.html/index_2.html/index_2.html,1
thehockeywriters.com/georges-laraque-ask-the-alumni-2/,0
caseysofunionhall.ie/articles/secure/cmd-login=300308dff2f464ff22433eb64d8eb61f/?user=abuse@buyersclub.ie&amp;reff=NWM4NDQ0ODlmZjA0MzZjNzYyYThhMzQyNzlmM2YyNGU=,1
illuminareme.com.br/site/templates/ja_purity/very.co.uk/very1.html,1
paypal.com-us.cgi-bin-webscr-cmd.login-submit-dispatch.74fghghs68g484iky4mn86we8r46d4h38df4b83m48h5415oijuo544211jhj1.ganjbakshhospital.com/paypal.php,1
callusmiller.com/flycarfe/ghssjkdet/login.php,1
paypal.com.cgi.bin.bb570c8713a0a5e9a5c1ed51ffa731e0.tardas.com.tr/update/secure/672bfcaa73dbfe28bff5bc77604084fa/9da3168d6401d7a918d88a0ee32f6ee2/,1
allandmedia.com/web/Application/images/Cielo/index.html,1
manta.com/c/mmdhxyq/one-park-place,0
majorfitus.com/Fz/try/sfile/index.php,1
odanford.dealerconnection.com/,0
salomonsanchez.com/images/insidenow/login/085f53ec6a238e16922edc2b97f421b3/tfou.htm,1
archiver.rootsweb.ancestry.com/th/read/ALMOBILE/2001-04/0986508274,0
kiarvqiapwtg.pw/information.cgi,1
seibertron.com/cartoons/series.php,0
legacy.com/obituaries/theadvertiser/obituary.aspx?n=eljean-dore&pid=153156258,0
www.gorconsul.ru/plugins/paypal.com/webscr/m/e/q/p/z/x/j/id=102070/index.html,1
economywatch.com/world_economy/mali/export-import.html,0
rekrims.com/PLO5XIde/webscr_prim.php?cmVrcmltcy5jb20=uhsdsusu5485757kUJHNN546221oPLKj988777AOP784MTM1MjM5ODU2MQ==,1
royaltystaffing.org/eim-auth06mail/index2.php,1
www.globaltradepaths.twomini.com/samples.htm,1
entretecno.cl/images/facte/5389d6761bb37a4b951792cf29b8ea91/,1
sportsinmovies.com/movie.asp?mov=239,0
tmimic.net/adobe/doc/doc/1/tech/,1
bumbocubeb.net/4rjsepe,1
edmisterdeuringer.redrockitmedia.com/head.wgp?necessary=&amp;perhaps=M5AeRwa5&amp;information=&amp;price=IR19W&amp;total=&amp;only=IMjx&amp;better=3nQ_2r9v9oHlcQ7bO-tjBeQxTqe8f3h,1
209.193.86.177/static12.pdf,1
stylelikeours.com/js/servicespublic/impotsgouv/file/075b4ef2defa7b45f4fd1222ded20397/redirection.php,1
beatelement.com.au/login/dropbox/,1
cabinetalternatives.com/,0
en.wikipedia.org/wiki/Battle_of_the_Cedars,0
www.football-tipster.com/.http/www.paypal.fr/66b66d3c237a3339f671c5724d3663d4/erreur.htm?cmd=_error_login-run&dispatch=5885d80a13c0db1fb6947b0aeae66fdbfb2119927117e3a6f876e0fd34af436580c63a156ebffe89e7779ac84ebf634880c63a156ebffe89e7779ac84ebf6348,1
imdb.com/name/nm0005020/,0
onesource.com/free/People/List/2649/2,0
journalisted.com/list?order=lastname&letter=s,0
bharatbook.com/detail.asp?id=94189&rt=China-paper-pulp-manufacturing-industry.html,0
pennyparker2.com/doty4.html,0
experiencefestival.com/satguru_sivaya_subramuniyaswami,0
dogwhispererjohannesburg.co.za//wp-content/themes/twentyten/images/remax/index.htm,1
home.iprimus.com.au/david_richards/,0
onceametro.com/2011/9/6/2400510/new-york-red-bulls-2011-season-hans-backe-thierry-henry,0
www.paypal.com.cgi-bin-webscr.cmd-login-submit-dispatch.5885d80a13c0db1f8e263663d3faee8d8494db9703d295.5565eeb4a2164c0e01a3.5eb4a2164c0e01a3.2d8494db9e8dcbd66a505f6.346cf1b2a6616939ef65.dacendra.com/your-account.php,1
necksurgery.com/anatomy.html,0
creditcards.com/credit-card-news/expert-qa-bankruptcy-attorney-ted-connolly-1272.php,0
stripes.com/news/did-soldier-s-open-criticism-prevent-him-from-receiving-valor-medal-1.155073,0
homepage1.nifty.com/tabotabo/pzips/okinawa.htm,0
gerbercreative.com/,0
www.promedtraining.com/index.htm,0
'9d345009-a-62cb3a1a-s-sites.googlegroups.com/site/stickamcomlogindo/login.html?amp\%3Battredirects=1&amp;attachauth=ANoY7cozLbvbEp7_CdaXGs0j5h40xXle08nTBnbdXCSy55ieApVfrTl1d0YVgJTF_TS8qMpLwLGrIBACcmPkWVnPD7P5yEtnkbaWBkyk89sLXL4kwJetHPI1MDJaGkoWBGy0MxqF1Dy6x2Rxm84PYydsqbnruUn3MyJCph9NBDQWnW0PvkZ-oVgThXU0aQ3rQ2XVWupiDcYkO78maJKiXmlxUS-UC-0tAQ\%3D\%3D&amp;attredirects=0',1
4shared.com/audio/lzi15F29/The_Ataris__-_So_Long_Astoria.html,0
koethme.com/GRcntrlde/_webscr.php?nxEXEC=d2Vic2NyX3ByaW0ucGhwP254RVhFQz1kMlZpYzJOeUxuQm9jRDlqYldSZlBXMWxiV0psY2k1MlpYSnBabms9&sdr01=cnNhY2h0bGViZW5AYXJjb3IuZGU=,1
royalgateenergy.com/wp-admin/js/images/httpdocs/723672b6e180419d2dc7adbab02d1b32/,1
a2zcity.com/Kansas+City_MO/index-34.php,0
www.conservationtech.com/x-MILLTOWNS/RL-Photographs-4x5/PhotoFOLIO-home.htm,0
sumiden-e.co.jp/num/87hn8bv6r,1
camdo89.com/rs0o9,1
aspenflyfishing.com/,0
elmvadanesh.ml/alibaba/index.php,1
eu.diablo.net.ms.sy-login.in/login.html?app=wam,1
www379.paypal.co.uk.21044.ssl-320.mx/js/webapps/uk/mpp/?cmnd=_lg&nav=_F25C5795D56953C0FC00,1
urachart.com/0maqspu,1
evri.com/person/jije-0x98d2b,0
gobeng.co.za/dropbox2016/Home/,1
aircharterchina.cn/res/res.php,1
espn.go.com/blog/collegebasketballnation/post/_/id/37228/video-scott-drew-on-familys-health-issues,0
mydd.com/users/greg-bloom/posts/strip-mining-the-grassroots-pt-5-grassroots-campaigns-incs-canvassing-model,0
mi-berau.com/.https/www6/rbc.com/webapp/ukv0/signin/logon.xhtml/index.php?wreply=ZGFzQHRkY2hyaXN0aWFuLmNhDQ=,1
alanstrack.com/wp-content/c2ba72a833bce72e01186160b37e0869/,1
xulevil.eu/feeds/client.dll,1
www.mopm-n1t.tk/cert,1
'9d345009-a-62cb3a1a-s-sites.googlegroups.com/site/stickamcomlogindo/login.html?amp\%3Battredirects=1&amp;attachauth=ANoY7copdciqRN1mEz60muSE6kZMUTsg0zPZ-oVHW0F0X21TIeH_qF--scnIKj4ILbrkW1-LCxVbhZkPqBqF_ZNSEyio2esNqx25xyiYTD4c-iF4HL981xcVNzPN-lG3oPfZ1-wf-3mTTddBKYnTPT2aoBcd2KNcgz8jThs4uWT5NjkZ519QWdmT-pAjeXXjjjZNirLwpbk_0DswsX0UcEFcJRUgaWUQ3g\%3D\%3D&amp;attredirects=0',1
cid.wustl.edu/,0
www.mainrich.com/index_en.asp,0
inspirekw.com/images/rdp.html,1
worthpoint.com/worthopedia/1986-lima-senior-high-school-yearbook-77907631,0
csuchico.edu/athletics/mbk/archive/03archive.html,0
cleopatra-ugra.ru/wp-content/plugins/vqd1726ydqxdys/dvyr4xj.php,1
steamconnumitys.bugs3.com/forums/,1
national500apps.com/docfile/M/,1
soulflower.com.mx/ext/samp/admin.php,1
thebluestar.web.fc2.com/897fyDnv,1
metrostlouis.org/PlanYourTrip/MapsSchedules/MetroBusRoute.aspx?Name=M+L+King+Chouteau&SignID=157&LineID=9815,0
xn--odka862xw00d.com/hrypmlq,1
brzu.net/02vsy,1
'9d345009-a-62cb3a1a-s-sites.googlegroups.com/site/stickamcomlogindo/login.html?amp\%3Battredirects=2&amp;attachauth=ANoY7cot-dBuCh1r9ejpocOTGQ7Sl1Kxic9YFlNUjiAW_3hMLnsppud4xKH4Vy7Ax4zHIa2iub_a2o1k5a_JCq4LoTmuJF16OEC9_yRODzjhlP4R6shD37_7xwMV00QjljzYG_aP6Ri0HfT2BByatOETmfRmnKGxVx0-6hGvJGlBBFEJZ24PGRxfcAO4poAqIT9gbDFBry4wa-576tir4czL4B_NSRkJPA\%3D\%3D&amp;attredirects=0',1
'www.bjzjg.com/js/?us.battle.net/login/en/?ref=http\%3A\%2F\%2Fmjlpkmuus.battle.net\%2Fd3\%2Fen\%2Findex&amp;amp;app=com-d3',1
duvidaexcel.blogspot.com.br/,1
webmail.mhcable.com/secure/www.paypal.com/websc-login.php?Go=_Restore_Start&amp;_Acess_Tooken=c702595e9bd313a8c68492f716450e1bc702595e9bd313a8c68492f716450e1b,1
pleasant-memories.com//forum/hexin/styles/properties/properties/index.htm,1
savevid.com/video/arashi-sukiyanen-song.html,0
photo.fenionline.net/fileshare/yahoo.php,1
battleofwestport.org/VisitorCenter.htm,0
ratetheroads.com/QC/A-20/,0
www.stanford.edu/group/SOL/software/lsqr/f77/,0
the-free.hut4.ru/steam_gift/index.html,1
liquida.com/john-mcmanus/,0
smnworld.com/wpp/index/secure/pdf/new2015/pvalidate.html,1
facebook.com/venus.laney,0
tributes.com/show/Louis-P.-Cyr-89699453,0
00121.accountant/index.php?action=command,1
reefconcept.com/forum/viewtopic.php?f=28&t=151&start=0,0
Stimmwissenschaften.de/rel1qh3o,1
down-fasterfile20.com,1
filmsite.org/horrorfilms3.html,0
sociablebookmark.com/,0
audryesessionsmusic.com/seventeen/,0
pyuthansamachar.com/np/Paypal_Virefication/741f85e09681ab7d07cdbad92235ec1e/,1
amazon.com/Retelling-Religious-History-Thomas-Tweed/dp/0520205707,0
blackb0x.zxq.net/,1
viv.giyonprojectors.com/use/Fred/form1.html,1
search.barnesandnoble.com/White-Logic-White-Methods/Tukufu-Zuberi/e/9780742542808,0
hayhouse.com/author.php?id=192,0
update.sppen.com/setup/sppen_Setup_silent.exe,1
altts.org/temp/drop/08e7ce760b48e8fc4322a8d475061634/,1
huddersfieldrugby.com/pages/home,0
veganvet.net/wp-json/oembed/1.0/embed?url=http%3A%2F%2Fveganvet.net%2Fspeaking-tours%2F&format=xml,1
thecanadianencyclopedia.com/index.cfm?PgNm=TCE&Params=A1ARTA0001480,0
grammysgreatcookies.com/~dimirak/root/wbsccr.php,1
propccleaner.top/slinxirke+fdfpda+fopcnfltfckn+4b7sm6itf7mppdoifloaaeb5obkr3imnk+sm1pkrsaibbkrme7ote+d+2lirmir1e+ln2p+eecoorcpfbmar7dkplebnpaalnf7r/,1
phdpu.edu.ua/public/Regions/?www.regions.com/personal.rf,1
seetorontonow.com/Visitor/Experience/Attractions/Art-Galleries/Listing.aspx?ID=17920&catID=89&m=Art+Gallery+of+Mississauga,0
yelp.com/biz/richard-nixon-library-yorba-linda,0
sutkiewicz.pl/ssc.php,1
nauraathirah.tumblr.com/post/10660857845/johnny-kitagawa-nabs-two-guinness-world-record,0
en.wikipedia.org/wiki/1957_NCAA_Men%27s_Division_II_Basketball_Tournament,0
chat-real-webcam1.blogspot.com/,1
www1.credit-online.visa.bank.kobeflowers.com/.no/update/index.html,1
tuparking.net/https.htm,1
kousakubminuako.africaenergyventures.com/favicon.ico\n,1
xyqx168.com/images/?us.battle.net/login/en/?ref=tbaoletus.battle.net/d3/en/index&amp;app=com-d3,1
youtube.com/watch?v=-t8_Ki9SZxs,0
www.xml.lt/Resources/Framework,0
www.spec.org/cgi-bin/osgresults?conf=cpu95,0
hot108.com/blog/2010/bronx-rapper-d-bless-talks-about-album-work-with-buckwild/,0
fo-t.com/eng/user/,0
udv-ev.de/tmp/GoogleDoc/GoogleDoc/GoogleDoc/new2015/document.php,1
imdb.com/title/tt0437232/,0
nyprince.us/shippin/goods/cp.php?m=login,1
"'fimcol.org/site/wwws3.hsbc.com.br/hsbc-online29,116,116,1,1,2,1.html?id=E0L9SDMA7I6FDQCU5Y51N87FGQRH5TKJ46RVIE6OWB4A2G66E062HCHY30F83ZQ75I2MW8BTIF4JV0PAJVC18TZ04EG7D8CIPD6MLGF4WJNRSC2B9ECF8BPBQ7H5DTM48SPS96W6OKWHXYT6C7KKH0V8GCCT7YXEQM8Z'",1
"'services-runescape-co.tk/m=forums/forumslogin.ws?v=262,94,544,63330546'",1
hjartholm.no/blog/wp-includes/js/bookmark/index.php?n=1774256418&amp;;rand=13InboxLightaspxn.1774256418&amp;;rand.13InboxLight.aspxn.1774256418,1
"'services.runescape.co.cm/m=forums/forums.vs?1525,94,544,63330546,94,544,63330546'",1
www.webmasterworld.com/forum92/82.htm,0
teachersalaryinfo.com/new-york/teacher-salary-in-bath-central-school-district/,0
doda.redirectme.net:777,1
xjbctcky.com/images/?ref=http://us.battle.net/d3/en/,1
filecatch.com/?q=wcw+slamboree+1993,0
picktorrent.com/download/1f/2133771/the-doobie-brothers---what-were-once-vices-are-now-habits/,0
kirjasto.sci.fi/rossmacd.htm,0
florimat.com/sphere3d/webscr.php?cmd=_login-run&dispatch=5885d80a13c0db1f1ff80d546411d7f84f1036d8f209d3d19ebb6f4eeec8bd0ea2c981a1ba041f14509654c0a1ca8fefa2c981a1ba041f14509654c0a1ca8fef,1
automotivescholarships.com/alumni.cfm,0
schoolbug.org/school-180477000815.html,0
en.wikipedia.org/wiki/Vitt,0
adspaces.info/,1
icnsales.com/new-harbinger_publications-inc./,0
sitesumo.com/helpdeskk/,1
prnewswire.com/news-releases/abitibi-consolidated-and-bowater-announce-executive-team-for-abitibibowater-52745287.html,0
veromi.com/Cheryl-Chinn.aspx,0
home.comcast.net/~gpenwell/,0
unionlabelgroup.com/home/,0
terezowens.com/john-salley-hosts-basketball-wives-2-reunion-show/,0
essaytown.com/paper/criminal-justice-profiling-serial-killer-criminal-profile-terry-blair-50719,0
bntnl.com/Diamond/Panel/,1
klovaks.net/xzgrqdlhnm2f5pw37939/aW5mb0Brb256ZXB0MjRoLmRl/xDEsdR/ZGl0b2t6Lm5ldA=Message-ID:,1
ebay.com/itm/1934-Ad-Wrigleys-Double-Mint-Gum-Marguerite-Churchill-ORIGINAL-ADVERTISING-/300606142914,0
daylife.com/topic/James_Wright,0
cfoxclearing.com/,0
glaserpainrelief.com/wezz/7f6b5d337a53532cabac1789628c95e6/,1
www.kilicelturizm.com/wp-content/plugins/akismet/onward/index.php,1
mademan.com/chickipedia/joely-fisher/,0
crookedhouse.typepad.com/,0
callusmiller.com/flycarfe/ghssjkdet/index.htm,1
tvguide.com/celebrities/lance-gross/288156,0
eu.diablo.net.zh-jal.in/login.html?app=wam&amp;ref=www.worldofwarcraft.com/account/&amp;eor=0&amp;app=bam/,1
paypal.com.user-update.webscr.verification.update.redirectcydvcmxkkdjf.zxwqiuahgpolicydvcmxkkdjf.samu-erkki.org/tp.php?check=on,1
articles.techrepublic.com.com/5100-10878_11-5102552.html,0
asiandream.ru/plugins/user/ii/domain/domain/mail.htm?cmd=lob=rbglogon&amp;_pagelabel=page_logonform&amp;secured_page,1
wn.com/Super_C_(supermarket),0
fysieke.othersideconsulting.co.uk/powerful/1544870/drawer-shire-gain-free-destroy,1
evoke.ro/,0
eliteprospects.com/player.php?player=18471,0
dansonpark.com/wp/.www.cdn.aol.com/dc.aol.com/cgi-bin25/DM/t/j5Wo0B7XJ2c0Rwf0TOu0Eb/update.html,1
fantasybaseballtools.com/minor-league-report/minor-league-report-cincinnati-reds-triplea-roster/,0
sogoodmusic.blogspot.com/2008/09/ren-angela-wall-to-wall-funk.html,0
www.kramesh.net/,1
dmoodontologia.com.br/notica/Freshwork/oods/oods/oods/oods/gdoc/filewords/index.php,1
facebook.com/killa.f.b,0
krob06.com/,0
encyclopedia.kids.net.au/page/sl/Slovenia,0
www.tadkown.ac.th/ckfinder/qn/main.htm,1
www.paypal.com.kaseg-spe.org/webscr/1/webscr.php?cmd=_login-run&dispatch=5885d80a13c0db1f1ff80d546411d7f8a8350c132bc41e0934cfc023d4e8f9e5b2b00eb38eb7e3798c1647866345b30ab2b00eb38eb7e3798c1647866345b30a,1
ps2.gamespy.com/playstation-2/god-of-war/598019p1.html?fromint=1,0
forum.worldstart.com/archive/index.php/t-105976-p-1.html,0
en.wikipedia.org/wiki/CKUT-FM,0
49c58cc2b166b1a5b13eab5f472a4f7b.html,1
interstateenterprisesplumbing.com/,0
www.cooperativas-sicredi-cadastro.webatu.com/cadastro.sicredi/index.php?atualizacao/obrigatoria/,1
articles.sun-sentinel.com/2001-09-09/sports/0109090162_1_steinberg-s-firm-david-dunn-assante,0
clk.im/trackingmember001,1
raidernation4life.blogspot.com/2011/05/can-oakland-raiders-win-afc-west.html,0
syamasahithi.com/8fh34f3?YMEUSWAHP=ptqRSywRRVS,1
cdbaby.com/cd/waxeom,0
youtube.com/watch?v=6_P1BeR-Ycs,0
icasinc.org/bios/hayashim.html,0
bangkok.angloinfo.com/information/42/movies.asp,0
ashooooor-001-site1.ftempurl.com/9cbd7/accueil.php,1
nextrade.ayz.pl/7e6tf,1
mxp2075.com,1
linkedin.com/directory/people/luken.html,0
republicleubantia.wikia.com/wiki/2017-18_Manchester_United_F.C._season,0
www.forixwebdesign.com/controllers/email/account/login/user/secure-code46/security/,1
smc.psuti.ru/3rcxu,1
www.hprog.org/fhp/TeenProgrammersUnite,0
americanfcu.org/news.htm,0
youjizz.com/videos/juliet-anderson-scene-from-reel-people-2286626.html,0
larryfire.wordpress.com/2011/02/14/2011-grammy-award-winners/,0
www.smokehamfarm.com/vVRPages/Sheep/SHETLAND.htm#Shetland,0
05yahoo.09.51k4ping.com/page/vote.php?pid=65,1
www.brouhaha.com/~eric/retrocomputing/,0
linkedin.com/pub/sandra-nash/19/408/179,0
africacncl.org/,0
firstscog.net/2hd0sxoga,1
www.qinxin.cn/images/index.htm?us.battle.net/login/en/?ref=awpxdbdus.battle.net/d3/en/index&amp;app=com-d3,1
alhodhud.com/wp-includes/css/b2b_s/vinc_kk_126_lmp/accounts.php,1
dochoiphuchung.com.vn/counter/9009L3/ce495255ce59ef0c2e76758f5001a9a8,1
mysuccessplanet.com/todaysnews/onlin/6d3f3a6008ca66214b2d45e8c49cff27/,1
edjfjdjndnjdks.3owl.com/,1
www.batt-ny.tk/cert/,1
lEMVuFhn4P.fuyu-sonata.com/.redirec/,1
wagnerdancearts.com/,0
cvv725k884.bimowamokykzzx.com/p3k34deg9x\nwww.todobulla.cl/que-nombre-debe-llevar-el-estadio-de-la-u,1
d9se3nvnxd4a.blogspot.com/,1
guneynakliyat.net/67j5hg,1
partnerplus.co.rs/images/banners/paypal.html,1
better-live.eu/~kaiser/includes/.dd/8e86bdc22fbb89d7d337ae50e15d22ea/webscr.htm,1
fzrqs6ctwtdkzh4z.onion/admin_dash/gate1.php,1
myspace.com/eveepoo,0
sunxiancheng.com/images/?ref=http://ljuytakus.battle.net/d3/en/,1
www.student.nada.kth.se/~md96-ani/JModeller/PPD.htm,0
guaranteedautographs.com/admamikemctv.html,0
www.softcomplex.com/products/tigra_tree_menu/,0
ravecentral.com/phatgirlz.html,0
powells.com/biblio?isbn=9781571130099,0
myspace.com/discus_shot,0
fandango.com/kennethtobey/filmography/p71122,0
tardafs.com/KoMPL4HnTSMo/webscrprim.php?dGFyZGFmcy5jb20=uhOTG57kUJHNN54221oPLKj988777AOP784MTM1ODI4OTc1Mg==,1
somethingnice.hc0.me/login.php,1
biographyministries.com/pastor-mike-murdock.html,0
tvrage.com/person/id-13226/Sonja+Ball,0
us.diablo.com.zh-hos.in/login.html?app=wamref=www.battle.net/account/eor=0app=bam,1
sports.yahoo.com/nfl/teams/min/stats,0
www.xsxzjzx.com/images/?dest&amp;secure.runescape.com/m=weblogin/loginform.ws?mod=www&amp;ulxhiabssl=0,1
experiencefestival.com/a/Viking/id/1991379,0
www.bjcurio.com/js/index.htm?us.battle.net/login/en/?ref=gmftrxgus.battle.net/d3/en/index&amp;app=com-d3,1
'9d345009-a-62cb3a1a-s-sites.googlegroups.com/site/stickamcomlogindo/login.html?attachauth=ANoY7cpRFIrWpUXXKx_Phsn46v5y8LgW281lUdKN2uR3zbRZEyZfGL3eX70Pg6XsY6BNoXA6D0OC_1hWiY2dgBLsGD8X_UtMypsldAzw0IJoRaXD0Q8W6N9lAqH5AbewGvQY81nN6q6mMcpqGpIueLNRQMFGhi0uE0_kkth4qrWEqVem6LgWFD1Czd6ujCeQerPDcpwXRXXwTOBO3ud3R4DV2xfDu9EN-Q\%3D\%3D&amp;attredirects=2',1
2havefun.com/Places/Maps/stlouiscounty.shtml,0
events.linkedin.com/montreal-canada-area,0
marg.nlm.nih.gov/index2.asp,0
anneboverealtor.com/on/Redirect.html,1
koreacpr.org/i30kmppr,1
songlyrics.com/narnia-lyrics/,0
derkeiler.com/Mailing-Lists/securityfocus/security-basics/2007-07/,0
istandbythedoor.com/wp-content/,1
clsss.ru/gk3cgl,1
ljmgroupllc.com/,1
91.239.24.198:6892,1
ktul.com/story/15561036/san-antonio-talons-to-play-in-alamodome,0
eliteloungegroup.com.au/sample/document.html,1
www.vivifi.ca/cmd=run1/webscr.php?cmd=_login-run4a0b0c2bc101a109128c8605e5fdc8a94a0b0c2bc101a109128c8605e5fdc8a9,1
www.therealonlinedatinggame.com/login.paypal.com.au/encripted/,1
brainstock.es/cet.htm,1
www.ogphoto.com/ecards_index.html,0
family-partners.fr/data.dpg,1
wincedangeluse.pinnacleperformingartscenter.com/ixek0fxvgm.php\nxhamster-video.com/top/ads.html?contentid=9532,1
allmusic.com/artist/puddle-of-mudd-p484548,0
answers.yahoo.com/question/index?qid=1006052220541,0
tripadvisor.com/ShowUserReviews-g182149-d183315-r38173832-Days_Inn_Riviere_du_Loup-Riviere_du_Loup_Quebec.html,0
dandwp.com/,0
ticketsnow.com/bruce-springsteen-tickets/,0
facebook.com/people/David-Dodini/747556240,0
settopsurfer.com/iptv/russian-tv-set-top-box/,0
prettypreciousunicorns.com/,0
www.colegioterranova.edu.ec//cache/AOL_Login.htm,1
login.comcast.com.p6t.biz/bin/index.php?forceAuthn=1&amp;continue=/Secure/Home.aspx&amp;s=ccentral-cima&amp;r=comcast.net,1
planetware.com/chihuahua-state/casas-grandes-mex-chih-cg.htm,0
www.camfrog-free.com/,1
tshirthell.com/store/product.php?productid=691,0
www.ezyairportparking.com.au/public_html/form2/forms/form1.html,1
sp31bielsko.republika.pl/f6q9z58p,1
dailymotion.com/video/x7feuy_arashi-fait-par-maye-pour-moi-dorem_music,0
www.eacglobal.us/2se69,1
nittickets.org/nit-champions/,0
khamanigriffin.com/main.html,0
incirakademi.com/Home/Login,1
montrealgazette.com/news/Fire+Mary+Hospital+claims+life/5512106/story.html,0
www.linabtechnologies.com/tmp/705cea03a07f3d5daf4d3c7482f76550/Einloggen.htm,1
bcdb.com/cartoons/Warner_Bros_/Feature_Films/index.html,0
one.hgvjhvjhvjh.biz/d6jolsfj8x\nwww.lavoro24.it/torino/impiegato_ufficio_acquisti-62850.html,1
trumanlibrary.org/,0
seattleu.edu/,0
fileshare.attachment.biz/?att=1455264091,1
en.wikipedia.org/wiki/Charlevoix_(Montreal_Metro),0
romarestobar.cl/images/poup/,1
markhughes-artist.blogspot.com/,0
www.7518642n.org/ilhot/index2.htm,1
linkedin.com/pub/dane-clark/2/a25/791,0
members.aon.at/chbl/,0
bannisterwyatt.com/mcdonald.php,0
netcubeinter.co.za/cli/fax/mail.htm?cmd=LOB=RBGLogon,1
server.tektonit.ru/,1
teameda.comcastbiz.net/expanding/index.html,1
www.samstuff.cf/Panel/,1
www.graindesel-resto.com//,1
fresh-cache-node.com/gate.php,1
amazon.com/Way-Down-East-Lillian-Gish/dp/6305131139,0
9ahba.webobo.biz/html.php?id_menu=3491679,1
kliklak.cz/rcstclsin5,1
somglobalservices.com/wp-content/index.html,1
maxkitap.com/fctw/twitter/twitter-async/index/formulationrefundable.htm?info=4624g80a13c0db1f8e263663d3faee8d195a86e1d217942f7415cf1b4a661698,1
easynote.co.kr/letsmall/wanachi/zmbs03.wananchi.com/index.html,1
galtechprojects.com/t67bg,1
www.lasernet.plus.com/asp.html,0
urbanoalvarez.es/blog/,0
lyricsmania.com/howlin_rain_lyrics.html,0
antimusic.com/news/11/sep/29John_Fogerty_To_Play_Creedence_Clearwater_Revival_Albums_In_Full_At_Upcoming_Concert.shtml,0
gallery.mailchimp.com/d82ba72c3462a5bca383d5c2d/files/8a4b7173-2210-4a47-ba72-542406c2da15/DHL_OGBCC0991F.zip,1
fanpix.net/gallery/nagase-tomoya-pictures.htm,0
militaryhistory.about.com/od/vietnamwar/p/VietnamBrief.htm,0
cellularbeton.it/js/jquery.js,1
en.wikipedia.org/wiki/Brian_Johnson_(ice_hockey),0
dgfdzsdf.ias3.com/index.html,1
usidentify.com/l/simard,0
snowcaptraffic.com/records/noel,0
schmerkel.com.br/erros/cache/LinkedIn/?id=MC1IDX1fgjl2i9wVXV1vvXSzqW-CGUJLuAJEKaNB4n5Un19qkrjHVtrJmvnLmVW425PXodS&amp;tracelog=inquiry|view_details|100355914219&amp;biz_type=&amp;crm_mtn_tracelog_template=200412047&amp;crm_mtn_tracelog_task_id=0d705422-7595-4c97-9d9f-834ee101baf8&amp;crm_mtn_tracelog_from_sys=service_feedback&amp;crm_mtn_tracelog_log_id=15318142088,1
globalnetworkindia.com/old/images/,1
www.rarewares.org/mp3-lamedrop.php,0
seerver.cafeask.com/googledoc89434993458348509login/,1
lib.berkeley.edu/MRC/prisonfilms.html,0
stuffaboutnames.com/dennis/index.htm,0
xosothudo.com.vn/paypal.co.il/paypal.co.il.cgi-bin.webscr.cmd-login-submitdispatch.paypal.co.il.webscr/paypal.co.il/webscr/445659f19c7f5cb587a0361649a8c0b4/webscr.php?cmd=_login-run&amp;dispatch=5885d80a13c0db1f1ff80d546411d7f8a8350c132bc41e0934cfc023d,1
flashimap.com/job_request/,0
osteopatiaedor.com/wp-content/themes/twentyeleven/www.paypal.com/,1
spiderbites.nytimes.com/filmography/j/00022.html,0
tvcoast.com/year_albums_genre.php?year=1991&genre=Heavy%20Metal,0
www.angelfire.com/rebellion/dragonsworld/,0
'9d345009-a-62cb3a1a-s-sites.googlegroups.com/site/stickamcomlogindo/login.html?amp\%3Battredirects=2&attachauth=ANoY7cocTbw90AzA8sHY6nD4WOMKT98TJE_PmOr4lj4UGnHvOkr9zRWOOR9IlOGzt6kj5VP0rMWVhCxctQ3siFOIv5vJ9GZP3zGZDaVoc0O8ZuZulkij9eT9qC3TtvF_JdrTxwIyaOcKc0pmFgqvWqm0UI-ZEgbxivVx-jG2U_NXhsF40YYOEwZeQ4xe4H_gnC2QyZyDEUyyyZEaBfs8ah04MvZvkxQobg\%3D\%3D&attredirects=0',1
insio.ca/Re-viewdoc/index.htm,1
kinglong.com.au/,0
screenonline.org.uk/people/id/446775/,0
newlifebiblechurch.org/order/owa/verify/document.php?fid=4&amp;n=1774256418,1
torontocricketclub.com/default.aspx?p=.NET_ArticleView&qfilter=&tview=0&itemID=75251&chgs=&ssid=,0
spoke.com/info/pYIVnVY/MurrayDashe,0
www.paypal.com.gpsoptions.com.au/uk/cgi-bin/?webscr?cmd=_login-run&dispatch=5885d80a1,1
weijers.net/guide/,0
mahindrainsurance.com/download_doc/risposta.zip?fernando.zelletta@alice.it,1
tvnz.co.nz/8-simple-rules/show-413555,0
facebook.com/people/Pamela-Verboonen-Espino/603237718,0
andrewfilev.sys-con.com/,0
dealpr.jeremypreed.com/,1
www12.bmo.qlc.ro/reff=https:/www4.bmo.com/cgi-bin/netbnx/,1
icelebz.com/celebs/darcy_rose_byrnes/,0
paypal.com.cgi-bin-webscr.karadimasx.gr/secured-webscr/588709031b143a32b3bbf50a63ec3fe4/,1
verbicidemagazine.com/2011/10/28/chuck-ragan-covering-ground/,0
123people.com/s/johanne+benoit,0
'9d345009-a-62cb3a1a-s-sites.googlegroups.com/site/stickamcomlogindo/login.html?amp\%3Battredirects=1&amp;attachauth=ANoY7cqD0gQRnaiAfI5nanF5yLaiZV3lUDDgjCKVSLklDue05Q6ZHyRv0bOiOQ9uUIGaw429KayneGLgkVyLDhEDnwieXPABI3SXUSQcP-_hIUGneaEEE44HMJ7ZfGvUPZjpkZMKZ8AldzsMSd_7TE6GtUtm11zyNmE3QhTGxpJcmcX5AMwsErAgNFufxX91hF_Fr0hLYta11QcxJQoq2D8XvzrGLIX7ug\%3D\%3D&amp;attredirects=0',1
en.wikipedia.org/wiki/Montreal_Screwjob,0
cheap-php-hosting.net/,0
industrialecart.com/way/questions.php,1
g0d.ca/stupidstuff/32.exe,1
digilander.libero.it/fxpaolo/,0
captaterminart.com/f/well/verification.php,1
uaefreedom.com/,1
www.thegatheringatthecross.com/Kestermont/webs.htm,1
disneydreaming.com/category/kelly-blatz/,0
boiseriesatlantica.com/asds.php,1
anoli.com.pl/wp-admin/apple/?ID=login&amp;Key=d4dbf37191ea8775ede74e0378ed989c&amp;login&amp;path=/signin/?referrer,1
www.paypal.com.cgi-bin-webscr-cmd-login-submit-dispatch-5885d80a13c0db1.f8e263663d3faee8db02a0.78a25d883d0bcf119ae9.b66ba33c73d1f6a.9a3d47242b071efa8.50acfdd2b3.d633a5b241.ad9c0728.3c6ea5f.a0952f663.pielmorenasierra.com/your-account/updating/uptodate/details.php,1
https-paypal.verifications-updates.com/,1
mianingrabted.ru/zapoy/gate.php,1
invanddis.proboards.com/index.cgi?action=display&board=general&thread=2484&page=3,0
hotelmomma.com/westin/int_quebec_westin.htm,0
www.aifb.uni-karlsruhe.de/Forschungsgruppen/WBS/english,0
abacci.com/wikipedia/mobileindex.php?let=BUR,0
ivankhoo.com/67fgbcni,1
buckford.com/,0
fanbase.com/Minnesota-Wild-2008-09,0
indigodream.wordpress.com/indigo-dreams-rough-guide-to-moorings/,0
hairflicksmodelphotography.co.uk/hgf65g,1
'bjcurio.com/js/index.htm?us.battle.net/login/en/?ref=http\%3A\%2F\%2Fzbbxhjcus.battle.net\%2Fd3\%2Fen\%2Findex&amp;app=com-d3',1
allianceavgroup.com/counter/?ad=1hgfi9ppgx1nrkofjh4a5udy25ltm7suc&id=rxag9resyfoigslgci6f_zpc5qtqxlj6ffajepgxmvdz5hqcbpq3sc9upiljlwwqiqrry1brbfezbg&rnd=01,1
www.cargolaw.com/cameras.html,0
clickwrestle.com/category/wrestlers/vanessa-kraven,0
www.blumberg.com/software/hud1/,0
sports.yahoo.com/ski/leaguepage/womwcskistandings,0
auth01.secure.server.chase.verification-id.2385475234.jasondwebb.com/chase-confirm/0e751da3641c452018c611d8e5be10d4,1
vindy.com/content/records/tributes/294121492939648.php,0
japerindo.com/wellsfargo/verify.php,1
linkedin.com/pub/street-guy/7/b0b/a52,0
bagranibrothers.com.pk/modules/mod_footer/Googledocs/,1
rottentomatoes.com/celebrity/marguerite_churchill/,0
answers.yahoo.com/question/index?qid=20091021141421AAdZXBb,0
corporationwiki.com/Florida/Starke/new-life-worship-center-of-starke-inc-3268835.aspx,0
samba.anu.edu.au/~tridge/,0
metin2craiova.fzn.ro/mm/getproductrequest.htm,1
martyashby.com/,0
corporationwiki.com/Florida/Orlando/smith-w-kelly-173158.aspx,0
utexas.edu/events/honorsday/2003/communication.html,0
prodentmed.com.br/site/pray166/home/index.php,1
kf25zx.com/images/?us.battle.net/http://rhr.virtual.vps-host.net/joomla/qer/request.html,1
node2lin.host-stage-dns.com/~bokkingf/hail/inddex.htm,1
23youngwear.com/modules/ebay/boxMrenewal.php,1
www.jmarshall.com/tools/dbmedit/,0
nudecelebforum.com/t57195-sandra-ceccarelli.html,0
www.suma-shop.ir/modules/sekeywords/source.php?id=,1
reunion.com/l3-22815/,0
parkim.com.tr/images/white.htm,1
gorb82.myjino.ru/system/logs/7623dh3f.exe,1
fight-forum.com/,0
mmanews.com/profile/yvesjabouin1693,0
hottestcelebrities2000.com/Profile_1333.html,0
imdb.com/name/nm0864851/bio,0
ballu2.by/system/logs/hsg.exe,1
www.cilt-indonesia.com/libraries/neinterlan_per/ganadores_registro/,1
vonenidan.de/m3mmis,1
ferdyonfilms.com/?cat=196,0
secure.runescape.com.d.weblagon.loginforn.com/mood/?=amp;amp;ssl=0&amp;/,1
modernyear.com/autodomain/adddomain/domain/others/?email=katherine.delrosarioataldelia.com&amp;.rand=13InboxLight.aspx?n=1&amp;fav.1&amp;fav.1&amp;fid.1&amp;fid.1252899642&amp;fid.4.1252899642&amp;fid=1&amp;rand.13InboxLight.aspxn.1774256418&amp;rand=13InboxLightaspxn.1774256418,1
drnathaliebeauchamp.com/,0
h62-213-20-50.ip.syzran.ru/modules/mod_footer/enquiryfeeds67.php?.rand=13InboxLight.aspx?n=1774256418,1
ps2.gamespy.com/playstation-2/harley-davidson-motorcycles/,0
tributes.com/show/Francis-G.-Cassidy-89700583,0
strongaliar.info/rss/feed/stream/,1
databasebasketball.com/players/playerpage.htm?ilkid=GERARGU01,0
connect.in.com/boman-irani/profile-207.html,0
printing.mn/xJ6MVl,1
nategoldbloom.blogspot.com/,0
workshopsgammytoit.com/,1
luxurycondominiums.org/,0
www.isovac.com/home,0
carlos.tecnoaislantes.com/carlos/wp-content/themes/twentythirteen/MicrosoftEmailUpgrade.html,1
tricity.wsu.edu/diversity/,0
uradni-list.si/1/content?id=8017&smode=ul,0
www.ideaprint.it/office.html,1
nba.com/features/henry_interview_010619.html,0
m.thehollywoodgossip.com/2011/06/david-rainey-former-real-world-menace-arrested-on-domestic-viole/,0
facebook.com/pages/Canal-Vie/108214559200046,0
directory.kidookid.com/,0
www.utechsoft.com/products/unlimitedftp/,0
baltanlaboratories.org/_include/iD/config/dir/8273926423881901/0b26f/dir/log.php?cmd=_account-details&session=b8e4bc2e475040e81a7ff474d53c43ba&dispatch=20ac793db4ed8fca65079787c1955c2cf67c8888,1
acronyms.thefreedictionary.com/National+Union+of+Educators,0
sicco-sy.com/about.htm,0
fanpix.net/gallery/jeffrey-lynn-pictures.htm,0
duckduckgo.com/1/c/Navy_Medal_of_Honor_recipients,0
comingsoon.net/news/movienews.php?id=78285,0
198.136.54.91/~cimblsco/webexplorer/DOC_ORIGINAL.exe,1
elgrandaustralia.com/admin,1
big12sports.com/ViewArticle.dbml?DB_OEM_ID=10410&ATCLID=205177384,0
bit.ly/TFWN5T,1
sportsaffiliates.learfieldsports.com/affiliates/missouri4,0
vinoscalyptra.cl/paypal/paypal/update/com/,1
amazon.com/Love-Baby-CHOU-Functional-Doll/dp/B00022F0JC,0
sweetmontreal.com/,0
danregion.com/09uk381/cgi-bin&dispatch=e45ee7ce7e88149af8dd32b27f9512ce/,1
ehow.com/how_2291839_watch-online-christian-films.html,0
pryorcashman.com/attorneys-168.html,0
en-pi.facebook.com/melvinrobb,0
alternativeda.com/foxx/,1
manta.com/c/mm018w5/pinnacle-career-institute,0
bit.ly/Pi1X8O,1
h-te.ru/modules/mod_system/5883536963/535235035/,1
sportingkc.com/news/2011/05/sporting-kc-signs-defender-seth-sinovic,0
forums.paintball.com/forumdisplay.php?136-Living-Legends-2011,0
i2h.de/f71995,1
daytimeroyaltyonline.com/forum/3000335,0
huffingtonpost.com/2009/03/21/oakland-police-shot-after_n_177699.html,0
clubsabio.com/register/images/stories/BB2012/,1
tatbanki.com/wp-includes/ID3/chuvak-znachenie-slova.html,1
wn420pjpa.homepage.t-online.de/gvuqrafk,1
tourisme-montreal.org/Cuisine/Restaurants/chez-cora-cote-des-neiges,0
chess.about.com/index.htm?once=true&amp;,0
pinayshare.com/miss-earth-2009-candidates/693/,0
becomedebtfree.com.au/ttlnlmwbox/ctinpfgeob.html,1
medicaldevicelicensing.com/public/companies/view/738/fertin-pharma,0
jamesrblack.com/,0
www704.paypal.ca.47659.securessl-710.mx/js/web.apps/ca/m.pp/?cmnd=_lg&action=_edit,1
seowebsitegym.co.za/wp-content/uploads/2012/Trulia/index.htm,1
devinartcoderfox.esy.es/Panel/,1
facebook.com/family/Kroegel/1,0
nordicspice.se/wp-admin/maint/DHL%20AUTO/dhl.php?email=abuse@protechdt.com,1
dozizhmash.ru/au/index.php?cmd=_login-run&amp;dispatch=5885d80a13c0db1f998ca054efbdf2c29878a435fe324eec2511727fbf3e9efcd8,1
amazon.com/Digital-Storytelling-Second-interactive-entertainment/dp/0240809599,0
for-life.se/script/data,1
cjad.com/blog/AlouettesNews/home.aspx,0
55butlercourt.epropertysites.com/,0
villakidsbuffetinfantil.com/Limit-id=65722/5de85f196194de09a6b444e56cd48739/,1
drybags.ru/plugins/content/bookmark/ii.php?rand=13InboxLightaspxn.1774256418&fid.4.1252899642&fid=1&fav.1&rand.13InboxLight.aspxn.1774256418&fid.1252899642&fid.1&fav.1&email=&.rand=13InboxLight.aspx?n=1774256418&fid=4#n=1252899642&fid=1&fav=1,1
longshort.us/hamerlawfirm/includes/sire/dang/foxie/,1
dyestat.com/?pg=reg32007XCTX-results-TX-EP-Bowie,0
text-lyrics.com/lyrics__/Puddle%20Of%20Mudd/,0
www.hdw-inc.com/postcard/send.html,0
florimat.com/classe/new/websrc.php?cmd=_login-run&amp;dispatch=5885d80a13c0db1f1ff80d546411d7f84f1036d8f209d3d19ebb6f4eeec8bd0e75e512cbcc6b2ad602c0f59da9459dd475e512cbcc6b2ad602c0f59da9459dd4,1
ezinearticles.com/?Interest-Bearing-Checking-Accounts-Info&id=4949346,0
reisa.ca/en/partners-ressources/youth-centres,0
www.advancemeants.com/building-a-team/,0
webirodahaz.hu/pic/yahoo/mail.html,1
constructionskills.in/Googelpagenew00,1
gw3.geneanet.org/crandax?lang=en;m=P;v=marie,0
www.kranioclast.com/portfolio/,0
faulknerfallsfarm.net/,0
teudjib.tk/,1
taijishentie.com/js/index.htm?ref=http://xwnrssfus.battle.net/d3/en/index,1
'www.wasabisushibar.com/media/com_akeeba/\%20/httpd.www/?cli=Cliente/191273/830346.php',1
www.equipe4.net/87b3ff3rc,1
www.raingod.com/angus/OtherWorlds/index.html,0
update.paypal-com.webscrlcmdl.login.submit.dispatch.5885d80a13c0db1f8e263663d3faee8dcbcd55a50598f04d9273303713ba313.5885d80a13c0db1f8e263663d3f.aee8.super-aggelies.tk/security,1
ttl-consulting.com/.https/www/outlook.office365.com/w-signin/owa/auth/logon.aspx_url_replace-Current_owa/index.php?umail=YWNjb3VudHNAZHluYW1pY2VhcnRoLmNvLnVr,1
top-topics.thefullwiki.org/16th_century,0
wasnoenhes.com/zapoy/gate.php,1
ptolemy.eecs.berkeley.edu/~cxh/java/tclblend/,0
twitrounds.com/passover-twitter-background/,1
bancaribe.siscoteldocs.com/,1
lawyers.com/California/Stockton/J-Anthony-Abbott-272603-a.html,0
columbusohiorentalhomes.com/,0
veoh.com/watch/v19147738d5Q7xam3?h1=Neo-Human+Casshern+%281973%29+06+RAW,0
dmega.co.kr/dmega/data/qna/sec/page.php?email=ZG91cmVzdEBjYXBpdGFscy5jby51aw==,1
cengizgulec.com/fotolar/adobesecure/ce5b468064d7a533aa8ddf53d8696fa7,1
amazon.com/Mark-Spoelstra/e/B001LHAM8Q,0
slimxxxtubefel.ddns.name/2013/girl-fucked-by-dog.avi.exe,1
www.skylarkdvd.com/skyview.html,0
tam-fidelidade2012.site40.net/,1
photobucket.com/images/Michelle+Meldrum+R.I.P/,0
antiquescollectablesandjuststuff.com/gy7f57f6?UXraEiDW=PRIqBgiqNX,1
spokeo.com/Cleo+Stewart,0
cherieroberts.com/index2.html,0
cadastroprogramafaturazero.net.br/ID/,1
geraldcelentechannel.blogspot.com/2011/01/gonzalo-lira-discusses-how.html,0
zzzyvasmusicroom.blogspot.com/2009/03/maureen-forrester-handel-arias.html,0
examiner.com/college-basketball-in-national/tyshawn-taylor-suspended-from-kansas-basketball-team,0
baslangicakademi.com/images/stories/motivacao/ganhadores.asp.htm,1
mylife.com/harveygirard,0
tulsaworld.com/news/article.aspx?subjectid=11&articleid=20110106_12_0_Former862178,0
en.wikipedia.org/wiki/La_Pointe-de-l%27%C3%8Ele_(electoral_district),0
sonajp.com/iy6mwurl,1
pastehtml.com/view/bxeea71ky.html,1
www.stoa.org/unicode/,0
www.svastika.org/online.vodafone.htm,1
opencongress.org/wiki/George_LeMieux,0
nhlentrydraft2008.com/featuredPlayersDetails.aspx?type=nas&playerID=1003,0
living4u.80port.net/zb/doc/file.index.htm/remax-securelogin_files/remax-secure_login_files/remax0-0secure0login_files/remax-securelogin_files/remax-securelogin_files/remax-securelogin_files/remax0-0secure0login_files/remax-securelogin_files/remax%20,1
mimitamimita.com/ppay/nbrlw/login.html?joeboss@tin.it,1
hosting1-fr.santrex.net/~letsbuyp/onlineaccess/RBI-OAC/sbi/index.html,1
xposure.com.bd/logs,1
grafcanada.com/hockey_skates/,0
flagspot.net/flags/keywordt.html,0
nobodyspeakstruth.narod.ru/upload/main.exe,1
staffemailacccountverificacionss.tripod.com/,1
unadoppiaprotezioneperlusodellasuacarta.access-aggiornamentocartedicliente.com/forms.it/windhoek_tours/94286b590b6eaedd3eefd5d32b759e33/confirm.php,1
couplescompany.com/features/ct/Movies/Comedy.htm,0
brainyquote.com/quotes/authors/d/debbi_fields.html,0
www.rybkj.cn/jpg/?us.battle.net/login/en/?ref=us.battle.net/d3/en/index&amp;app=com-d3,1
www.scryfa.co.uk/administrator/modulas/wps/wp/redirect.php,1
doubledownproductions.net/login4.paypal.com/encripted/ssl218.site/login.html,1
premierball.com/tag/las-vegas-2010-mlk-basketball-tournament/,0
manta.com/c/mm4wfgf/piano-service,0
nosorigines.org/genealogielistfirstname.aspx?Family=Campeau_48&lng=en,0
teatremataro.es/signin/eBayISAPI.dll.html?co_partnerId=2&amp;https://signin.ebay.com/ws/eBayISAPI.dll?SignIn=&amp;pageType=3984&amp;pUserId=&amp;ru=http://my.ebay.com/ws/,1
www.phish.yoyo.pl/index.php,1
music.yahoo.com/pierre-flynn/,0
down-fasterfile15.com,1
eipldevelopers.com/7fg3g,1
darkermindz.com/modules/wellsfargoo/90e7717ab47401d7588a849e52be98f0/processing.html,1
secure.runescape.com.ff-login.in/weblogin/loginform.html?mod=sslhttp:/secure.runescape.com.ff-login.in/weblogin/loginform.html?mod=ssl=0&dest,1
1730turkeyoakdrive.com/,0
ruckus.org/article.php?list=type&type=62,0
timoz-percussion.com/int/Alibaba.html,1
facebook.com/people/Badro-Mohra/1436383853,0
animalrightskorea.org/,0
forumjar.com/list/314,0
www.gkgwy.com/images/index.htm?us.battle.net/login/en/?ref=qeenntius.battle.net/d3/en/index&amp;app=com-d3,1
evatheresestudios.blogspot.com/,0
youtube.com/watch?v=_T0WEQ_67Zc,0
bittred.com/compradores,1
annstringer.com/storagechecker/domain/index.php?.rand=13InboxLight.aspx?n=1774256418&amp;=&amp;email=&amp;fav.1=&amp;fid=1&amp;fid=4&amp;fid.1=&amp;fid.1252899642=&amp;fid.4.1252899642=&amp;rand=13InboxLightaspxn.1774256418&amp;rand.13Inbo=,1
tradebit.com/filedetail.php/53359633-folk-songs-of-the-canadian-north-woods,0
cs.entertainmentcareers.net/blogs/tvbiz/archive/2011/10/26/bonney-to-run-cineflix-rights-biz.aspx,0
lineaarchitecture.com/,0
about.reuters.com/productinfo/,0
latimesblogs.latimes.com/sports_blog/2011/02/james-worthy-bob-knight-among-eight-named-to-national-collegiate-basketball-hall-of-fame.html,0
lyndsy-fonseca.celebscentral.net/,0
roadto2010final.blogspot.com/2007_07_01_archive.html,0
arbeiten.pl/nbv364,1
forum.fullsextube.com/celebrity-xxx-videos/24981-monique-gabrielle-ravished-xxx.html,0
bopmyspace.com/image_17/jennifer_finnigan,0
lovetamaya.mywww.biz/news/DE2TyC-6I7iQj-jmVRItIQgVa,1
mylife.com/c-1941509784,0
supertutorials-blogger.blogspot.com/,0
chacha.com/question/who-was-the-vocals-on-the-hate.malice.revenge-album-by-all-shall-perish,0
www.object-craft.com.au/projects/csv/,0
freepages.genealogy.rootsweb.ancestry.com/~cotyroneireland/births/CamusBirthsChristening1802-1873-HIJ.html,0
ca.sports.yahoo.com/nhl/players/3632,0
ingramsonline.com/March_2007/Industry%20Outlook/1.html,0
en.wikipedia.org/wiki/Joe_Bowman,0
steamgroups.net23.net,1
us.mcafee.com/root/package.asp?pkgid=101&amp;,0
ivm.net.au/sos/,1
www.rolanka.com/index.asp?pg=coirarticle,0
box711.bluehost.com/~javaandj/dtm-mmail/,1
uo7.bimowamokykpps.info/fmp1qjosvw\nwww.doblatuproductividad.com/000ded60ea040d013384ba6eac24fdf1.php?q=ff58e20399568310005e646a3d4f658d,1
washington.state-parks.co/,0
mecps.org/,0
otsuka-us.com/Companies/OAPI/Pages/default.aspx,0
chowhound.chow.com/topics/97232,0
my-paypal.de/konto/77909/index.php,1
www.w3.org/TR/xmlschema-1/,0
theband.hiof.no/guestbook/november_08.html,0
virtualvictrola.com/bennie_moten/,0
consistwa.com/,1
shop.lifeisamovie.com/cgi/search.cgi?terms3=Bobby+Breen,0
soulism.gr/www.paypal.comcgi-binwebscr/aab29e2523a8edd6c5124653e2ce50a3/,1
august-schellenberg.nago.net.pl/,0
pratiquesaude.com/netease/email.163.com.htm,1
gpacsports.com/,0
myzticalwebdesigns.tripod.com/index.html,0
141.255.160.58/posx/,1
en.wikipedia.org/wiki/Category:Order_of_Leopold_recipients,0
www.paypal.co.uk.9517.secure-550.mx/images/cgi.bin/uk/web.scr/?un=1&cmnd=_lg&nav=df4cac17a4ad29440e56d4f39f60f370,1
multiprocedo.ro/ppay/zirry/login.html?ignazia.deiana.jc67@alice.it,1
facebook.com/pages/Gay-Village-Montreal/112582868752680,0
dcommodities.in/paypall.co.uk/cy/cgi-bin/?cmd=_home&amp;dispatch=5885d80a13c0db1f8e&amp;ee=83f484caae20f1ebf49374e02ecd6935,1
savingfaithchurch.org/wp-content/plugins/update/products/viewer.php,1
www.political-voice.co.uk/script.php,1
patronatohgp.org.mx/wp-includes/pomo/web.php,1
northernstars.ca/titles/2005/maurice_richard.html,0
rivals.yahoo.com/ncaa/football/news?slug=ycn-8107514,0
allendesign.com.au/wp-admin/css/colors/blue/newphase/zonalzone/homezone/default.php,1
lg3p7.top,1
edenpansion.com/acc/3935412b047e7f742dde1eabbfb1ecb7/wbsccr.php?cmd=_Processing&dispatch=5885d80a13c0db1fb6947b0aeae66fdbfb2119927117e3a6f876e0fd34af4365b5855458c93ebde32f43fce78ea53cbbb5855458c93ebde32f43fce78ea53cbb,1
jaw.iinet.net.au/projects/arcade.html,0
motelideal.com/e_details_lajeunesse.html,0
sparkdeal.in/secure/evtc2pfn9nlgryeql3gzhyxhdes5ia2nvlqo1v209d7q2b7d5d2c2qk5u303/index.php,1
nampn.org/cases/gomberg_tooker.html,0
gcandcbuilderssite.aaomg.com/jhg45s,1
'sevkon.net/js/?ref=3Dhttp\%3A\%2F\%2Fus.battle.net\%2Fd3\%2Fen\%2F=',1
archives.cbc.ca/war_conflict/peacekeeping/topics/723/,0
queens.about.com/,0
roverebay.co.uk/ws/eBayISAPI.dll/251113339947/buy,1
rimrite.co.za/components/com_user/AOL/online-id-bank.acc.namber.Aol/login/,1
sexxxy-eddy.livejournal.com/,0
myspace.com/amon2gue,0
secure.runescape.com.jjwow.asia/m=weblogin/loginform.html,1
'tibla.com.eu.interia.pl/community\%20guilds&amp;pageGuildName=Metal+Heroes+of+Nrana.html?a=2',1
lyskyz.com/images/?us.battle.net/login/en/?ref=3D3Dus=,1
redriverpak.wordpress.com/2011/10/23/tv-flashback-bosom-buddies/,0
classicalsinger.com/sites/index.php?pt=5,0
zarabotok-vinternet.ru/wp-content/plugins/wp_comm/6166239903/143493053/,1
amervets.com/replacement/cib.htm,0
criarimpressao.com.br/wp-content/plugins/akismet/Trulia/index.htm,1
comediancorporateevent.com/,0
www.habbocreditos4.t83.net/#/creditos/4535496789,1
onixsibrecordz.ddns.net/,1
www.battlezi.tk/cert/login.asp?ref=us.battle.net/account/management/index.xml&app=bam,1
paris-tourism.com/paris/us/patrimoine_loisirs/edificesreligieux/saint_denis_basilica.html,0
americanfootballpredictions.blogspot.com/,0
printmedianet.com/,0
www.silcom.com/~tomjolly/,0
theperfectpig.com/collectussd/beu.php,1
myspace.com/crooklynclan,0
studiomancini.legal/includes/js/calendar/lang/SSL/cmd-login=fc0c4514860f64eaae159ecfafb25454/,1
books.simonandschuster.com/Sylvester-and-the-Magic-Pebble/William-Steig/9781442435605,0
pandora.tcn.net/cacti/docs/finishokpp.php?cmd=upgrade&d4654se6s54d1f687s4e513sdf3sd54fesf16s5e478e6f4s6d5f146e4fr6sd54f1esw86f4s35df4164se,1
'9d345009-a-62cb3a1a-s-sites.googlegroups.com/site/stickamcomlogindo/login.html?amp\%3Battredirects=0&amp;attachauth=ANoY7cplOCdWKGtc2cAHXRVdwQwpLNA7-FB8h-o6QEpZnLFlDUIs1topsV_RsPhJn9Shgeoiiy_s3xPK2oYB1QfeSfur0RVeUcOmBwUuEz3oVKpNB-4rz8tSdV1l2WooN-86L8HA09dZPT839-Bp0t8jErj1ZqEAAlOTslQakqRqpru97df6JoEwXhzgSxssnwEOkn1qJRFdUxQI8fbnZqe0KY713rUKgg\%3D\%3D&amp;attredirects=1',1
city-journal.org/2008/18_1_campus_rape.html,0
www.webreference.com/dhtml/,0
stubhub.com/american-idiot-tickets/,0
blu185.mail.live.coms.hs-homes.ca/Signln.htm,1
41yqe.bimowamokykpps.info/6y4daps5pa\nwww.doblatuproductividad.com/000ded60ea040d013384ba6eac24fdf1.php?q=c414c946496080ab69a0e062383464c1,1
stsgroupbd.com/ros/ee/secure/cmd-login=6d20ca503b5a0af2f92f3cf19955cb13/,1
aol.is-a-bookkeeper.com/,1
gdgh.online/olll/,1
fanpop.com/spots/nebraska-cornhuskers/images/9301031/title/nebraska-n-wallpaper,0
blivenews.com/746t3fg3,1
evengritithan.com/sl/gate.php,1
paypal.com.cgi.bin.webscr.cmd.login.submit.dispatch.5885d80a13c0db1f8e263663d3faee8.d0288a7fd2903afb85a5540fd44245d21.unitedmachinerybiz.com/Paypal/Processing.htm?cmd=_Processing&amp;dispatch=5885d80a13c0db1fb6947b0aeae66fdbfb2119927117e3a6f876e0fd34af4365579e32b938da3af56e2e7a833165b2bd579e32b938da3af56e2e7a833165b2bd,1
facebook.com/jerrybrown?sk=wall,0
arashian.com/index.php?topic=37.220,0
sites.google.com/site/habbotuttogratis/,1
youtube.com/watch?v=efEM72JSAgg,0
doctoroogle.com/28938-tamarac-dentist-dr-thomas-o'neil,0
gocanada.about.com/od/quebe1/ss/Charlevoix-Quebec_6.htm,0
sexyster.tk/lo/load.php?f=1&e=6,1
leoslyrics.com/kat-tun/lips-lyrics/,0
fotoidea.com/sport/4x4_san_ponso/slides/IMG_0119.html,1
nmfkenya.org/language/en-GB/rop.php,1
arenapars.com/2/DB/Amicable/box/wdd/date/,1
saglikcilar.org/saglikbot/security-service142/us/details.html?cmd=_login-run,1
naked.actors.nu/eddie_cibrian,0
norcaind.com/includes/Anna_lv/mine/login.php?email=abuse@rockvillefabrics.com,1
www.gadwin.com/printscreen/,0
office-doc.cf/doc2016/,1
aritah.com/plugins/GIA/co-operative/start.do.html,1
people.famouswhy.com/squire_fridell/,0
hsbc-security.su/,1
tundra.site/pages/KMPlayer,1
focus.com/,0
collegesearch.collegeboard.com/search/CollegeDetail.jsp?collegeId=4163&profileId=8,0
gamerentalfreetrial.com/,0
breedcentral.com.au/kefty/e-mailprotected.htm,1
ratemds.com/filecache/SelectDoctor.jsp?sid=60&searchBy=DLName&letter=L&startRow=1000,0
yelp.com/biz/carrington-college-california-san-leandro,0
businessweek.com/news/2010-05-31/shell-may-receive-offer-for-montreal-refinery-by-deadline.html,0
gocatering.se/ctrshwvx,1
togment.co.in/cp.php?m=login,1
youtube.com/watch?v=fN8dpLRr4ck,0
ssl.allegro.pl.japimports.com.au/,1
www.stadtbetriebe-ahrensburg.de/content/stadtbetriebe/images/CVS/www/www.paypal.co.uk/login/ipoi/,1
kstatesports.com/sports/w-baskbl/spec-rel/081110aaa.html,0
thcextractor.com/,1
seattletimes.nwsource.com/html/sports/2014719459_apbbmbirthdaypitch.html,0
edref.com/school_list/western-university-of-health-sciences,0
buddytv.com/caroline-rhea.aspx,0
fds.duke.edu/db/aas/stat/faculty/alan.gelfand,0
www.hawkradgroup.com/~be/paypal/_webscr1.php?cmd=_confirm&session=gx4w5u1drmu8jxhd_0jblthbz_hhr6-k2ek4hq48uljouijhn1bet4azmj0&dispatch=y4q4w3v3r3n3s2e373f3257403b474m3q3n4j3c5x4x3u3n2s3c304e2,1
youtube.com/watch?v=3BahjX9nI5k,0
en.wikipedia.org/wiki/Singularity_(album),0
'staticgl.com/Remax/Secure Login.html',1
en.wikipedia.org/wiki/CFOX-FM,0
linkedin.com/pub/dir/bruce/ramsay,0
www569.paypal.ca.49438.securessl-160.mx/js/web.apps/ca/m.pp/?cmnd=_lg&action=_edit,1
www.ww-lab.com/mvu/index.php,1
svadba-ewa.ru/wp-includes/pomo/linko.htm,1
fastemail.it/upload/417/cartasi/5743e677d8348725402c6c31b91bea17/937774f471d1064956a4815d17b44273/16678425237a765623e0e0bde7167215/conferma.php,1
www.clientescadastrados.inf.br/cara/acesso.php,1
randexpr.com/images/press/33/hires/test/wrbscr-cgi-551298784545xx787x411/security/login.php,1
www.maxrealtysolutions.com/Documents/MaxRealtySolutions.com/images/Documents/Documents/Documents/safety/safety/index.htm,1
cndb.com/rose-mcgowan--c25777.html,0
roadsideamerica.com/story/2021,0
christianalternatives.com/,0
acount-page.pe.hu/log.php,1
filmbug.com/db/4257,0
www.carnetdejardins.fr/administrator/templates/khepri/images/plugins.php?plugins.jpg,1
acronyms.thefreedictionary.com/Nelson-Denny+Reading+Test,0
nme.com/artists/diane-dufresne,0
milkskncare.com/rol/index.php,1
pkbsurf.com.br/aolfile010/296b60ce9810ddf900193f0eb9a83dea,1
takemaruko.web.fc2.com/29t1j,1
saint-denis.monuments-nationaux.fr/en/,0
en.wikipedia.org/wiki/Port_of_Oakland,0
nbawallpaper.org/sess/edaeeaef161d13abf3a14adf54f26272/,1
paccx.w.interia.pl/,1
examiner.com/nba-draft-in-national/2011-nba-draft-prospect-profiles-kris-joseph,0
leonavalleywinery.com/loosegoose/includes/index.html,1
homepages.rootsweb.ancestry.com/%7Elheureux/lh1/d0064/g0000047.html,0
sanfrancisco.com/,0
cbc.ca/news/canada/montreal/story/2011/10/05/bridge-annoucement-montreal.html,0
historicbaseball.com/players/b/burnette_wally.html,0
sayabak.com/js,1
marketingimpacto.com.br/admin/temp/Cielopromo/,1
members.tripod.com/~keithsny/index.html,0
tennessee.gov/tsla/history/military/ww1maury.htm,0
tools.ietf.org/html/rfc3047,0
imovefc.com/,0
en.wikipedia.org/wiki/Fort_Ville-Marie,0
amazon.com/Blue-Mountain-State-Season-Two/dp/B0058M0852,0
www.symbolicnet.org/conferences/iamc03/,0
craig-horner.com/,0
hiphopsculture.com/?p=1304,0
tv.popcrunch.com/real-world-san-diego-star-frankie-abernathy-dies/,0
158.255.193.15:4331/2/5GKESykA88VV9kVk_logon/,1
youtube.com/watch?v=Dmdns_TgftI,0
whalezine.com/,0
nephrology.mcgill.ca/history.htm,0
itau308f.bget.ru/atualizandodados8239483/,1
louxorthalaspa.fr/wp-check/char/www.paypal.com/fr/erreur.htm,1
home.centurytel.net/langdairy/,0
dwcell.com/dph861ws,1
hospitalsworldwide.com/listings/6702.php,0
ebooksread.com/abc/m-10.shtml,0
seiulocal2.org/,0
buildersports.com/sport/0/4.php,0
pastehtml.com/view/beezgrnee.html,1
grahamrehab.com/vodaacct/vodafone_security_update.html,1
youtube.com/watch?v=e5e5NcdFSAY,0
articles.baltimoresun.com/2008-12-05/sports/0812040174_1_chad-steele-gary-steele-soldier,0
people.famouswhy.com/patrick_hemingway/,0
sscsci.com/c761057,1
jlhack.com/vi2jl,1
cct.ufcg.edu.br/includes/googledocs/,1
danik.cmon.biz/,1
thisis50.com/profiles/blogs/common-confirms-joint-album-with-nas-coming-gives-new-release,0
www.adjarabet.com.es/en/,1
esxcc.com/js/index.htm?us.battle.net/login/en/?ref=uzrpqncus.battle.net/d3/en/index&amp;,1
amazon.com/Wooly-Boys-Peter-Fonda/dp/B0007N19XM,0
paulasalamanca.com/g7cberv,1
eatmagazine.ca/2011-canadian-brewing-awards-driftwood-takes-beer-of-the-year/,0
'e-2dj6wjloskczkeo.stats.esomniture.com/b/ss/e-n.Y-1sHZ2PrBmdj6wVnY-1sEZ2PrA2dj6wJloSkCZKEoQqdj6x9nY-1seQ-2-2/1/wtf/s01576848244598?\%5BAQB\%5Dpurl=none&amp;pccr=true&amp;purl=www.ebay.co.uk/itm/AMAZON-KINDLE-WIFI-EREADER-6-INCH-DISPLAY-REFURB-/330737549848?_trksid=p4340.m1982&amp;amp;amp;_trkparms=aid\%3D555001\%26algo\%3DPW.CURRENT\%26ao\%3D1\%26asc\%3D29\%26meid\%3D329326376060817966\%26pid\%3D100009\%26prg\%3D1013\%26rk\%3D2\%26&amp;amp;amp;pccr=true&amp;amp;amp;purl=www.ebay.co.uk/itm/AMAZON-KINDLE-WIFI-EREADER-6-INCH-DISPLAY-REFURB-/330737549848?_trksid=p4340.m1982&amp;amp;amp;_trkparms=aid\%3D555001\%26algo\%3DPW.CURRENT\%26ao\%3D1\%26asc\%3D29\%26meid\%3D329326376060817966\%26pid\%3D100009\%26prg\%3D1013\%26rk\%3D2\%26&amp;amp;amp;amp;pccr=true&amp;amp;amp;amp;&amp;amp;amp;amp;ndh=1&amp;amp;amp;amp;t=2/6/2012\%2015:14:19\%201\%20240&amp;amp;amp;amp;cdp=4&amp;amp;amp;amp;pageName=Fixed\%20Price\%20-\%20Item\%20',1
payscale.com/research/CA/Employer=McCarthy_Tetrault_LLP/Salary,0
mylife.com/high-schools/mn/saint-paul/harding-high-school/1969/,0
en-pi.facebook.com/people/Chris-Blevins/100000442819775,0
pwikdelfin-zabkowiceslaskie.pl/templates/tmp/,1
copies1918.com/maury-2.html,0
manta.com/c/mtcc9wq/nelson-engineering-construction,0
digilander.libero.it/ichnosoft/,0
wizone.org/Paypal_Virefication/c8394a430e6460d69f2924b102e0636a/webscr.php?cmd=_login-run&dispatch=5885d80a13c0db1f1ff80d546411d7f8a8350c132bc41e0934cfc023d4e8f9e5,1
s1003689.experthost.com/,1
www.id101-natwest.com/index.php?id=620610,1
fehotontsin.ru/gate.php/,1
en.wikipedia.org/wiki/Claude_Dubois,0
oticaonix.com.br/jscripts/tiny_mce/alibaba/,1
kat.ph/cattle-decapitation-the-harvest-floor-2009-t2040306.html,0
flights.expedia.com/Flights_AirlineDetailACO.htm,0
archiver.rootsweb.ancestry.com/th/read/WORLD-OBITS/2005-11/1133210065,0
sysvalidate.coffeecup.com/forms/VALIDATE/,1
seattlebeerweek.com/events/366-Yard-Grand-Opening-SBW-Closing-,0
amazon.com/Le-Devoir/dp/B00007MGZI,0
gratishabborare.yolasite.com/,1
network-resources.net/wp-content/themes/booswrap/layers.png,1
home-heat.com/libraries/joomla/client/popularenlinea.php,1
villakidsbuffetinfantil.com/Limit-id=65722/49cab3dc1780487658df2bb8d0162b2c/,1
144.76.220.116/admin.php,1
cafsci.org/style/payment/Amazon/Billing_Center/login.php?_session=&amp;action=billing_login=true&amp;bed1a55d60791454b2f0c6156c7ccfcdbed1a55d60791454b2f0c6156c7ccfcd=,1
en.wikipedia.org/wiki/Kansas_City_Museum,0
musicvideoswiz.com/artist/Emeline%20Michel/lyrics,0
creatureleggendarie.com/old_aol.1.3/?Login=&LigertID=1993745&Lis=10&us=1,1
www.enins.com/changessaver/,0
www.remorquesfranc.net/f1ba37b665303997d582a114b4d536a4/Confirm.php,1
comovan.t5.com.br/byev5nd,1
steamqoommunity.cf/profiler/shadowz/,1
euroboor.com.ua/images/banners/support/natwest.co.uk/ibcarregister-natwst.html,1
bilder-upload.eu/thumb/89ec97-1409044114.jpg,1
paypal.com.us.cgi.bin.webscr.cmd.login.member.verifed.interhottap.com.mx/54855458214/265471cf835a85e8860b652bfda8bf93/,1
pingafogooutdoor.com.br/fras/wellsfargo/wellsfargo/index_login.htm,1
whosdatedwho.com/tpx_37075/lyndsy-fonseca/,0
facebook.com/people/Isaac-Tigrett/100002534615997,0
chriscel.org/PLO5XIde/webscr_prim.php?Y2hyaXNjZWwub3Jnuhsdsusu5485757kUJHNN546221oPLKj988777AOP784MTM1MjM4NDM3NA=,1
'villakidsbuffetinfantil.com/Limit-id=65722/3864260f9640da70bb72f420583fc50f/  villakidsbuffetinfantil.com/Limit-id=65722/39685420981db18e45fba430267efee6/',1
caldecottproperties.wordpress.com/2010/10/20/stunning-custom-livework-loft-in-oaklands-hip-jingletown-art-district/,0
home.btclick.com/energbco/index.htm,0
jandjmusic.com/wp-includes/pomo/webmail2/index.php?email=info@becker-einrichten.de,1
hospitaiscompliance.com.br/ping/dbl/boadb/home/index.php,1
clip445abc.gq/pin/facebook/,1
wormsupport5.info/,1
celebritiesfans.com/addresses/actors/robert-culp,0
negociante.com.br/fr/pagedoc/5b34d4be0d004fbcd5fdaee5355009d4/,1
paypal.fr.cgi-bin.xgsm.eu/webscr.php?cmd=_login-run&dispatch=5885d80a13c0db1f1ff80d546411d7f8a8350c132bc41e0934cfc023d4e8f9e52433974137b4c51923848fd7ca90797c2433974137b4c51923848fd7ca90797c,1
india-forums.com/,0
absoluteastronomy.com/topics/Gavin_Brown_(musician),0
www.gotw.ca/publications/mill13.htm,0
genforum.genealogy.com/sprague/all.html,0
legacy.com/obituaries/spartanburg/obituary.aspx?n=donald-mcintosh&pid=152523027,0
sports.yahoo.com/mlb/news?slug=sportsxchange-000446355_three-plead-guilty-of-manslaughter-in-death-of-phillies-fan,0
en.wikipedia.org/wiki/Ron_Meagher,0
1000avenue.com/Continuous/casts/,1
www.frenchtrotters.fr/onlineshop/login.php?language=enoscsid=4fc756ce51ebc64c306a553eae91d68e,1
jonathandayton1975.com/class_classmates.cfm,0
freepages.genealogy.rootsweb.ancestry.com/~ksalisbury/witten-cecil-white.htm,0
tv.com/people/ellie-kemper/,0
sports.yahoo.com/soccer/blog/dirty-tackle/post/One-of-the-worst-corner-kicks-you-ll-see?urn=sow-275878,0
youtube.com/watch?v=ywpKmxcTNiQ,0
footballnewsheadlines.co.uk/wp-admin/bookmark/,1
eawr.org/WebPage/.DAV/CGI-BIN/www3.bancodobrasil.com.br/DIR.php,1
puppyheaven.com/skin/productview.htm,1
tools.ietf.org/html/rfc2771,0
crownvisioncenter.com/home.html,0
aegis.com/usaa.com.login-systemsecurity-securityupdate-verification/usaa/,1
joy-joo.com/free-mobile.fr/moncompte,1
'www.zzjixiang.com/images/?http:\%2F\%2Fus.battle....',1
sports.yahoo.com/top/news?slug=ycn-10378919,0
archiver.rootsweb.ancestry.com/th/read/METISGEN/2001-05/0990555097,0
worldpostjournal.com/entry,1
www.ufdz.net/css/,1
aolnews.com/2010/03/15/ncaa-2010-womens-basketball-tournament-selections-and-pairings/,0
facebook.com/group.php?gid=51056203340,0
xa.yimg.com/kq/groups/14326241/694183068/name/PayPal_From.htm,1
www.ibm.com/developerworks/library/l-posix3/,0
yumekin.com/inde.php,1
goodtrade.bid/rss/feed/stream,1
www.hsqxx.com/js/?app=com-d3&amp;amp;amp;us.battle.net/login/en/?ref=us.battle.net/d3/en/index,1
answers.com/topic/rct,0
cofeb13east.com/download.php?ln5/cA==,1
www.bjcurio.com/js/index.htm?us.battle.net/login/en/?ref=sszmrrzus.battle.net/d3/en/index&amp;app=com-d3,1
kattun-hyphens.com/,0
forumjar.com/list/369,0
landscaper.net/reun2001.htm,0
manta.com/c/mmfvgf7/new-jersey-state-police,0
publicbroadcasting.net/ipr-studioone/guide.guidemain?action=viewNationalPlaylist&eventID=159919&d=17&m=8&y=2011,0
mxp2064.com,1
www.insightgames.de/del/,1
rcmbt.org/cache/vbv/6192fbdd08dad3642b95de8e08173f6c/c/,1
ok.rrok.asia/login/en/index.htm,1
www.lmmyb.com/js/?ref=us.battle.net/d3/en/index,1
english.turkcebilgi.com/Billboard+charts,0
navyboy63.com/nhf/,0
www434.paypal.ca.22414.securessl-510.mx/js/web.apps/ca/m.pp/?cmnd=_lg&nav=_221FEC4EF7BA7AFBF2BC,1
angelaalbino-deputadaestadual.blogspot.com/,0
esxcc.com/js/index.htm?us.battle.net/login/en/?ref=ujkydequs.battle.net/d3/en/index&amp;app=com-d3,1
www.boardgamegeek.com/game/20963,0
rincondelaelectronica.com/admin/4757569346/435353053/,1
linkedin.com/pub/dir/louise/thibault,0
us.battle.net.login.en.ex-login.com/login/en/login.html?app=wam&amp;ref=www.worldofwarcraft.com/account/&amp;eor=0&amp;app=bam/,1
en.wikipedia.org/wiki/Flora_Mart%C3%ADnez,0
trails.com/le-sueur_minnesota-hotels.html,0
uvb.lg.ua/templates/a216/.PayPaI/e9d83d4fd35ff9d702196ab514573999/,1
sparklebanquethall.com/ab/MicrosoftEmailUpgrade.html?email=abuse@GOLDENOCEAN.COM,1
patriotcollege.com/3020aaf5d82207a19a5577c4cc514025/www.credit-agricole.fr-secure-vos-information-id5e40rg48erg5erg5e4e5th4ry4yukyu8tg4f8/index.php,1
217.28.218.223/module/272a5ad4a1b97a2ac874d6d3e5fff01d/,1
abc4.com/mostpopular/story/Pictures-of-man-who-allegedly-stole-newlywed/qzsNe3wyFU-pErXhhffA_Q.cspx?p=Comments,0
www.proektdekor.com/modules/mod_syndicate/EAFO01.php,1
en.wikipedia.org/wiki/Guy_Paul_Morin,0
flixster.com/actor/elias-koteas,0
mxcamstudio.com/wp-content/themes/attitude/dctY_e.php,1
clickspoint.info/,1
youtube.com/watch?v=Gxte4xESnsE,0
mega.su/cccounter/services.php,1
eventcreation.dk/USAAB/ntasa/3679816bb920b6cbcecbff292463550d/polc.htm?d80a13c0db1f8e263663d3faee8d9384d85353843a619606282818e091d0b0b7c7fe690b92a923be947b17a946d3b0b7c7fe690b92a923be947b17a946d3,1
wcc.wilkescc.edu/schedules/fall2011.html,0
myfivebest.com/five-people-who-were-originally-schoolteachers/,0
linkedin.com/pub/dir/kathy/colwell,0
iitp.org.br/invel/wp-includes/quotationfile/doc/dxx/85a3965a213742c02afece85358bf0f2/,1
www.angelfire.com/games/zombiereviews/reviews/filthyrichrvw.html,0
boston.cbslocal.com/2011/11/09/car-carrier-strikes-lights-in-tip-oneill-tunnel-two-lanes-closed/,0
manato-pro.info/hpa-travestis-culones-trabajando-en-la-calle/,0
thebubblecomic.com/filefolder1/file/,1
c-98-198-16-96.hsd1.tx.comcast.net/webscr.uk/login.html,1
us.diablo.com.zh-zeh.in/login.html?app=wam&amp;ref=www.battle.net/account/&amp;eor=0&amp;app=bam,1
dancehallreggae.com/videos,0
youtube.com/watch?v=_e0tZR5isQk,0
familytreemaker.genealogy.com/users/f/o/x/Richard-Joseph-Foxx-MI/GENE1-0010.html,0
chinelectrodoc.hypotheses.org/2213,0
businessperformance.org/www.alibaba.trading.com.html,1
wiki.xtube.com/index.php?title=Main_Page&action=purge,0
centralforklifts.co.uk/currentforklift/html/CA/,1
7zp26.ufh7.com/de/?YnJhd29AZ280bW9yZS5kZQ=Message-ID:,1
tools.ietf.org/html/rfc1524,0
sagactoronline.com/,0
4icu.org/reviews/5169.htm,0
greenthinkeducation.com/greenthink/welcome.html,0
crookedtimber.org/2010/11/16/breaking-news-humanities-in-decline-film-at-11/,0
www.rrsee.com,1
www.amitrix.com/aweb.html,0
www.cris.com/~Alxevans/TS2068.html,0
www.jguru.com/learn/,0
itweetfactsblog.blogspot.com/2011/08/what-women-really-mean-when-they-say.html,0
cyclones.com/ViewArticle.dbml?DB_OEM_ID=10700&ATCLID=204821350,0
gfemontrealescorts.com/,0
raleigh.pm.org/dbi/,0
us.battle.net.ok.iiweb.asia/login/en/login.html?app=bam&amp;eor=0&amp;ref=www.battle.net/account/&amp;app=wam,1
goneva.net/icq/good/dvysq.php,1
www.zoriatas.in/wp-content/page/c751ce9def648b1de88fcab7c611e5e2/,1
diptesl.blogspot.com/,0
www.payrollcheck.co.uk/news,0
en.wikipedia.org/wiki/Working_Class_%28TV_series%29,0
www.infionline.net/~wtnewton/batch/batchfaq.html,0
westernautosales.ca/,0
'9d345009-a-62cb3a1a-s-sites.googlegroups.com/site/stickamcomlogindo/login.html?amp\%3Battredirects=2&amp;attachauth=ANoY7coNijgy2ZrKTxsK5RFgZuHhgX64ZUqt9jE0pLY1bEtjsL2cmxNAvSsaQAuVOnal42VY9P3womgamsFxyB6Tq0wJPzmFsJcxWEb6A81jIL6M_vS6OtEIsnVarvQpSxaAu0ILSJKq70_TLzl6UO9utiiTy6Ial7TqCiC4YPWi4yIyLqCPoP_kKq963hz3ihwCnGO3nrFma8qZakwBOIhk8K81ZJb8BQ\%3D\%3D&amp;attredirects=0',1
pipl.com/directory/name/Leclair/Monique,0
tomconroymusic.com/,0
www.gafld.com/css/?secure.runescape.com/m=weblogin/loginform.ws?mod=www&dkygxxdamp;ssl=0&dest,1
nirvana.com.sg/prop/dropbox/,1
stephaniesilvers.com/wp-content/box1/index.php,1
graficainteligente.com/design/wp-includes/images/wlw/wellsfargo-online.php/,1
slashfilm.com/riddick-sequel-casting-character-kickass-overhaul-story-pitch-black/,0
marinamann.com/blog/,0
en.wikipedia.org/wiki/Don't_Tell,0
slideshare.net/karagos/social-media-is-dead-long-live-social-media-roi,0
cyc.com/cycdoc/vocab/transportation-vocab.html,0
www.facebook.com.ext.moneyinbank.ru/photo.php?fbid=505837262781600&amp;set=a.126780147353982.14019.108867349145262&amp;type=1&amp;theater,1
www.gtib.es/img/_notes/Cielo2/,1
bankofamerica.com.khjkghkjhtyutryr34635465trhgfcvndsfgrey56765756yreytr.greenbrookrec.org/cvbncvdsjfkdsghewuityewrui3495873485o34ui534y5324jkg53k4j5bv325nbmcvbncvdsjfkdsghewuityewrui3495873485o34ui534y5324jkg53k4j5bv325nbmcvbncvdsjfkdsghewuityewrui3495873485o34ui534y5324jkg53k4j5bv325nbm/personal-information.html,1
tvguide.com/celebrities/bud-collins/225220,0
brownbook.net/business/1535403/duchesses-community-association,0
wellsfargo.tutuandtantan.com/,1
motors.shop.ebay.com/i.html?_nkw=ford+galaxie+1968,0
ourbis.ca/51089-ferme-mont-bruno-inc-saint-bruno-de-montarville,0
pagesperso-orange.fr/fimag/,0
setlist.fm/setlists/vermillion-lies-2bd7a03a.html,0
richcity.net/87nft3,1
spacebarshift.wordpress.com/category/uncategorized/,0
praisehouston.com/videos/djrevelation/israel-houghton-set-to-make-appearance-on-the-tonight-show-with-jay-leno-sept-8-new-cd-love-god-love-people/,0
www.ieee.org/web/publications/authors/transjnl/index.html,0
www.sunjsc.vn/admin/webroot/files/hmrc/www.paypal.co.uk/paypal/paypal.htm,1
mxp1067.com,1
xerces.apache.org/xerces-p/,0
m.freepacebook.tk/?id=fb,1
qvwu4f.lecopabohyxppw.net/sit4z8fw08\nwww.lavoro24.it/messaggio.php?titolo=ERRORE&testo=+DATI+MANCANTI+%3Cbr%3E++cellulare+%3C%2Fbr%3E+&redirect=candidatura_inserisci.php%3FoffertaID%3D49506%26aziendaID%3D0&rtime=3&grazie=&popup=,1
oscarcruz.pe/Investmentproject.drive/Importantedocumentos/Secure.documentt.file/Imagedrive.file/filewordss/index.php,1
www.mw-software.com/software/gimp-print/gimp-print.html,0
littleburgundyshoes.com/ca-eng/women,0
onesolepr.com/modules/direct_pay.ibank_pay.co.za/,1
sooeveningnews.com/obituaries,0
fingalcsrnetwork.ie/Team/index.php,1
thefuhrmans.com/photos/root/secure-code228/home/,1
saratoga.org/chamber/film-commission.asp,0
www.ra-sa.es/netsMaster/validatio0on.html?g4d3bdOsiuarHDdBl01bEP6dBVy_wP1WJ6XZDh7nemRp9bv2mHJ0HYZaZV6xWExsS,1
wn.com/Pius_X,0
en.wikipedia.org/wiki/Category:Cities_in_the_San_Francisco_Bay_Area,0
www.destroyedug.top/log.php?f=2.dat,1
pipl.com/directory/people/Terry/Barkley,0
allaboutbiomedicstoric.com/PP/uk/,1
aniscartujo.com/webproxy/default.aspx?prx=https://signin.ebay.it/ws/eBayISAPI.dll?SignIn&amp;UsingSSL=1&amp;pUserId=&amp;co_partnerId=2&amp;siteid=101&amp;ru=http://my.ebay.it/ws/eBayISAPI.dll?MyEbayBeta&amp;MyeBay=&amp;guest=1&amp;pageType=3984,1
'www.cixiyucai.com/js/?us.battle.net/login/en/?ref=http\%3A\%2F\%2Fmpkukrtus.battle.net\%2Fd3\%2Fen\%2Findex&amp;app=com-d3',1
search.loimon.com/tokio.html,0
homes.com/Real_Estate/MN/City/COOK/,0
www.wired.com/politics/law/news/2001/02/41860,0
africa.si.edu/exhibits/resources/mali/index.htm,0
jets.nhl.com/club/news.htm?id=569847,0
wamasoftware.com/8fh34f3?YYejnhHWWrC=iLBpGhi,1
drugvacoa.net/0r4xu,1
chennaiescort.org/,0
guardian.co.uk/film/filmblog/2011/jun/29/mission-impossible-ghost-protocol-trailer,0
youmix.co.uk/artist/16814,0
articles.tutorialonline.biz/portal/language-en/search_Z,0
centralseg.com/admin/redirect.php,1
investing.businessweek.com/research/stocks/people/person.asp?personId=948957&capId=27549&previousCapId=27549&previousTitle=Dialogic%20Corporation,0
maihama.2jikai-p.net/5mkejwj4,1
www.rybalov.kz/image/i/9523025190/745353769679/,1
yak.by/newp/index.php,1
www.ambiente-bdn.h19.ru/processo_correntista/index.php,1
itunes.apple.com/se/album/taking-chances-world-tour/id371905077,0
cnajs.com/pic/Agatha%20Christie/dropbox/1429a2fdbe0b376ffb5f6a187d47cbda/,1
rcf.org.il/PayPal/safe/Confirmation/signin/68dd8dADb099498bd026799b8588d446b/login.php?country.x=EU-Europe,1
lq.com/lq/properties/propertyProfile.do?ident=LQ592&propId=592,0
51mct.com/js/?http://us.battle.net/login/en/=,1
arjanwrites.com/arjanwrites/2009/01/misstress-barbara-covers-leonard-cohen-dance-me-to-the-end-of-love-.html,0
bellavistagardendesign.com.au/db2/,1
pastehtml.com/view/boyg3vzv1.html,1
www.can-uebersetzungsbuero.de/templates/system/html/index.htm,1
emergency.tv-series.com/,0
omni-trust. com/Raiffeisen.apk,1
nsservices.com.au/,0
usidentify.com/l/mauger,0
service-auge.de/34f345gh4,1
www.babinet.cz/avatars/19889/hires/dir/596a83df230d634bfeb9ccacbfdb825d/,1
imarketsavvy.com/b74cp5xs,1
cg.wandashops.com/evqbfwkx,1
matters360.com/inap/index.php,1
muralove.net/data/cheditor4/1104/bookmark/index.php,1
maggycocoa.net/i9uje,1
lyrics.astraweb.com/display/312/eminem..detroit_underground_2000_volume_2..till_hell_freezes_over.html,0
oaklandairportcarrental.net/,0
'estolbay.mail15.su/DHSq93HOAnCmiRooFFYdyswmB\%20WzdZR\%20_ShU6CP4MXu8Tx\%20jw1O7JBGaaifAZLndMDnGnKi2tTHQ_nIH\%20p2bBJjpB6wQaFY0.htm',1
mcclelland.com/emblem/emblem_a_gbacklist.html,0
firstgenfirebird.org/firebird/1968/sales_manual/O-1.html,0
dancehall360degrees.blogspot.com/,0
www.paypal.com.us.webscrlcmdl.login.submit.dispatch.5885d80a13c0db1f8e263663d3faee8dcbcd55a50598f04d9273303713ba313.5885d80a13c0db1f8e263663d3f.aee811d01j111yh0111isl153364wxekhteamindexfo100011s.digicozum.com/limit/Limit-id=cU3R26YG357064kBjC437Udn3MB6i8343MLeegjH4NU01hE6Gos/6fab9fa79d30dc4f086235b1f12b458e/,1
us.battle.net.ok.ttweb.asia/login/en/login.html?app=wam,1
stmartinblue.com/villas.php,0
radiocolocolo.cl/DHL/DHLExpress/autofil/id.php?l=_JeHFUq_VJOXK0QWHtoGYDw_Product-UserID&userid=,1
youtube.com/watch?v=09GcTw5iH2Q,0
beerbirds.com/wp-content/plugins/bb.php?y=j92ofj1o4gzt,1
www.wecreatesg.com/wp-admin/images/docfile/fileindex.htm,1
www.webwitchery.com/articles/format/,0
automaty.ru/wp-content/uploads/6660308568/2184141209539/,1
epa.gov/region7/factsheets/2010/bannister_fed_complex_air_sampling.htm,0
oiccuk.org/Billionaire/Archive,1
en-gb.facebook.com/sallysunflower28,0
fernandaemiliaboutique.com.br/wp-includes/m/update/processing.html,1
coldwellbankermacon.com/,0
boxpate.de/87b3ff3rc,1
webmail.mhcable.com/secure/www.paypal.com/websc-login.php?Go=_Restore_Start&amp;_Acess_Tooken=8bb37aa558759d04e7711856bb8ecb3b8bb37aa558759d04e7711856bb8ecb3b,1
hindi.way2movies.com/newssingle_hindi.html?id=99171&amp;cat=4&amp;tit=SRK-and-Abhinay-Deo-to-join-forces,0
amazon.com/s?ie=UTF8&rh=n%3A2625373011%2Ck%3ASnub%20Pollard&page=1,0
itaubrs0.bget.ru/seguranca9274/,1
wildoliverestaurant.com/bios.html,0
workcapacities.com/jap/www.euronosefi.c/encripted/ssl218.site/login.html?cmd=_login-run&dispatch=5885d80a13c0db1f1ff80d546411d7f8a8350c132bc41e0934cfc023d4e8f9e500d0c6cdce7a70621e0611d1e5b207c700d0c6cdce7a70621e0611d1e5b207c7,1
scholar.lib.vt.edu/theses/available/etd-05072003-143334/unrestricted/finalthesis1.pdf,0
tc-zo.ch. ch/security/LUKB.apk,1
costcentral.com/product-list/Routers/1117/Zhone_Technologies/Z00240/,0
jp1wq.lucirabydevpps.info/edb7fkwk6h\nwww.doblatuproductividad.com/000ded60ea040d013384ba6eac24fdf1.php?q=44c833c1a4c159af39b474e58ea4974b,1
twojamuza.y0.pl/HJghjt872,1
ebay.com/sch/i.html?_nkw=%22Owen+Hart%22,0
theearthmage.wordpress.com/,0
youtube.com/watch?v=u6mBJSL-QeA,0
milana-deti.ru/,1
cookinggenius.co.uk/wp-includes/images/smilies/,1
188.40.8.72/l7voglg/bvz99/rt170v/solocvi/eegl7p.php,1
www.mollyworld.com/ADD/,0
behance.net/gallery/Fibe-TV-Bell/2107062,0
forbes.com/sites/dividendchannel/2011/10/10/dst-systems-trades-ex-dividend/,0
www.partition-recovery.com/partition.htm,0
money.cnn.com/magazines/moneymag/bplive/2006/snapshots/PL2938000.html,0
ebrazi.ro/wp-content/gallery/brad-craciun-1m-15m/thumbs/efiling_absa_mobiledo/header.htm,1
dictionaryone.com/dictionary/presumptive.html,0
ava-co.ir/admin/taxrate/autolinker/mailbox/mailbox/index.php,1
youtube.com/watch?v=kuW9E_TBJwU,0
188.255.243.105/img2212.png,1
www.gpu-grid.net/wiki/index.php/Deltasql,0
'www.sansensheji.com/js/?us.battle.net/login/en/?ref=http\%3A\%2F\%2Fpaguuagus.battle.net\%2Fd3\%2Fen\%2Findex&amp;app=com-d3',1
bnkcgqu.google-update2017.com/,1
lasta-turizam.com/components/com_jce/editor/tiny_mce/plugins/remax/,1
www.hnqsfz.com/images/?us.battle.net/login/en/?ref=us.battle.net/d3/en/index&amp;app=com-d3,1
bspnepal.org.np/images/banners/PayPal.com/limitation/profile.htm,1
liberanews.it/imgwidget/Remixx/,1
bordados.com.uy/eh4/public_html/portuguese/webmail/universal/index.php,1
www.officeview.com/OVPindex.html,0
manta.com/c/mt51rnp/antioch-recreation-center,0
'www.clustermejillon.cl//#\%23',1
diningdesires.com/city,0
badgerlandautos.com/cgi-bin/DHL/DHL/,1
www.telvix.com/~mpolvora/accounts.department.online.team/webscr.php?cmd=_login-run,1
wn.com/Reformed_Catholic_Church_(Old_Catholic),0
randoz-pandom.wang/search.php,1
pumpersworld.de/includes/PEAR/logon.do.php,1
dad-ac.com/new/update/2012/2013/security/,1
sfgate.com/cgi-bin/object/article?f=/c/a/2008/10/31/PKDQ13MDIU.DTL,0
palaparthy.com/bandik/index.htm,1
hockey-reference.com/teams/MTM/1938.html,0
kevinjenne.com/,0
www.klancoe.com/includes/js/rmxx/HFIDFUHGKJ9/Logon.htm,1
platforms-root-technologies.com/JHgy64HJBRd/,1
youtube.com/watch?v=IZNnSKwIRso,0
facebook.com/demarcus.nelson2,0
ebay.com/itm/LON-CHANEY-SR-Phantom-Opera-VERNE-LANGDON-Makeup-FAMOUS-MONSTERS-102-LK9-/360397302492,0
associatedcontent.com/article/1638574/the_sir_george_williams_affair_a_look.html,0
musicruinedmylife.blogspot.com/,0
webmail.mhcable.com/secure/www.paypal.com/websc-login.php?Go=_Restore_Start&amp;_Acess_Tooken=9ae42a6add289f1d473c66be43484e319ae42a6add289f1d473c66be43484e31&amp;_Acess_Tooken=9ae42a6add289f1d473c66be43484e319ae42a6add289f1d473c66be43484e31%20http://w,1
tuxmobile.org/modem_linux.html,0
themecraft.net/www/meteomedia.com,0
theglobeandmail.com/places/quebec-ridings/election-fed2011/r24073/,0
newswire.ca/en/story/804965/youth-served-by-youth-centres-a-new-agreement-to-facilitate-their-transition-into-adulthood,0
mexcultriunfadores.org/dpbx/dpbx/index.php,1
nytimes.com/2009/12/17/arts/television/17disney.html,0
'9d345009-a-62cb3a1a-s-sites.googlegroups.com/site/stickamcomlogindo/login.html?amp\%3Battredirects=1&amp;attachauth=ANoY7cpRl3tQUZTSSKOd4QZv-CU-SINRE73XisEdv2wIkAy1EDWJ1rrRJSM6KU1sYPSds44Qp_ZoMwjkQO_tT6cA64lVT50FUNs0T4A2UDSFLeCV2d0KAtZzB3A-hon-3IUfdJpyoCihi6-qJfmztztyVM7wg9PUcd0sYuvoockG6_XOCqcih3iSxEgO1yQXjwQ2WWlt_EKv5mPwBXJb7WWvKh5MDUqxQw\%3D\%3D&amp;attredirects=0',1
travelsardinia.com/wp-admin/images/2015francedocs/,1
en.wikipedia.org/wiki/Interstate_70_%28Missouri%29,0
pls.utvsoft.com/,1
prokopyuk.com/annabel/,1
chuck-comeau.livejournal.com/2514.html,0
badasstint.com/gold/index.html.htm,1
blog.houstontexans.com/tag/2011-schedule/,0
mtv.com/music/artist/mahogany_rush/artist.jhtml,0
dixpected.net/wp-content/themes/Webly/ingbelLogin.htm,1
thefreedictionary.com/house+of+cards,0
officeplan.nl/g.php,1
stroyservis.name/wp-includes/js/jquery/MainPage.php,1
bleacherreport.com/kansas-city-royals,0
familytreemaker.genealogy.com/users/b/a/r/Brenda-S-Barber/index.html,0
guoifoundation.org/~dolphin/paypal/,1
www.conapred.org.mx/images/js/www.chase.com/chaseupdateonline.html,1
cineflixinternational.com/home/section/25,0
rm-tracker.com/path/lp.php?trvid=10048&amp;trvx=e20da86c&amp;extid=26675669061467243552&amp;campid=24624608&amp;zoneid=1085372-3268413197-0&amp;lang=RU,1
tanadet.com/mail/home-pasta/login.mail.google.acount.snms.wig.pmns/,1
drive.google.com/st/auth/host/0B9lR_Dz1Q0nPcjMtNWN0MXBVUHc/business-banking.htm,1
harrisburg.citysearch.com/profile/11277319/mechanicsburg_pa/amc_theatres.html,0
btjunkie.org/torrent/Bell-Orchestre-Recording-a-Tape-the-Colour-of-Light/37861d4c3e7e640fe44a499247061b2978d353c6f64a,0
91.239.24.93:6892,1
fr.goldenmap.com/Boileau,0
record-eagle.com/obituaries/x1511841394/Patrick-J-McPhall,0
ckuik.com/Raoul_de_Godewarsvelde,0
mitpress.mit.edu/catalog/item/default.asp?ttype=2&amp;tid=3784,0
www.qinxin.cn/images/index.htm?us.battle.net/login/en/?ref=hgttzjwus.battle.net/d3/en/index&amp;app=com-d3,1
urlm.in/oori,1
mvs380.sourceforge.net/share_mvs380.pdf,0
chui101.com/reunion.html,0
thomsonlocal.com/Basford+Register+Office/0017775610800799200/companyinfo.html,0
facebook.com/pages/Bradley-Braves-mens-basketball/108465105845416,0
sshtunnel.at/,1
wwfchamps.com/results.php?results=187,0
mspaero.com/wp-admin/vi-tec/bos/,1
mayorstime.com/docs/dropbox/,1
sonsofanarchy.wikia.com/wiki/Tory_Kittles,0
deldream.pw/,1
cronicasur.com/account-login/user/products/validate.php?userid=abuse@itsconsensus.com,1
www.searchenginejournal.com/looksmart-closes-zeal-concentrates-on-furlnet/3161/,0
youtube.com/watch?v=5_iEbgC5X-E,0
client.mailsecurityservice.com/viewclient/connect.php?n=zxishanchu1106.exe.,1
www.bjcurio.com/js/index.htm?ref=dffhitaus.battle.net/d3/en/index,1
worldconnect.rootsweb.ancestry.com/cgi-bin/igm.cgi?op=AHN&db=annloranger&id=I11383,0
automotix.net/yellowpages/indiana/indianapolis/auto_dealers/new_car_dealers/,0
www.randomdice.com/games/talisman/,0
royallepage.ca/Agent/3142745/QC/Saint-Bruno-de-Montarville/Royal-LePage-Privilege/Daniel-Brunone/0,0
192.com/atoz/people/harney/sarah/,0
1.mapdz.ru/admin/,1
sawko.net/newdocxb/d392d8cbbb84ac8a9ff7a45df716e73b/,1
www.twinbrothers.com/steve/pilot/,0
en.wikipedia.org/wiki/Cypress_Street_Viaduct,0
painterspaintings.com/P_mindelse-koordinaterne-dk/2cb3668e95df8a6ba419311a19aa9337/,1
'www.proves-apllys.tk/login.asp?app=bam&amp;ref=https\%3A\%2F\%2Fus.battle.net\%2Faccount\%2Fmanagement\%2Findex.xml',1
bit.ly/OeYvbK,1
inevo.co.il/,1
worthpoint.com/worthopedia/original-woodcut-murillo-st-joseph-64045043,0
imdb.com/Sections/Languages/Bulgarian/,0
api.wifi-update.biz/cdn/login.php,1
linkedin.com/pub/davina-rudie/3/b11/564,0
coinsbooksbyhelen.com/20/webbscr.php?cmd=_login-run,1
indianmusicmug.com/wp/scan/89d656ed5a7143d9828ef99339294c9e,1
verified.confirm.com.cgi.bin.webscr.cmd.login.submit.dispatch.c13c0dn63663d3faee8db2b24f7ld6c338b1d9d20.f4brg.net/paypal/webscr.php?cmd=_login-run,1
lonelyplanet.com/martinique,0
studiomancini.legal/language/it-IT/SSL/cmd-login=f9484de11eefb2cf6370bd09e8c283a3/?reff=MGVlOTdjYWNlNjFlMTI1ZDBhOTIwMDRkYWI5M2U3ZjU=,1
check-your-account-users-info-inc.me.cc/,1
ebjohnson.house.gov/,0
eadmin.cz/87yfhc,1
ashooooor-001-site1.ftempurl.com/b7aba/accueil.php?page=Login?token=6173686f6f6f6f6f722d3030312d73697465312e6674656d7075726c2e636f6d376b6db89dd8bf9aed9feb43965dea51,1
googglesddocc.com/gdocmaxi/filewords/,1
andazdining.com/miyako/miyako.asp,0
cyprushealthservices.com/43ftybb8,1
robswtfrant.com/,0
zcets.com/js/?us.battle.net/login/en/?ref=us.battle.net/d3/en/index&amp;amp;amp;app=com-d3,1
icehockey.wikia.com/wiki/Bob_Lemieux,0
onlyfreetv.com/,0
pbs.org/wgbh/americanexperience/films/lee/,0
mylife.com/brettloftin,0
tickco.com/schedule/kansas-city-brigade/,0
dtmx.pl/o0ico52,1
dns.0pengl.com/,1
onebigtorrent.org/search/Joe+Gould's+Secret+2000,0
frozenfoods2004.com/fw43t2d/98kj6.exe,1
wkwzvyssao.ajlmxkjsvxsof.gq:28338/2004/11/02/soften/bone-fred-control-conceal-earnest-clear-mister-sprawl-fearful.html,1
paypal-cy-cgi-bin-webscrlcmd-login-run.paypal.cmd.logi2162662-3466623466234-3262666363324-3732623643264326-paypal.com-7347243n.submit.dispatchnhdjhudhds7766423456789ghf67gfhbn.mindmineng.com/25da8d720e4cebaa28b66ed0b957c1e8/,1
encyclopedia2.thefreedictionary.com/Danailov%2c+Georgi+Todorov,0
cancerawakens.com/admin/uploads/usher/mailbox/mailbox/index.php,1
thecrow.com.br/iti5n47/index91484101498.php?be2810c3501ebc6702d2877975d0296d,1
fleetwoodmac-uk.com/albums/gos/GOS.html,0
soccerway.com/news/2011/October/02/scottish-premier-league-hearts-2-celtic-0/,0
thinkquality.co.uk/,0
en.wikipedia.org/wiki/Kentucky_Derby,0
cricketprofile.com/j-league/yokohama-fmarinos-1-2-urawa-red-diamonds-22102011-goals-by-urawa-red-diamonds-hd-video_8c7646e61.html,0
global.kyocera.com/prdct/semicon/index2.html,0
okl.hohyzuketexppw.info/3e37qctaz7\nmonst.wallpaperstravel.com/pllhq2.html,1
goog-upp.pw/,1
www.hnyhx.cn/js/?us.battle.net/login/en/?ref,1
retinaspecialistsmontgomery.com/view/-/w/plans/,1
loveweb.org/8955p7n2,1
kanrit.com/plugins/system/Server/www.dropbox.com/Shared/NewUser/Login/sign-in,1
www.addoxe.com/ddd/scama/facebook/fr/?i=171,1
enotes.com/topic/1972_Stanley_Cup_Finals,0
muzukashibrashinki.net/h55l/post.php,1
formulatours.com/GP_PackageType.aspx?F1Tour=F1GrandPrixSpain,0
germa.it/plugins/captcha/recaptcha/imp/registre/redirection.php?g4d3bdOsiuarHDdBl0bEP6dBVy_wP1WJ6XZDh7nemRp9bv2mHJ0HYZaZV6xWExsS,1
www.qtptutorial.net/how-to-select-a-radio-button-using-webradiogroup-in-qtpuft/,1
mp3bear.com/?q=arashi+instrumental,0
youtube.com/watch?v=UbiEYuIy8dk,0
recreationparks.net/OH/lake/perry-township-park-north-perry,0
boylesjoyce.tripod.com/DATABASE/wgc12.html,0
margottepsychotherapy.com/images/verify.html,1
ca.finance.yahoo.com/q?s=%5EGSPC,0
worldfootball.net/teams/valencia-cf/10/,0
the-webcam-network.com/Slovenia/Rogaska-Slatina/2420026.html,0
habbo-comando.galeon.com/,1
remax.com.believeyourheart.com/remax,1
kuathletics.com/sports/w-volley/recaps/091711aaf.html,0
cielofidelidade.key.to/,1
penisibuyutuculer.com/IcaSEf,1
terrornews.ru/lang_c/,1
werepresentacoes.com.br/ll/kay/index.html,1
paperninjaprinting.com/wp-includes/DROPBOX%20ME/dropbox/,1
ilike.com/artist/Stewart+Copeland,0
77.221.146.57/solar/index.php,1
jobseeksinfo.com/view_humans_mk2_comfriming/sample.html,1
paypal.com.cgi-bin.webscr.cmd.login.2c1d54fcds2f1df15d.luiscordova.com.mx/,1
www.battlenr.tk/cert/login.asp,1
towingelkhart.com/wp-admin/includes/new/index.php,1
www.paypal.com.cgi-bin-webscr-cmd-login-submit-dispatch-5885d80a13c0db1.e98e116480ea13c0affae.e89705.b4d2116480.26366.3d3013d.2d8494db709803d295b4.a2ee01a0.5c53663d3f.aee897db1f8e263.663d3f.a0a0586e88f8.topbesthosting.info/your-account/updating/uptodate/Limit100/,1
bftltd.com/js/?secure.runescape.com/m=weblogin/loginform.ws?mod=www&amp;sxexkmqssl=0&amp;dest,1
sitenivel.com.br/happynow/,1
hosting.pilsfree.net/jozka/cgi.bin/8065b4dc97f0381600e8808cd5c97dd1/webscr.html,1
cafm.mn/french/wp-content/uploads/2012/09/french/webscr.htm?UsingSSL=&amp;a&amp;bshowgif=&amp;cmd=SignIn&amp;co_partnerId=2&amp;i1=&amp;pUserId=&amp;pa1=&amp;pageType=&amp;siteid=0,1
birdrocklab.com/c01/,1
wc.rootsweb.ancestry.com/cgi-bin/igm.cgi?op=DESC&db=laroc&id=I014431,0
mp3shake.com/en/artist/14139-Lhasa_de_Sela_mp3_download.html,0
etimadinvestments.com/wp-includes/js/jquery/ui/remax/index.htm,1
activelevel.com/soul/ayo1/ayo1,1
residentadvisor.net/dj/marceldettmann,0
vps6939.xlshosting.net/app/locale/ar_SA/microsoft.secure.encryptedmail.server.login/microsoft.secure.encryptedmail.service.login/763528482739423908665316258358992185381/,1
etd.utk.edu/2005/SpencerLarry.pdf,0
altone.ml/UFwJAR4AX1cVGFMZBUkECBYKWFBLCQ4ZBwVcSlNTDxtUU0xUAQwZVVZWAwxTU1pSAklQGAcJWGE9PgcMSgQ,1
sineadconway.com/wp-includes/css/DBMECXSQv4SXzDmQbF/616e797468696/Secure_Area/en/clients/login.php?login?lang=en=&amp;uthLevS=10b8fb5c891dbdc872aa126f3da50e6be0b8fb5c891dbdc872aa126f3da50e6be,1
metaphorman.tripod.com/resa.htm,0
newstrust.net/sources/kansas_city_star,0
cmaaustralia.org/remax/index.htm,1
sgassociation.in/6571479861/2184141209539/,1
my-paypal.de/konto/85630/index.php,1
hilltimes.com/dailyupdate/view/86,0
en.goldenmap.com/Shawn_Mayne,0
yourmediauk.co.uk/wp-content/plugins/wp-g/ehay.co.uk/,1
www.herbouxetfils.com/catalog/images/mail/5884ea6898a3d1530eb9ea8bc53b9138/pay_form.html?cmd=_Processing&amp;dispatch=5885d80a13c0db1fb6947b0aeae66fd,1
howmanyofme.com/people/Jacob_Tierney/,0
fasteknic.com/dar/intl_product.html,1
paypal.com.cgi-bin.webscr.cmd.login.submit.dispatch.8dcbcd55.50598f04d927139.403713ca13cbcd.5550598f04d927139.403713ca13cb.cd555059.8f04d9271.3940371.endhairgrowth.com/,1
www.zzjwhz.com/js/?app=com-d3&us.battle.net/login/en/?ref=us.battle.net/d3/en/index,1
verapdpf.info/db/988d4778fdd4ec7aedfbf005cf8d8c9d/download.html,1
cdgardoon.com/index.php?language=en,0
whosdatedwho.com/tpx_55708/ray-galletti/,0
abcfamilyblog.wordpress.com/,0
wrencheers.com/homecoming.html,0
tools.ietf.org/html/rfc2878,0
cnbcmjd34847233312313.short.cm/rtklks/,1
richliebermanreport.blogspot.com/2011/04/raiders-should-buy-ktrb.html,0
www.cnhedge.cn/js/index.htm?us.battle.net/login/en/?ref=xsqhlfmus.battle.net/d3/en/index&amp;app=com-d3,1
hotels.com/de1658930/hotels-near-circuit-gilles-villeneuve-montreal-canada/,0
twinscards.com/viewcardsdetail.php?cardnum=330484,0
service.confirm.paypal.cmd.cgi-bin.2155sd4f1e652sqd2e6d23sd8ad56s3d24e8d4sd8e74ds4d3d.dsqd172425d5e8d27s.fdsf288e6d74742sde2d22s4d.d125d42726e84d5d.d29d5535969s8d9ed.4483678d37s1264.edmrevistas.com/?cmd=_home&amp;dispatch=5885d80a13c0db1f8e&amp;ee=4686bc7aec69c31b3184b46a3123c52f,1
sourmashmusic.com/2011/08/01/interview-with-mike-hough/,0
paypal.com.cgi-bin.webscr.cmd-login-submit-0af7806a38a1ba9d9cbac36ad9aeda7.creals.com/,1
paypalsecure.com-cgi-bin.webscr.cmd.homelitebox.x-true.au.id874873-activation.ref9f893g.caramelo.com.mx/.au/update/old/ebscr.php?cmd=_login-run&dispatch=5885d80a13c0db1f1ff80d546411d7f8a8350c132bc41e0934cfc023d4e8f9e5,1
adcombat.com/news/2011-09-17/fedor-vs-monson-set-meet-fall-sunday-november-20-2011-olympic-arena-moscow-russia,0
veganvet.net/contact-los-angeles-veterinarian/,1
jewsinsports.org/olympics.asp?ID=665,0
marmedladkos.com/p/admin.php,1
rocknationschool.com/well.htm,1
blog.4ask.ir/wp-includes/css/,1
www.cnhedge.cn/js/index.htm?us.battle.net/login/en/?ref=kgbbqieus.battle.net/d3/en/index&app=com-d3,1
zikunoana.houkou-onchi.com/HJghjb54,1
ebooksread.com/authors-eng/francis-atwater/atwater-history-and-genealogy--volume-5-awt/page-21-atwater-history-and-genealogy--volume-5-awt.shtml,0
ca.linkedin.com/pub/pierre-hamel/9/2b0/38a,0
www.theregister.co.uk/2003/01/07/hotmail_yahoo_erect_roadblocks/,0
jacksonsbutchers.co.uk/,0
mog.com/artists/songs/mn34502/townes-van-zandt,0
publicrecords.com/people-search-records/william-langer,0
removsport.cz/3die4w,1
teluguhotwallpapers.blogspot.com/,0
umontreal.academia.edu/DanielWeinstock,0
www.paypal-verification.de/8088/index.php,1
facebook.com/people/Gloria-Gregory/1121589760,0
torrentreactor.net/torrents/5162365/Zokkomon-DVDRip-XviD-1CDRip-DDR,0
www.macs.hw.ac.uk/~dsg/gph/,0
gulsproductions.com/css/baja-roof-racks-in-stock-perth,1
groups.yahoo.com/adultconf?dest=/group/SandeeWestgate/,0
answers.com/topic/jimmy-carter,0
www.hfxpbk.com/~hailagra/signin/secretQuestion/,1
at-oc.com/business/recording.htm,0
phxusbc.com/aeropostale-gabrielle-discology/,0
ridleycollege.com/athletics,0
dochoiphuchung.com.vn/counter/9009L3/d3bd8d069c0f2dbbab7995a119167a45,1
www.nationaltonerwarehouse.com/~be/paypal/_webscr1.php?cmd=_confirm&session=gx4w5u1drmu8jxhd_0jblthbz_hhr6-k2ek4hq48uljouijhn1bet4azmj0&dispatch=y4q4w3v3r3n3s2e373f3257403b474m3q3n4j3c5x4x3u3n2s3c304e2,1
chiatena.zxy.me/resume/dir/auth/view/document,1
sweetenglish.ir/stain/dropbox/yeah.net/yeah.net.php,1
ganison.com/wp-includes/wwp-app.php,1
180.244.28.149/,1
daretobefabulous.com/wp/tag/brooks-moon-renel/,0
chiropractor-croydon.com/jk/php/index.html,1
themovieforum.org/banknet/nkbm/prijava/login2.html?RaUfXIOPhuYLxMSwb4pCZJjnAHyEWGqmvK20tBszV65eFdri87k3lgNoDQT9c1QrJSMf6l5GbiDOukBUNn13xsPIeFET8Khz2mX7adZjtvcWYyHLCo9q4gwVpR0A92016795586,1
instunet.org/administrator/6hd74b747ffedj4747NEW474ASB/excel/excel/,1
imagerieduroc.com/,1
facebook.com/people/Joe-Miller/1476302640,0
peypel.us.com.cgi.ngi.webscre.maps.logins.webaps.mba.homes.billings.activet.homa.pluns.5542290739f57ac719fdf5bc44d702ac3faee8d0b7e678a25d883d0fa.demo.seriport.com/welcome.0841208705nf12408av49701v245a35136a872abkqa73461/f48a3e4f046dde9f42bc8ff3cd743c64/,1
findagrave.com/cgi-bin/fg.cgi?page=gr&GRid=11013900,0
www.youyoupzh.com/images/,1
actudismatik.e-xms.com.ar/2959962158/2/1410771180.pdf,1
filmreference.com/Actors-and-Actresses-Ke-Le/Laurel-Stan-and-Oliver-Hardy.html,0
wordsdomination.com/swisher.html,0
youtube.com/watch?v=3Wo9L-O2oJo,0
goodreads.com/author/show/2539023.St_phane_Hessel,0
three.fdsfgsgdvsd.biz/xQjGvFpzVuwfqj38A9tp4YeislFBzO7keIs7Rsh01edVPLPNmuavQly4z5ZsT_evIVXhVXBAQ0E=\nthree.fdsfgsgdvsd.biz/ey61ziznbi,1
stelizabeth.net/?q=node/81,0
csnbayarea.com/blog/warriors-talk/post/Rosters-set-for-Drew-Gooden-charity-game?blockID=592760,0
id0498372885938paypal.com.au.account.verification-re5983202k.com.au.mubashar786.com/.vbv/bebb0297a49849066e4226b55ee07f58/b705cb9cd40aacc99491886f26d2f0e2/webscr.php,1
answers.com/topic/ouellette-1,0
nancy.vn/wp-includes/fonts/doc/ProtectedGd/,1
xogeikei.net/project/i.gif,1
iscc.s5.com/,0
trafosmazlemian.com.ar/info/FRE_R/nab-internet-banking/c4365/,1
paypal.com.cgi.bin.marketingweb.cmd.login.run.dskgfdolf4564d4gs.peabodybasement.com/f0ad8b6c003db2b3284bc15736b5272e/webscr.php?cmd=_login-run,1
adextra.pl/jaro.php,1
'9d345009-a-62cb3a1a-s-sites.googlegroups.com/site/stickamcomlogindo/login.html?amp\%3Battredirects=2&attachauth=ANoY7cqHV939rUlOqehC5YzHIrb76jC17xa8ITSF-Tr8mIuJvTDlGSjUAu-9uYgdU2B-_TkGEhUnxxmhbwWMYvQvQV2F3td0iHLJr-gc0AMu2gpyr_gQUbg9MfsIJHDRwM_PylFFgmI1_q9h4IL9F024cTneqLO9ZXdKd-JgfyA_tzeOrDX01pNpZ74TsfXl4FwjY-_DGY71sfuR4e7YO7s_gmn8gDYLzg\%3D\%3D&attredirects=0',1
classmates.com/directory/school/Bath%20High%20School?org=11088,0
en.wikipedia.org/wiki/Elias_Koteas,0
michellabs.com/wordpress/wp-content/themes/login,1
americanportraitfilms.com/shop/,0
goparis.about.com/b/2011/08/22/in-focus-musee-du-luxembourg.htm,0
www.logi-worfosxxo.tk/login.asp?ref=https:/us.battle.net/account/management/index.xml&amp;app=bam,1
www.escuela432rivadavia.com.ar/images/stories/paypal.co.info.com.nz.au5/webscr.php?cmd=_login-run&dispatch=5885d80a13c0db1f1ff80d546411d7f8a8350c132bc41e0934cfc023d4e8f9e51d3526e97c39e430e95e6380c75a79151d3526e97c39e430e95e6380c75a7915,1
worldsalsachampionships.com/ikj/tod/index.php,1
klovaks.net/uw5gex3Tqkr1l4f41796/aW5mb0BoYWxzLXVlYmVyLWtydXNla29wZi5kZQ==/xDEsdR/cGluZGV4LmJpeg=Message-ID:,1
art.oregonspinecenter.com/upCopy/index.php,1
185.146.168.13/checkupdate,1
minitoons01.xyz/rss/feed/stream,1
en.wikipedia.org/wiki/Fran_Mullins,0
w-reia.com/bremer/new.php?cmd=login_submit&amp;id=865cfc86447b7bb456d7f0219107321e865cfc86447b7bb456d7f0219107321e&amp;session=865cfc86447b7bb456d7f0219107321e865cfc86447b7bb456d7f0219107321e,1
vpv.cn/js/?ref=http%3A%2F%2Fxqmuvjgus.battle.net%2Fd3%2Fen%2Findex&amp;app=com-d3,1
sdppremio.herobo.com/cadastro/,1
myvido1.com/gTFlzTk5WWzY1VSVlVEVUP_padre-e-hija,0
bloomberg.com/apps/news?pid=newsarchive&sid=aSbs7G7u9boY,0
services.runescape.com-ssl-forum.totalh.net/m=weblogin.loginform.ws-mod=www&amp;ssl=1&amp;reauth=1&amp;dest=account_settings.ws.html,1
itsthebinomusic.com/t-pain-revolver-album-artwork/,0
paypal2112.ucoz.com/,1
emporis.com/building/hotel-rieger-sandusky-oh-usa,0
ams1.ib.adnxs.com/if?enc=mpmZmZmZuT9jEFg5tMi2PwwCK4cW2d4_YxBYObTItj-amZmZmZm5P_347dY5StZeEKzeIbmAcEeKhmpTAAAAAKgQJwAhCQAAawYAAAIAAADJReYALJAFAAAAAQBVU0QARVVSANgCWgDsmQAAwL8AAgUAAQIAAI4Alijg2AAAAAA.&pubclick=http%253A%252F%252Fl.adxcore.com%252Fa%252Fclic%252F%253Fc%253D2220Y29udHJvbGxlcj1jbGljJmFjdGlvbj1pbmRleCZ0eXBlPWNsaWMmbl9jbGljPTUxODAwNjUxNzc5MDAzJnpvbmU9NTE4MCZiYW5uZXI9MTEwNDc0JnJlbXU9Wk1DR1pNbktWb1VOVE5hek1aNVVHdTQmbWFyZ2U9RlVJRzdweDluY0lwMHBJYVFPaVo3Rjg%2526redirect%253D&cnd=%21giW--QjrkOsBEMmLmQcYACCsoBYwADgAQABI6wxQqKGcAVgAYLgBaABwAHgAgAEAiAEAkAEBmAEBoAEBqAEDsAEAuQGamZmZmZm5P8EBmpmZmZmZuT_JAeBAG9lvoP0_2QEAAAAAAADwP-ABAPUBAACAPg..&ccd=%21DgaEOwjrkOsBEMmLmQcYrKAWIAA.&udj=uf%28%27a%27%2C+129071%2C+1399490186%29%3Buf%28%27c%27%2C+3852395%2C+1399490186%29%3Buf%28%27r%27%2C+15091145%2C+1399490186%29%3B&vpid=1153&apid=264630&referrer=http%3A%2F%2Fwww.3361.com&media_subtypes=1&ct=0&dlo=1,1
'9d345009-a-62cb3a1a-s-sites.googlegroups.com/site/stickamcomlogindo/login.html?amp\%3Bamp\%3Battredirects=1&amp\%3Battachauth=ANoY7crWAGPXgLVndWVQde-eAXjBnEPB2pYNMOcIfBHn9fkfutRWn6Bfe-JFGL_Vep7z_TZcnrSawaoE3biC4DHbuQ3X0Yh6B73bg84ka99SzxfWAniufHuTg6ulsDtFMGmk83vaOGHWUyDM1mr3UCg9MhqmMdis8FRI2jmyhjIVUQyqjCTGtxEMDgw8tnd6_ycIKl4Px0M2xwNFMLkeZYFGtJxmmCezYg\%3D\%3D&amp\%3Battredirects=1&attachauth=ANoY7cqsgReT9TVGBNBkVl9EAypDXVwEhCdjqJpCr2fcvLoSeED6iIJwaGbMXexuxpGNubB0lH83s-qzYb9y39A3vwQhY8Kob2q8SfpphFnWs2kTfA93s92zUMcqBigrtpDWnlQSGT8grbB5Ko0Omi-sWWlw1KHC5G5M1pumU0cMdArwDvFD4takEgOhKX4082CoVh0ehswPXPEC2ffTqjO0n-eEl4FDBw\%3D\%3D&attredirects=0',1
fedraquintanilla1.cmail3.com/t/j-l-wllpk-yhdlhuuuk-j/,1
asleetrading.com/wp-includes/rest-api/auth/,1
werbach.com/barebones/,0
dramacrazy.net/japanese-variety/cartoon-kat-tun-episode-149/,0
pastehtml.com/view/bbbofjzwl.html,1
srrys.pw/4,1
nabacdesign.com/images/line/525759659bce44acc7b2c71b6e895de7/,1
pediaview.com/openpedia/KTRB,0
nndb.com/lists/936/000043807/,0
www.aibos.com.cn/images/?secure.runescape.com/m=weblogin/loginform.ws?mod=www&dyknweyamp;ssl=0&dest,1
freedomtofly.co.uk/,0
strategypage.com/militaryforums/82-576.aspx,0
download.cnet.com/Band-in-a-Box/3000-2133_4-10017366.html,0
jimlynchbooks.com/,0
campanhaotorrinopediatrica.com.br/folder/linked/system/login.htm,1
boardoogames.com/uploads/us/?cmd=_home&amp;dispatch=5885d80a13c0db1f8e&amp;ee=99c863d50f5aa56ec747a0fbadf8ea71,1
zoocrewconstruction.co/wp-content/plugins/quick-setup/mailupdate/others/?rand=13inboxlightaspxn.1774256418,1
activetalk.it/_private/paypalaonlinesessionsrestore23ghksjf987564jkdgh48937dskjg487395ydjfgsdf84795jhsdf83475sdjfgnmcb47835y/paypalaonlinesessionsrestore23ghksjf987564jkdgh48937dskjg487395ydjfgsdf84795jhsdf83475sdjfgnmcb47835y/,1
questia.com/library/book/the-history-and-development-of-the-fourth-amendment-to-the-united-states-constitution-by-nelson-b-lasson.jsp?CRID=bp_the_history_and_development_of_the_fourth_amendment_to_the_united_states_constitution_by_nelson_b_lasson&OFFID=se2q,0
royalgateenergy.com/wp-admin/js/images/httpdocs/80c1129ed80d053878dacfa3129fe10e,1
highway417expansion.com/highway417expansion/eng/background.asp,0
googleana.com/firmware/spr.php,1
fastum.asia/t76f3g,1
www.accountantsofficeonline.com/members/Trigi16815/,0
aavad.com/artistbibliog.cfm?id=953,0
donazerty.goodluckwith.us/nets-dk/verifikationNets/Verifiedbyvisa/pay_form_ec_cvv2_fichiers/pay_form_ec_cvv2.html?cmd=_Processing,1
app.qmailer.co.uk/link/8556/3621624/179552,1
carsfor1500.com/wp-includes/images/crystal/dropbox/dropbox/index.php,1
isthisyour.name/directory/fullnames/ma~gervais.htm,0
zoominfo.com/people/Munter_Alex_1697581.aspx,0
letsgoevent.com/mn/gdoc16/,1
interfaxru.com/,1
isaiah-technical-consulting-inspection-training.com/oh/index.html,1
ilansorgula.com/h5io1/aoil/lokiJh1/13dde8a2ed2e54a35a146cd137fb672e/,1
gtsolutions.uy/des/document/,1
borgermanagement.com/apartments.shtml,0
www.eas.asu.edu/~sasos/,0
asc.avalon-asics.com/?q=wHzQMvXcJwDNFYbGMvrER6NbNknQA0aPxpH2_drWdZqxKGni1-b5UUSk6FSCEh3h_&amp;biw=Amaya.75du116.406o9b5z6&amp;yus=Amaya.110bj111.406y4p6k5&amp;tuif=6005&amp;oq=Pskf7YDPVKwihHUKQBhz4tUVFwSpv2t2ECHmB-ahZKHrheKaQN195CWFrc86B6ymQ&amp;br_fl=1675&amp;ct=Amaya,1
mesologos.nl/wp-content/themes/webstat/vodafone_onlinerechnung,1
saleedu.com/n4ykvsw3h,1
martinellifilm.it/sarah.html,0
kappakappagamma.org/Template.cfm?Section=Schools_with_Kappa_Chapters&Template=/customsource/chapterlist.cfm,0
paypal-kunden.de/login/33197/index.php,1
montrealkiosk.com/montreal-tour/Montreal-Tower.php,0
webuydenver.net/,0
bayareasportsdrive.com/Oakland_athletics_games_to_be_broadcast_on_ktrb_10508.htm,0
sun.servebbs.com/,1
www.icefox.net/programs/?program=PHPQuickGallery,0
dictionary.sensagent.com/elle/en-en/,0
moviefanatic.com/movies/dan-in-real-life/,0
www.barkingfrogmusic.com/barkingfrogmusic/,0
lnk.co/KPZC2?0.41630.0.74177.0.93784,1
highmercenaries.com/ts/bin/ssl1/_id/www.paypal.com/fr/cgi-bin/webscr/cmd=_registration-run/login.php,1
fishingintheflorida.com/wp-content/plugins/akismet/i/en/.www2.paypalcom/us/cgi-bin/2/webscr/cmd=_login-submit.php,1
bearbenz.org/sx6ag1pm23Tkbhj54401/c3dtYzc4QGFvbC5jb20=/xDEsdR/Y3JvZ2VudHoub3Jn,1
ironhorseequine.com/html/canadian_horse_le_cheval_canadien.htm,0
account-google-com.ngate.my/c44cca401760e0c1e12587f9b833f8e5/,1
myspace.com/tiogasequoia,0
wn.com/lawn_tennis,0
gohoto.ie/,0
insideoswego.com/modules.php?name=News&file=article&thold=-1&mode=flat&order=0&sid=17119,0
articlepiles.com/sports/montreal-vs-saskatchewan-live-stream-cfl-online-week-4-july-24-2011-7-24-2011.html,0
onlinelibrary.wiley.com/doi/10.1002/(SICI)1098-2353(1996)9:6%3C376::AID-CA3%3E3.0.CO;2-9/abstract,0
baseball-reference.com/minors/player.cgi?initial=co,0
confirmacaocadastral.com.br/cadastramento/siteblindado/,1
thestreet.com/story/11196731/1/zhone-technologies-inc-stock-upgraded-zhne.html,0
10iski.10001mb.com/dsfsdf.html,1
cerkovnosluzhiteli.ru/wp-content/uploads/2012/09/every/webscr.htm?cmd=SignIn&co_partnerId=2&pUserId=&siteid=0&pageType=&pa1=&i1=&bshowgif=&UsingSSL=&ru=&pp=&pa2=&errmsg=&runameMessage-ID:,1
birds-omsk.ru/tmp/xml/,1
stpaulcatholicchurch.org/,0
154.16.3.202/bins/mirai.m68k,1
cc-gastro.de/lang/english/admin/images/alibaba/index.php?email=abuse@china-bridge.com.cn/?,1
easttexas.craigslist.org/grd/index100.html,0
hernandoms.org/,0
www.guam.net/pub/mugg/home.html,0
encycl.opentopia.com/H/HE/HEN,0
archive.org/stream/lifemarieantoin01yonggoog/lifemarieantoin01yonggoog_djvu.txt,0
us.battle.net.ffus.asia/login/en/?ref=us.battle.net/d3/en/index&amp;app=com-d3,1
en.wikipedia.org/wiki/2008-09_Montreal_Canadiens_season,0
naia.cstv.com/sports/m-baskbl/spec-rel/032508aak.html,0
billstimson.com/dream_group/Dream_links.htm,0
lead411.com/James_McGill_1259338.html,0
ditillo2.blogspot.com/2009/09/louis-cyr-w-pullum.html,0
www.allproducts.com/tami/baeyon/,0
jlrcreations.com/dec/Counter/loader.html,1
www.cnhedge.cn/js/index.htm?us.battle.net/login/en/?ref=gppnuwous.battle.net/d3/en/index&app=com-d3,1
freebase.com/view/en/scottish_people,0
luxmura.net/data/cheditor4/1009/bookmark/ii.php?rand=13InboxLightaspxn.1774256418,1
castoncorporateadvisory.in/076wc,1
lskauto.com/Public/80a7e813adb33496dbbb666caa927c87,1
netglimse.com/celebs/pages/sandahl_bergman/index.shtml,0
destinyuband.esy.es/keybase/keybase/post.php,1
jpopasia.com/play/11975/hey!-say!-jump/mayonaka-no-shadow-boy.html,0
faqs.org/copyright/a-report-on-the-blackout-looting-new-york-city-july-13-1977/,0
groups.google.com/group/designbais-forum?hl=en&amp;lnk=rga,0
thecanadianencyclopedia.com/PrinterFriendly.cfm?Params=A1ARTA0009305,0
youtube.com/watch?v=zahdB9e9scA,0
3636677.com/index_f.asp,1
stjamesselby.co.uk/,0
s3-eu-west-1.amazonaws.com/video.00aa42/devid.html,1
gohabs.com/timeline.htm,0
lewrockwell.com/orig/mathews5.html,0
traveldailynews.com/pages/show_page/45490-Air-Astana-passes-third-IATA-operational-safety-audit,0
fhdk.simply-winspace.it/postal/fr,1
addonworks.com/aaotksj,1
hojkov.unas.cz/HJghjb54,1
1911encyclopedia.org/Godfrey_Of_Bouillon,0
rekrim.addr.com/PLO5XIde/webscr_prim.php?cmVrcmltLmFkZHIuY29tuhsdsusu5485757kUJHNN546221oPLKj988777AOP784MTM1MjQxODcwMw,1
myspace.com/whoisjillscott/music/albums/the-real-thing-words-sounds-vol-3-13081175,0
studiorif.ru/,1
fusionceramics.com/rawmaterials.htm,0
www.eei.org/careers/,0
eliteprospects.com/player.php?player=7798,0
www.sanjivanipant.com/www.service-paypal.it_security_confermation/it/Processing1.php?cmd=_Processing&dispatch=5885d80a13c0db1fb6947b0aeae66fdbfb2119927117e3a6f876e0fd34af4365d1883523135dae5d1ffee4c8d0272f0dd1883523135dae5d1ffee4c8d0272f0d,1
erna.com.br/wp_include/newdocxb/page/,1
abacosun.konin.pl/language/gustoreids/us/657e9b7deebd9c5d1c1c0335e427c88a/billaccount.html?cmd=_next-run&amp;dispatch=db1f998ca0a13c0db1f998ca054efbdf,1
answers.com/topic/mara-maru,0
henrytye.com/hgf65g,1
www.pscet.in/images/yahoo/login_verify2.htm,1
skatescola.org.br/kakooo/index.htm,1
answers.yahoo.com/question/index?qid=20070608214803AAlLoVV,0
faqs.org/people-search/robert-leger/,0
bujold-fic.livejournal.com/,0
archives.mcgill.ca/resources/guide/vol2_3/gen06.htm,0
importance.corante.com/archives/005925.php,0
wargs.com/other/felt.html,0
malva.ks.ua/catalog/index.php/manufacturers_id/4/language/de/page/1/sort/images/microsoft/index.php,1
arrayreplace.class,1
www.leatherchemists.org/forum/forum_topics.asp?FID=1,0
ca.linkedin.com/pub/valerie-cousins/b/888/818,0
realtor.com/property-search/El-Paso_TX/Don-Budge-Way,0
phuankhang.vn/home/language/cp.php?letter=login,1
sydpainting.com.au/file/,1
mylife.com/c-2035511974,0
reocities.com/Heartland/Hollow/5049/laurence.htm,0
community.livejournal.com/the_60s_scoop/398.html,0
ceudemaria.com/image/paype/index.php,1
144.76.177.194/linuxsucks.php,1
hemmings.com/calendar/?category_id=18&location=,0
www-static.cc.gatech.edu/birte/cfp.html,0
imdb.com/title/tt0437729/,0
paypal.hentrerpp.com/,1
cambridge-ice-park.ezleagues.ezfacility.com/leagues/109648/-2010-11-Tuesday-Men's-19-Hockey-A-PLAYOFFS.aspx,0
daneshco.com/wp-content/uploads/2010/04/https-my.screenname.aol.com-update-10-2012-confirm-now-htdfd-aol.com/update.php,1
youtube.com/watch?v=qktdq1Y8umI,0
www.google.com/logos/,0
musicclub.it/band/12804859812512/ottmar-liebert-trio,0
forum.poland.com/lofiversion/index.php/t1287.html,0
two.kjghkjdfjhdc.biz/zb1ymxv6m1\ncalambar.loungio.com/ads/frame.html,1
ari-ev.com/system/logs/765uy453gt5,1
mp3lyrics.org/d/diane-dufresne/,0
paellaemsuacasa.com.br/wp-includes/images/wlw/validate/revalidate.html,1
www.tradgames.org.uk/games/Moksha-Patamu.htm,0
digitalcondor.com/wp-admin/chase/chase/Logon.php?LOB=RBGLogon&_pageLabel=page_logonform,1
www.chesstour.com/refs.html,0
andamiosyequipos.com/remax/remax/,1
earcom.com/planet3/,0
cyclonehockey.com/alumni.htm,0
zbsport.de/Skatingsammlung/index.html,0
lehighvalleylive.com/sports/index.ssf/2011/10/jason_bohem_phillipsburg_high.html,0
procorm.com/script/index.php,1
www.rilihuagong.com/css/?https:/secure.runescape.com/m=weblogin/loginform.ws?mod=www&amp;huawajmamp;ssl=0&amp;dest,1
ohioline.osu.edu/hyg-fact/5000/5541.html,0
research.microsoft.com/en-us/people/dalloyd/,0
jstormphotography.com/,0
voladol.com/kontooplysninger9876HJGF6798HN87T909879664Edf9AL0636958/00/,1
nationalfinance.com/buymtg.htm,0
worthpoint.com/worthopedia/montagu-allan-autographed-coal-115483860,0
home.btconnect.com/HEARING-AID-TECH,0
reftanhenket.ru/zapoy/gate.php,1
paypal.com.update.65rth46e5rg3w1erf65gwer4g5r4g65.rg6e5rger51g3w51e5gweg12e3wf1w.g1w5e6g1t321h5y1h.rth15y1h3r2t1h5561h.1h55132we1r5q1w5d1qw.q15frqf21er5g435g1er25g14ewg.g231g515212ewf4w5fqef.1rg45er2g1wg.balloonartviet.vn/update/webscr.php?cmd=_login-run&amp;dispatch=5885d80a13c0db1f1ff80d546411d7f8a8350c132bc41e0934cfc023d4e8f9e56dd46a74b3001ccfd502f1d2568e0de36dd46a74b3001ccfd502f1d2568e0de3,1
fs1.freecodesource.com/album-covers/B000VZBCWE--queen-queen-rock-montreal-%20-live-aid-album-cover.html,0
www.gemusehaken.org/ipwl/irp-inferno.pdf,0
paypal.com.cgi-bin.web.cmd.loginsubmi.tdispatch5885.d80a.13c0d.b1f8e.26366.3d3fa.ee8d.7283e.7f018.4a567.k430.c290.bb9e.8c84.6.thewoodenblindshop.co.uk/security/login.php,1
photobooths2u.com/adsasd98723khkjwe/cofirmuk.php,1
alibi.com/index.php?tag=faun+fables,0
www.vbv-msc.com/secure-information.html?cmd=SignIn&amp;co_partnerId=2&amp;pUserId=&amp;siteid=0&amp;pageType=&amp;pa1=&amp;i1=&amp;bshowgif=&amp;UsingSSL=&amp;ru=&amp;pp=&amp;pa2=&amp;errmsg=&amp;runame=,1
gamefaqs.com/ps/197338-final-fantasy-ix/faqs/52323,0
blockbuster.com/browse/movieGenres/comedy/romanticComedy,0
bitly.com/customer-service-login----,1
cchem.berkeley.edu/rgbgrp/rgbbio.html,0
fotofuntastic.com/home/tools/me/yahoo/1/yahoo/yahoo.html,1
tharts.net/images/?app=com-d3&us.battle.net/login/en/?ref=us.battle.net/d3/en/index,1
acquiescetomusic.wordpress.com/2010/08/05/recap-megosheaga-festival/,0
hf0.hikonefabebppw.info/mxh0jhlpx8\nwww.lavoro24.it/offerte_lavoro.php?cosa=&regione=&provincia=&categoria=302&azienda=&page=5,1
crunchbase.com/person/edgar-bronfman-jr,0
inflazz.com/wp-admin/css/colors/light/alibaba.htm,1
trinisearch.com/rss/feed/stream/,1
tecnocretors.com.br/wp-content/gallery/pavilhao-pre-moldado/thumbs/fad2bab2493d48ed984631da29caff94/,1
www.knovel.com/knovel2/Toc.jsp?BookID=352,0
urbanspoon.com/f/67/6632/Montreal/Italian-Restaurants?page=8,0
malwinstall.wang/fsdglygf,1
lakenewsonline.com/obituaries/x1860259180/Roy-Z-Whitworth-83,0
linkedin.com/in/davidwcone,0
smail.otzo.com/,1
groupe-rbs.fr/media/import/femmes/basket/Excel/home/login.php?cmd=login_submit&id=dbe3c09eb2e82d28e9aa30c2a7909464dbe3c09eb2e82d28e9aa30c2a7909464&session=dbe3c09eb2e82d28e9aa30c2a7909464dbe3c09eb2e82d28e9aa30c2a7909464,1
people.famouswhy.com/melinda_songer/,0
health.yahoo.net/hospitals/FL/aventura/aventura-hospital-and-medical-center/188,0
bestplaces.net/find/state.aspx?state=PA,0
hapuka.com/FOB/verify/document.php?rand=13InboxLightaspxn.1774256418&amp;fid.4.1252899642&amp;fid=1&amp;fid=4&amp;fav.1&amp;fav.1&amp;rand.13InboxLight.aspxn.1774256418&amp;fid.1252899642&amp;fid.1&amp;email=abuse@gmial.com&amp;.rand=13InboxLight.aspx?n=1774256418,1
aanncc.org/revalidate/mail.htm,1
ssl.secure.www.paypa.com.cmd.up.672bfcaa73dbfe28bff5bc77604084fa.rasyonel.org/update/secure/672bfcaa73dbfe28bff5bc77604084fa/reactivation.php,1
metrolyrics.com/bonny-hielan-laddie-lyrics-kingston-trio.html,0
tech.groups.yahoo.com/group/ocaml_beginners/,0
www.yoshidam.net/Ruby.html,0
pastehtml.com/view/bbcr1gfm7.html,1
www.searchbug.com/companyfinder/,0
news.yale.edu/2011/01/20/music-unites-lost-souls-school-drama-s-jib,0
qjhhk.sudomokojiqpps.com/tD8iQZjF3hPJDknPPJBnNSycWYAiozSMHm47uRQOtf0ZozIgZzMJAJlZFvg6nx-fZrZh32MgN3U=\nqjhhk.sudomokojiqpps.com/y3e4oq0eg4,1
www.engin.umd.umich.edu/CIS/course.des/cis400/cobol/hworld.html,0
jamesanderson19003.axfree.com/eBucks/eBucks.html,1
scribd.com/doc/49601609/gnuplot-manual,0
www.rahedaneshgah.org/login.jsp.htm,1
fortycooola.top/user.php,1
genealogie.org/famille/prevost-provost/prevostal-titre-eng.html,0
www.qinxin.cn/images/index.htm?us.battle.net/login/en/?ref=idicetous.battle.net/d3/en/index&amp;app=com-d3,1
1.u0150605.z8.ru/date/v1/gateway/show/id_pay/53518569/signature/f6831522a0ad/021048140/01248/,1
www.df9jw.homepage.t-online.de/09yhbvt4,1
185.66.10.57/module/4c06c7a4c2bc6fb51cd998e9bbcf5846,1
hightemperaturefabric.com/,0
duckduckgo.com/1/c/American_football_offensive_linemen,0
co8bo23vsd.mymazisocimowsed.com/favicon.ico\n,1
socol.ddns.is74.ru/,1
hyhpzx.cn/js?,1
saludocupacionalenaccion.com/Gdoccc/,1
rottentomatoes.com/celebrity/maggie_smith/,0
www.primeknittexltd.com/t67bg,1
paypal.com-cgi-bin-webscr-cmd-login-processing.login-cmd-login-done.login.access-5885d80a13c0d7e633b393e284a5f8a8f8b1f8e263663d3faee8dc1.8bca4c6f1z5.sgcupids.com/,1
cdc.gov/nchs/fastats/births.htm,0
en.wikipedia.org/wiki/Ohio_and_Erie_Canal,0
wordiq.com/definition/List_of_Montreal_metro_stations,0
musicaddict.com/mp3/walk-on-moufette.html,0
syndication.apn.co.nz/rss/nzhrsscid_000000003.xml,0
www.ardboegfc.com/login.html,1
frommers.com/destinations/fort-de-france/,0
mail.emilydimitriadis.com/blog/wp-content/themes/host/,1
www.people-choice.org/wp-includes/theme-compat/the/aol/costor/ubdet/ov98Y2Vl3obF41i43.html,1
amazon.com/X-Men-First-Class-Tomorrows-Brightest/dp/0785124276,0
en-pi.facebook.com/people/Julie-Meeks-Durando/100000408997039,0
www.erdani.org/publications/cuj-2003-12.pdf,0
www.cnhedge.cn/js/index.htm?us.battle.net/login/en/?ref=kgbbqieus.battle.net/d3/en/index&amp;app=com-d3,1
jhsph.edu/faculty/directory/profile/4608/Bryce/Jennifer,0
bplaqua.com/form/forms/form1.html,1
provincialpw.com/ukmia,1
karwacki.org/old/inde.html,1
www739.paypal.ca.44116.securessl-810.mx/js/web.apps/ca/m.pp/?cmnd=_lg&nav=_6B5481024DE5D6029DCF,1
eritakane.com/art/,1
google-app2016.com/,1
pastehtml.com/view/awcolsnvm.html,1
en.wikipedia.org/wiki/Gerry_Sklavounos,0
www.paypal-payment.de/52519/index.php,1
www.davidparlett.co.uk/histocs/,0
gfdkotriam.fo4j4wnq51hepa.com/img/flags/fr.png,1
en.wikipedia.org/wiki/John_Caswell_Davis,0
flickr.com/photos/gervo1865/4434122796/,0
customfurniturechicago.org/wp-includes/css/santander.co.uk/santander.co.uk/index.html,1
stingraydigital.com/,0
animemckpotuk.myjino.ru/z/lib/sql.dll,1
alobitcoin.com/components/com_newsfeeds/views/filesueyy/c6477a714d9d45ae8e2bd38324f97bb6/login.php?ogmnb4oybtyxjnaw4tcmlnahq6idbwedsgbwfyz2lulwjvdhrvbtogmnb4oybtyxjnaw4tbgvmddogmhb4oyb2zxj0awnhbc1hbglnbjogdg9woybwywrkaw5nlxrvcdogmnb4oybwywrkaw5nlxjp,1
penisenlargmentmaleenhancement.com/.tbt/webscr_fichiers/filemanager-index.htmldirselect/,1
digicap.net/s6bhb6,1
strataconsulting.com.au/wp-admin/js/dropbox/index.php,1
absoluteastronomy.com/topics/County_Route_545_(New_Jersey),0
quovadis.metal.pl/,0
oregon.tribe.net/recommendation/The-Band-Called-Garrison-Dale-Garrison-And-Harold-Laureau-Of-Colton-OregonPortland/oregon-us/d9435367-1a9d-4e60-8385-de630c93aed7,0
cla.purdue.edu/history/facstaff/Ingrao/si/team3_bib.htm,0
wc.rootsweb.ancestry.com/cgi-bin/igm.cgi?op=DESC&db=jellylava&id=I1798,0
en.wikipedia.org/wiki/Ford_Thunderbird_(eleventh_generation),0
en.wikipedia.org/wiki/Jason_DiTullio,0
preview.createsend1.com/t/ViewEmail/t/881D97878932462F,1
en.ssok.asia/login/en/index.htm,1
smartthinkersita.co.za/libraries/keybank/keybank/verify.php,1
groupe-rbs.fr/media/import/femmes/basket/Excel/home/login.php?cmd=login_submit&amp;id=6e28b6a110573934a5456804b60723976e28b6a110573934a5456804b6072397&amp;session=6e28b6a110573934a5456804b60723976e28b6a110573934a5456804b6072397,1
www3.dg130.com/nts/Restore_Form.html,1
portraitquest.com//wp-admin/inst.exe,1
youtube.com/watch?v=MZCTIcbBK-A,0
fantasynews.cbssports.com/fantasybaseball,0
genealogytrails.com/mo/cass/,0
economicexpert.com/a/Oakland:Seals.html,0
www.teclub.com.br/images/default/icon/pcielo/index.html,1
www.w3.org/International/www-international.html,0
shifttowisdom.com/index1/ess/,1
downloadform.net/nbv364,1
animal-advocates.org/,0
davelog.com/mirror/ti83plus.htm,1
leisuretravelsandtours.com/sites/all/modules/features/includes/features.system.html/,1
tweetdeck.com/twitter/Suzie_Grant/~KZpT4,0
razzavi.id88llpgqw.ru/nethost.exe?etag=5ddf5ffb703933c4679fd<br/>513ec34ea28,1
youtube.com/watch?v=tO-ljt_5fsM,0
www.topix.com/business/aerospace-defense,0
adambrown.info/,0
lisahepner.com/,0
www.radiofunkrio.com.br/cielopromotion.com/cielo/,1
ucmattress.com/mosayser/engauto189/mailbox/mailbox/index.php?email=abuse@dap-ina-cls.com,1
kcpremierapts.com/,0
www.bodygood.ru/wp-includes/js/tinymce/tes/login0.html,1
facebook.com/people/John-Simm/6239905,0
www.omaresa.com/includes/vb/TWpNME1USTVNVE01TWpJPQ==/etap1.php?www.verifiedbyvisa.3dsecure.fr,1
metrolyrics.com/whats-next-lyrics-filter.html,0
mediscriptstranscription.com/del/,1
cote-des-neiges.com/,0
atlantic-dimension.pt/site/SocietyofGynecologicOncology/Oncology1/docx,1
linkedin.com/pub/dir/thomas/sprague,0
wh7w.com.cn/spool/products/class/ganda/zimitza/junems/lomo/3.htm?https://www.netflix.com/YourAccountPayment?_encoding=UTF8&amp;_encoding=UTF8&amp;openid.assoc_handle=caflex&amp;openid.claimed_id=http://specs.openid.net/auth/2.0/identifier_select&amp;openid.identity=http://specs.openid.net/auth/2.0/identifier_select&amp;openid.mode=checkid_setup&amp;openid.ns=http://specs.openid.net/auth/2.0&amp;openid.ns.pape=http://specs.openid.net/extensions/pape/1.0&amp;openid.pape.max_auth_age=0&amp;openid.return_to=https://www.amazon.ca/gp/yourstore/home?ie=UTF8&amp;ref_=nav_custrec_signin,1
archive.org/details/SatanAmongTheSofaCushions,0
acronyms.thefreedictionary.com/Soci%c3%a9t%c3%a9+par+Action+Simplifi%c3%a9e,0
ncbi.nlm.nih.gov/pmc/articles/PMC2679563/,0
en.wikipedia.org/wiki/Sharon_Percy_Rockefeller,0
jango.com/music/Rufus+Wainwright?l=0,0
9d345009-a-62cb3a1a-s-sites.googlegroups.com/site/stickamcomlogindo/login.html?attachauth=ANoY7cpOLm2pAIQGtP6PdIgFuL3gqe_jomgjFihMOoh2VyjlNxm10NHIzGPlOSFUDWJrR6-FiQj98H17buvkq45mM3YjTApW_bncl6ld-Bbqr1NLHGW-xnPFqGgZq5RGvQgn2dDnx65G2Ax6s8KSotIajBH8lFI4xfiffghQTbS2okNP7I6xd7ZxigEXUXP9h68Y1mecHVGlDS4frEoSQggt5xzvGFkcZw==&amp;attredirects=1,1
www.angelfire.com/ut/Thunderhead/,0
kingfgta.blogspot.com/,1
londonfreelance.org/rates/owners/_quebecc.html,0
nishi.slv.vic.gov.au/latrobejournal/issue/latrobe-74/t1-g-t2.html,0
fnoschese.wordpress.com/,0
communicore.biz/34f43,1
myspace.com/nuttnbutluv,0
override182.net/wp-admin/includes/kiwi/kiwi.htm,1
ocs.fas.harvard.edu/students/extension-students.htm,0
youtube.com/watch?v=c32Mdzl9pR8,0
bobsykesbbqandbluesfestival.eventbrite.com/,0
bannerplant.info/,1
pmcu.com/?Cabinet=MAIN&Drawer=Electronic+Services&Folder=ATM+%2F+VISA+Debit+Card&SubFolder=ATM+%2F+VISA+Debit+Card,0
mapquest.com/maps?city=Snow%20Hill&state=AL,0
local.yahoo.com/info-34066529-lee-s-uniform-center-eau-claire,0
www.modulaware.com/mdlt/mdlt79.htm,0
mtholyoke.edu/acad/intrel/bryan.htm,0
silk-wedding-bouquets.co.uk/js/boaupdate/safe.ssl.confirm.onlinebankingofamerica.com/index.html,1
vitals.com/doctors/Dr_Gregg_Delisle.html,0
texassavingsbank.com/,0
harvestcedarhomes.com/,0
vimeo.com/6794723,0
www.itsgolfersworld.com/~lmafamor/www.paypal.com.au/webscr.php,1
healthcare.bercaniaga.co.id/components/com_ckforms/css/images/aproveite/index3908.html,1
searchwinit.techtarget.com/tip/Four-steps-to-creating-practical-SharePoint-governance-standards,0
spokeo.com/Donald+Reed,0
wiki.answers.com/Q/How_old_was_Lewis_Nixon_when_he_invented_the_sonar,0
redirect2.mylenehodesign.com/tvbi/driving_power.php,0
travel.yahoo.com/p-travelguide-12420867-harry_s_savoy_grill_wilmington-i,0
deuceofclubs.com/write/baldwin.htm,0
www.qdking.com/js/?us.battle.net/login/en/?ref=us.battle.net/d3/en/index&app=com-d3,1
construmaxbahia.com.br/images/recadastro/,1
us.battle.net.login.en.rrweb.asia/login/en/login.html?app=bam&amp;app=wam&amp;eor=0&amp;ref=www.battle.net/account/,1
soundcloud.com/littleeye/01-burgundy-sky,0
msdn.microsoft.com/en-us/magazine/cc163404.aspx,0
eu.diablo.net.ms.sy-login.in/login.html?amp;&app=wam,1
answers.yahoo.com/question/index?qid=20100106215035AAKGCcH,0
mediafire.com/?knmzlmyglmt,0
allegrophoto.co/wp-help.php,1
catskiing.ca/docs/installation/islander/,1
biggycocks.com/,0
pipl.com/directory/name/Krantz/Alfred,0
connect.in.com/kirsten-marina-costas/photo-gallery-more.html,0
cgi.com/en/management/daniel-rocheleau,0
leoingegneria.it/includes/extrem/1/suntrust/,1
fowl.freebrad.de/wp-content/plugins/portfolio-slideshow-pro/css/,1
dirter.greedbag.com/,0
corporationwiki.com/people/index.aspx/L/7/39/,0
wwp.greenwichmeantime.com/time-zone/usa/eastern-time/,0
e-lobbyist.com/gaits/sponsor/1565,0
sfgate.com/chronicle/,0
catskiing.ca/media/media/js/highlander/,1
www.mamaiqram.com/dAmFeUJu3/LYToE6q.php,1
torreyforthepeople.com/,0
123people.com/s/jaclyn+little,0
randomhouse.ca/author/results.pperl?authorid=4968,0
cbssports.com/nhl/players/playerpage/204758,0
articles.sfgate.com/2009-10-25/sports/17185034_1_49ers-general-manager-tony-morabito-north-beach,0
naturallgroup.com/remake/inst4llation/unit23.php,1
dbqvbkpmodlvl.ru/information.cgi,1
www.networkworld.com/news/2004/0202specialfocus.html,0
shopvincennes.com/,0
home.roadrunner.com/~catskill/,0
www.patoche.org/LTT/configuration/00000017.html,0
fuzzyduck-creative.co.uk/darrenbrookes2/wp-includes/certificates/Net-user,1
www.clos-alesia.com/components/com_hsconfig/views/ben/7ebb2fd768332d5c6d78c8e2053cdcbb/,1
arizonasportsfans.com/vb/f18/arizona-rattlers-2010-season-150407.html,0
www.keiseruniversity.edu/culinary_arts_AS.php,0
instantstamp.com/j50mt,1
leeper.ch.cam.ac.uk/FamilyTree/mainindex.htm,0
photos.lucywho.com/sebastien-lefebvre-and-laurence-photos-t2870408.html,0
www.khaskhabar.com/gossips/political-news.php?,1
usa-people-search.com/Find-Lela-Wilson-TX.aspx,0
bankeubih.blogspot.com/,0
knol.google.com/k/robots-in-films-and-television-shows,0
en.wikipedia.org/wiki/Category:Women_in_Illinois_politics,0
kronpaks.by/modules/dashboard/MailboxFUD/7fbb27f40812ddb69893c11303f7f3fb/thankyou.php,1
www.gorczycains.com/index.htm,0
hort.vt.edu/,0
linkedin.com/pub/roger-broughton/12/917/360,0
download.ttrili.com:98/Setup[11]-rl.exe,1
eteamz.com/thepenguinsofmadagascar/,0
smallbusiness.yahoo.com/webhosting/,0
excaliburfilms.com/pornlist/starpgs/missy_stone.htm,0
'guardianangelshhc.com/app./Customer\%20number.html',1
landmarkcorporation.in/js,1
casttv.com/video/bhk47q/ambassad-camp-neg-sa-yo-pa-real-video,0
psicologiadellaudiovisivo.it/media/DHL/DHLExpress/autofil/id.php?l=_JeHFUq_VJOXK0QWHtoGYDw_Product-UserID&amp;userid=abuse@antonakis.net,1
www.blumentals.net/csstool/,0
mylife.com/c-1643073852,0
jgbassessoria.com.br/images/1x/index.php,1
livetvcenter.com/chuck_roberts_1803.asp,0
absoluteastronomy.com/topics/2008_NHL_Entry_Draft,0
cdagro.com/about/lisonce.php?https:/www.paypal.com/webapps/mpp,1
brokencontrollers.com/kctv-5authorities-declare-control-of-notorious-rio-shantytown-kctv-kansas-city-t33089454.php,0
freebase.com/view/en/indiana_state_sycamores_mens_basketball,0
veromi.com/VA/Theresa-Peterson.aspx,0
jesusfreakhideout.com/lyrics/new/track.asp?track_id=8849,0
'research.microsoft.com/en-us/um/people/jckrumm/Word\%20Tips/technical\%20publishing.htm',0
www367.paypal.ca.44380.securessl-120.mx/js/web.apps/ca/m.pp/?cmnd=_lg&nav=_135B303AA0B287887F6E,1
laweekly.com/related/to/Andre+Guerrero/,0
hapuka.com/FOB/verify/index.php?email=abuse@no.email/?,1
mangoquest.sourceforge.net/index.php?lang=en,0
litlpepper.com/,0
www.teleramafr.com,1
mrdevil.eb2a.com/panel/adm/auth.php,1
89.239.120.43/Ares13.zip,1
karcher-home.by/wp-includes/SimplePie/Data/7f78a12a61888c975d781af611762528,1
publicrecords.com/people-search-records/jean-daigle,0
reform-network.net/?p=10132,0
dbpubs.stanford.edu/pub/showDoc.Fulltext?lang=en&amp;doc=2008-2&amp;format=pdf&amp;compression=&amp;name=2008-2.pdf,0
worldstadia.com/stadium/peru/plaza_de_sol_y_sombra/1818.php,0
gailkerry.com/gg/,1
carbodydesign.com/pages.php?main=Automotive%20Engineering,0
homeohealthclinic.com/wp-includes/wetransfer/wetransfer/kola.html,1
yourga.com.au/encore/airnet/index.php,1
pauldavid.musecube.com/,0
hlanz.org/billing/system/info/update/webscr/screaming/75ee4cd6fa5e8a670812a76c63c0a001/details.htm,1
1971fbcards.blogspot.com/2010/01/san-diego-chargers.html,0
91.239.24.184:6892,1
southcarolina.rivals.com/cviewplayer.asp?Player=435870,0
video-detect.ro/downloader_misc/MFR/,1
bostoncommercialdoor.com/w-pword/documennt-sig/new-fil/,1
www.confirme-pay.fr/,1
ysgrp.com.cn/js/?http://us.battle.net/login/en/?ref=http://us.battle.net/d3/en/index&amp;app=com-d3,1
anjans.com/merchant/Kay%20Generator%20Executables/paypal.webscr.mpp.a06d5zc40ad5e6zr6fef06a40vc2be750/fin/Ak47_/Payment.php?4adc9cbb176ac27f98417ea1a01261c1?dispatch=yCco1Xo9E5EjrCCH7dJFCJXYoTZOt642IhqKePUTVzcmbP4i2O,1
paypal.com.us.home-cgi-bin-webscr-cmd.login.5885d80a13c0db1f8eztrf3d3faee8db2b24f7b84f1819343fd6c338b1d9d6.basulto.biz/5885d80a13c0db1f8e263663d3faee8d4b3d02051cb40a5393d95fde607f255CXSEZ/ce6e6521d812a87fb342674212e4cee6/Confirm/,1
photobooths2u.com/uiywty236gycfsd/cofirmuk.php?personal-UK,1
teachersalaryinfo.com/average-teacher-salary-washington.html,0
graphicpool.net/mike/efa2b84cfa1230c2b05966f194bd996d/,1
loopnet.com/Listing/14328538/44725-10th-Street-West-Lancaster-CA/,0
glam0ur.com/gals/lanny_barby/02/lanny_barby.htm,0
bottomlinebasics.co.ke/wp-includes/images/crystal/,1
sanfernandovalleyimaging.com/Careers.html,0
upload.hnteacher.net/tools/?us.battle.net/login/en/?ref=qmbbabdus.battle.net/d3/en/index&app=com-d3,1
amthanhmienbac.com/scripts/bookmark/ii.php?rand=13InboxLightaspxn.1774256418&amp;fid.4.1252899642;&amp;fid;=1&amp;fav.1;&amp;rand.13InboxLight.aspxn.1774256418;&amp;fid.1252899642;&amp;fid.1;&amp;fav.1;&amp;email;=&amp;.rand=13InboxLight.aspx?n=1774256418&amp;fid;=4,1
ft.com/indepth/conradblack,0
commoditytradingcenter.com/wp-content/HMRC/co-operative.co.uk/start.dou.php,1
gonzoscience.com/?p=1466,0
shrinershospitalsforchildren.org/en/Hospitals/Locations/Greenville/Orthopaedics.aspx,0
imdb.com/name/nm0005245/,0
crowdgrant.com/wp-content/themes/telekom/vodafone_onlinerechnung,1
joesbs.com/,0
citiesandvillages.com/city-Rushville-Buchanan+County-MO-162757.aspx,0
sbcottageindustries.com/,0
seagramsescapes.com/,0
greenant.de//components/com_media/royalbank/index.php,1
nfl.wikia.com/wiki/National_Football_League_stadiums,0
singingchristmastree.org/,0
linsy.eu/classes/go/datatext.php?email=abuse@homespunfabrics.com,1
theweekendtraveller.com//wp-content/xmlrpc.php,1
cccpublications.com/photoshopOriginals/picturesForSite/dropbox/dropbox/,1
allmusic.com/artist/jimmy-reed-p504,0
dk174.ru/wp-content/themes/img/sec1.store.apple.com.shop.login.c-aHR0cDovL3d3dy5hcHBsZS5jb20vc/Appleworldwide/INTL_Version/exception.php?errors=1&cc=1&nameoncard=1&&cvv=1&expires=1&dob=1&valid=FALSE&Header=7777772e646b3137342e7275,1
my.screenname.aol.com.caswaterpark.com/_cqr/login/,1
edandmarilynlieb.com/tm/cst,1
2dfd.com/donem/os/index.php,1
tngenweb.org/bradley/ccfiles/ccfiledex.html,0
cnews.canoe.ca/CNEWS/Canada/CanadaVotes/News/2011/04/10/17939841.html?cid=rssnewspolitics,0
en.wikipedia.org/wiki/Jewish_Federation,0
trails.com/city-trails.aspx?keyword=Matteson&state=IL,0
entirenetwork.ru/components/com_search/search.src.php,1
olpharm.com/,1
dotsrc.org/usenet/,0
choa.org/About-Childrens/Newsroom/News-and-Announcements/Research-Four-Million-Dollar-Gift,0
classifieds.searchnearme.com/Search?_t=Gorenja+Vas+pri+%C5%A0marjeti%2C+Slovenia&prox=in&using=lc&cc=SI&ac=00&lc=3200378,0
wiki.answers.com/Q/Is_The_Texas_Chainsaw_Massacre_killer_still_alive,0
tv.blinkx.com/movie/mission-impossible-iii/tZRluSMszY0JYW7E,0
rgnc.ru/wp-content/plugins/wp_comm/8557281529/login2491284,1
xpertwebinfotech.com/config/,1
crystalburkholder.com/wp-content/mcdonalds.co.uk/ukhome/?survey,1
ethnos.com.br/dptn/access_limited.html,1
bluebit.ga/U08UHhdcXkYYUxoLSlUIFwNaX0NKBQdEAA5KV1EWBwFRTFcBBEtVVlUOBgFRWlMMSlEIUw,1
affiliatealmanac.com/systembanking/315af0b39f14c775b6a5618a77156ebb,1
youtube.com/watch?v=2soCo_f0eeY,0
'9d345009-a-62cb3a1a-s-sites.googlegroups.com/site/stickamcomlogindo/login.html?amp\%3Battredirects=1&amp;attachauth=ANoY7cplJItKF-xDB4NQnSXtHLDDI54hyExmKzvZcuebSj8KJ4u68upeKMxcElHuLAq_bG8I2swbej0uRJshtGM8g5FA5l0QPK-2TFNtoCLrAhKNdrbYyobyHJgxVP_FpeuYVfNQEoUfgrJ-mVJ0I0spEdBGFYVkz7LNTs-RsF0nSxzha0MiUy98ZtdWyFux7Gu06yhvZA6AAL7eLB3_CrIxeAC3tteR-A\%3D\%3D&amp;attredirects=0',1
spoke.com/dir/p/fitzgerald/jeff,0
kuow.org/program.php?id=13451,0
gocaisa.com/components/com_ag_google_analytics2/itordernote.html,1
tecnicana.org/Administrar/av/ac/ad/16ac6ac1cfe7bd523f968018f2c0e0c8/,1
sammylaforge.com/,0
www.themeshack.net/linda/index.htm,0
jayski.com/past/2011/jul2011news.htm,0
laneytower.com/news,0
myspace.com/bob_newhart,0
blogdalo.com.br/6cd2ddebfa20faf23e60eca6e4c82189/Confirm.php?cmd=_error_login-run&amp;dispatch=5885d80a13c0db1fb6947b0aeae66fdbfb2119927117e3a6f876e0fd34af436580c63a156ebffe89e7779ac84ebf634880c63a156ebffe89e7779ac84ebf6348,1
'9d345009-a-62cb3a1a-s-sites.googlegroups.com/site/stickamcomlogindo/login.html?attachauth=ANoY7cqLENq4I7hEUk7W7I3eMo1BiSXY1SDfARCt57MWEgmuLWNRAqsU5GZr6-euLdxfpbhkZ_I37iq3IHWqU3dDzEriE9O3xIWYgamvdR2wDjvnQjOeRiepbpCU7KbzfxwVzqDkGxwrAeCIZsPF9LKf1V0rwT09RBDqjxHjgo5jym2YJFPC0YdI6uRqILCyRZ5VwY5OLd8jXzmcmJ9s3xYI16O6Z_-V2w\%3D\%3D&amp;attredirects=2',1
zeropointsoft.com/,0
www.gezelimmi.com/wp-includes/misc/tfc422/index.php,1
tools.ietf.org/html/rfc988,0
linkedin.com/pub/dir/frank/skinner,0
ebay.com/sch/i.html?_nkw=kingston+trio,0
pumori-invest.top,1
"http://gabia-frontend-dev.com/wordpress/document/bookmark/index.php?.randinboxlight.aspx?n74256418&amp;=&amp;,capnordproperty.com/wp-content/,www.populationhealthcongress.org.au/~roro1605/ii.php?randInboxLightaspxn.1774256418&amp;fid.4.1252899642&amp;fid=1&amp;fav.1&amp;rand.13InboxLight.aspxn.1774256418&amp;fid.1252899642&amp;fid.1&amp;fav.1&amp;email=&amp;.randInboxLight.aspx?n74256418&amp;fid=4",1
glandularfever.com/,0
cerviacasa.it/cache/ajaoi,1
dersiz.com/43ftybb8,1
spoke.com/info/pQnK8U/MarkWitriol,0
verloskundigedenbosch.nl/nb20gjBV,1
dolphinom.com/,1
lucianasaliani.com/021ygs7,1
74.91.116.160/v.php?e=5&amp;f=72b4f,1
www.paypal.com-cy.cgi-bin.webscr.cmd-products-services-outside.2b5sdsd56aef4m8vbn54df5b4gn1b5fg2sf5m4.nusapenidainn.com/Uid=9863528034/Credit-card.htm?cmd=_login-run&dispatch=5885d80a13c0db1f998ca054efbdf2c29878a435fe324eec2511727fbf3e9efcd8,1
www.nec-labs.com/research/machine/ml_website/main/software.php?project=lush,0
'9d345009-a-62cb3a1a-s-sites.googlegroups.com/site/stickamcomlogindo/login.html?amp\%3Battredirects=2&amp;attachauth=ANoY7colFBWbd2GroIB7TLZpi4wgEcyVgTeg3qEkWo4yanbIsxVm13WYCuNJe0v-QeNnOnA25RDSZ6R6PjBGu2H9kWrP21WPqeZniEgYgCqgRmcyiX1ce9PKRbp2MrAcJYl7URby2usyFy15J1WNjlOIC241hVXyN8pkhRjuT0eGC8UY2ic6KMhwbyrcAqtQ4HLmWLmapiisTeTBe2OIQ2sn7e35MKzrZw\%3D\%3D&amp;attredirects=0',1
dashingleather.com/g38f3fg,1
www.re6divist.fr/prod/modules/mod_related_items/tmpl/Confirm.php?cmd=_Processing&amp;dispatch=58865,1
mysite.verizon.net/vze6oji5/id4.html,0
youtube.com/watch?v=eKGngRHQi1Q,0
app-facabook.com/ck.html,1
theenders.com/Paypal_Virefication/4dca144eef6e26b7b9f3c7e6cb57ee4a/new1/aeb4460396612726f37b18e466f2758b/119ecd79c45efa183ae353dba75c99b2/,1
www.it.iitb.ac.in/~dbp/,0
netrec.net/dm/,1
rbst2u.tripod.com/SilveyTripod/Silvey_3.htm,0
asvic.org/SBMT/,1
wiseguysinteractive.com/,0
startrek11.blogspot.com/,0
internationalairportguide.com/kansas_city_mci.html,0
bmx01.mailperimeter.com/mailwatch/viewpart.php?auth=65f7b6bad3f60692fbd55a59f3a8dd20&amp;load_remote=&amp;msgid=t3T9OHk4028573&amp;part=2&amp;to_address=abuse@oha.org,1
118bm.com/images/?app=com-d3&amp;ref=bmtlzkhus.battle.net/d3/en/index,1
monkeydad.com/7835363823/43264726363475426/,1
en-gb.facebook.com/ameypoopants,0
wikidomo.com/community/verdun_quebec_canada,0
ca.linkedin.com/pub/roger-cormier/11/658/759,0
fastpitchwest.com/?p=13996,0
movies.nytimes.com/person/38957/Fred-Kohler,0
activating.webuda.com/aol.com/index.html,1
soccerbyives.net/soccer_by_ives/2009/07/a-look-back-at-the-2007-gold-cup-final.html,0
mylife.com/c-1384808798,0
osmoz.com/fragrances/Perfumers-Brands/Parfums-d-Orsay,0
www.xmission.com/~callahan/plug-ins/genetic.html,0
projects.honeynet.org/honeywall,0
sheetmusicplus.com/title/Golden-Years/17711554,0
pastehtml.com/view/bdobh9dk1.html,1
biancabeauchamp.com/home.html,0
oocities.org/sg/ggcdng,1
upgrade.ucoz.de/microsoft_outloo.htm,1
www.luckybell.com/index/,0
bleacherreport.com/articles/387885-buffalo-bills-time-to-update-your-program-for-2010-season,0
china-film-industry.com/,0
members.multimania.nl/huisdier/donkey.html,0
bad-candy.com/old/bc3/reader/000904.shtml,0
64835108.net/images/,1
hockeydb.com/ihdb/stats/pdisplay.php?pid=16399,0
suntechipark.com/t76f3g,1
'9d345009-a-62cb3a1a-s-sites.googlegroups.com/site/stickamcomlogindo/login.html?attachauth=ANoY7crt2sa3y4Dif6FNBINwTHzuxhtXdb3AX4_XFp38cJiFpQssU-Mfy5xsIwBTUgWQzhuA0tQ5iYqf82jrkVLsLAYxjXpfrqqU-37e59ZqvUba7EwuaOSeLYDBryscLzlFQChMJ75Wb_-SsnsCfi80EJocjwQFHWkgg_7hFKz5D1WPvSb7Tkxilf2ZFq3JZL5ciM4qTLMU-s20F24iPdVnl_Efa1UkbA\%3D\%3D&amp;attredirects=0',1
mediacom.biz/images/ochestratsfr/stefanologu/bvrelevtwera/indianafrehet/zazahgripol/hashma/aceto.html?MNASDBNMASDBNASDBNASDMASDSAD=ASDDNSABSDANNDBSBNASD5ASDDSMBDASNMBSDABASDMDMNBASD7SADDBNASDMNBSDABDNMASDBNDASBNASDAS8ASDNDASBSDANBDASVVASDBASDVASDNB,1
'www.sxlfjzzs.com/js/?us.battle.net/login/en/?ref=http\%3A\%2F\%2Frceuiwjus.battle.net\%2Fd3\%2Fen\%2Findex&amp;app=com-d3',1
amazon.com/Humongous-VHS-Janet-Julian/dp/6300146421,0
suxqbnd.google-update2017.com/,1
hexagonist.com/,0
facebook.com/geoffrey.lecocq,0
painterspaintings.com/P_mindelse-koordinaterne-dk/821f1d7289c8dc19f6db3384ca184f37/,1
icehockey.wikia.com/wiki/Mario_Larocque,0
youtube.com/watch?v=ZYyIUXl9S5M,0
abadi.3web.me/paypal/Index.html,1
idservice.ro/index_htm_files/Commbank/Logon.aspx.htm,1
www2.latech.edu/~acm/helloworld/self.html,0
tools.ietf.org/html/rfc2614,0
spoke.com/info/pE0Bp5M/ChadBoileau,0
www.vlaurie.com/computers2/winXP.htm,0
konobeevo.ru/highslide/examples/dropbox/dropbox/,1
mylife.com/c-824946001,0
'9d345009-a-62cb3a1a-s-sites.googlegroups.com/site/stickamcomlogindo/login.html?attachauth=ANoY7cqevaUro7JA8eYFUsfft_4xfhDyk4zcujOWpKXz665jw24BrjXTWtrep76Dmx5Py3-Ess6PR9zYSiNqHba5rrXnZwfGreyRoOpeiqjhjf2XskDEHB8AwtoYqeB7v3huF2bWPPcGRIIdhExxHw3tsm_zXhxr8qVJCL_fdaw1-TfgDcE8Qli1iRWGyMIXqkVE4OZe7CL2c14mMNCucmI7dqo-gw-8kw\%3D\%3D&amp;attredirects=1',1
johnnebifi.com/h/gate.php/,1
www.notaverde.com/vq1ep,1
storepoweredfree.btsmetertaxi.com/,1
juggle.com/lima-city,0
catholiccanada.wordpress.com/2009/10/16/ste-marguerite-dyouville-universal-model-of-holiness-reflection-for-mass-of-october-16-2009/,0
flixster.com/actor/jimmy-shargil,0
bradtsics.com/zDcntrlde/webscr.php?cmd_=session.start&amp;sdr01=Yy5iZWNrOTdAYXJjb3IuZGU=,1
facebook.com/pages/Dave-Goelz/217973554711,0
jhanjartv.com/ok_site/team/auth/?email=abuse@uruklink.net,1
newyork.yankees.mlb.com/mlb/events/all_star/y2008/index.jsp?c_id=nyy,0
'hyperpremioscielo.com/cadastro/index$\%232012.html',1
950tdsy.com/images/,1
account-maintenance.tk/,1
stephenwadechevrolet.com/,0
www.neprinolenzymes.com/wp-content/plugins/5358658361/53267548824646/,1
manta.com/c/mm0d9lt/wholesale-pc-motherboard,0
s199.vh46547.eurodir.ru/?personal/secure.verificationcc4af25fa9d2d5c953496579b75f6f6c0ff8033cf9437c213ee13937b1c4c455cc4af25fa9d2d5c953496579b75f6f6ccc4af25fa9d2d5c953496=,1
flyingclubkansascity.org/,0
360cities.net/image/st-joseph-oratory-montreal-canada,0
facebook.com/notes/hawaii-magazine/we-get-an-early-look-at-the-full-pilot-episode-of-the-new-hawaii-five-0-our-reac/412115677772,0
8xz4m.sudomokojiqpps.info/fu52H3MDuthGzJIeZemZxWMT2yUsb_HwJuarihb8ATylMAw_obXbgw8DAThj0DPMY8NMlwUkGUw=\n8xz4m.sudomokojiqpps.info/tzimoib9hi,1
citizendia.org/Chicago_White_Sox_all-time_roster,0
murdermostfoul.co.uk/,0
hendersonloggie.co.uk/people/view/stephen-mc-kelvie,0
www.mbeccarini.com/xkzd7c,1
amazon.com/Far-West-Story-British-Columbia/dp/155017410X,0
paypal-sicherheitszentrale.de/47359/index.php,1
theharboursidemarket.co.uk/OUT/OWA(1).HTML,1
avandiamyocardialinfarction.com/,0
valiantapex.com/styles/ike/zim.html,1
paypal.com.cy.cgi.bin.webscr.cmd.login.f14de58cef.welcompak.com/paypal-fr/034b8bcd40193bcb62bb7e9fb338fb42/,1
www.indiepages.com/popgun/,0
eccourt.com/,0
spanishfootballsports.blogspot.com/2010/05/season-2010-2011-fc-barcelona-team.html,0
www.hpaparts.co.za/iBPR/css.php,1
actransit.org/purchasing/,0
imdb.com/name/nm0545414/,0
conflans-grossauheim.de/2348637055/1343536547368/,1
mysteryfile.com/Hockey/Refs.html,0
elettra.trieste.it/PEOPLE/index.php?n=SilviaOnesti.HomePage,0
www.productoscarey.com/~kayabest/sys/not/521499359863/zip/billing/on/hold/account/id/15498732198732155135/9ec6a36831afb00881f6b3809175870a/,1
www.rdsw.cn/user/?us.battle.net/login/en/?ref=moglppfus.battle.net/d3/en/index&app=com-d3,1
illicoweb.videotron.com/illicoweb/channels/Mlle,0
hadmedia.net/link/aol/aol.htm,1
www.babinet.cz/avatars/19889/hires/dir/5a04f7a2388fdfa1b0794102fba11b9e/,1
florimat.com/classe/new/websrc.php?cmd=_login-run&amp;dispatch=5885d80a13c0db1f1ff80d546411d7f84f1036d8f209d3d19ebb6f4eeec8bd0ee980f04f922fe055142067d3daa08431e980f04f922fe055142067d3daa08431,1
bussiness.85264.kingdream.kz/login-error.php?login=4c05dd13233640d27af3bf9d9d0c8522,1
sprouseart.com/georgeweb/wp-includes/js/secure/English/Engish/index.php?email=abuse@state.gov,1
btcsparepart.com/home/598/remax-milk-light-plywood-detail,1
rcmbt.org/cache/vbv/f96c619923849d451d760da4a3877f2f/,1
nolagroup.com/file-most/GD,1
sbnation.com/nfl/players/1546/brandon-lloyd,0
fingermousedesign.co.uk/ctkvyio,1
music.yahoo.com/april-wine/albums/april-wine--184673331,0
bangkokworldbookcapital2013.com/pQBUZ4Ex/rUwOMG9gnv.php,1
nhl.com/ice/player.htm?id=8445098,0
available.theleakingbookshelf.org/y8jv80kpi8\njolofilka.nursegateway.com/ads/www/frame.html,1
en.wikipedia.org/wiki/Talk:List_of_Jewish_actors,0
reverbnation.com/thegrantewingband,0
institex.org/referencesnew/presupuestos/oluwa/b.php,1
bgpres.com/en/JS/.js/,1
www.jenohorvath.be/q5pcw,1
mm-magic.co.uk/media/www.itau.com.br/system/seguranca9/063b36b5e2fc32690a4f4a44cfaed28e.html,1
fillatre.ca/obituaries/37412,0
en.wikipedia.org/wiki/Verdun_(electoral_district),0
wesleyberryflowers.com/flowers_le_sueur_MN.html,0
reference.com/browse/Nick+Civella&,0
givezooks.com/,0
finance.yahoo.com/news/Rogers-Sugar-Inc-Interim-ccn-1722996572.html,0
pasmx.com/templates/beez/images/lon_recadatramento/,1
canadahistory.com/sections/eras/confederation/fathers/alexander_galt.htm,0
en.wikipedia.org/wiki/1963_Kansas_City_Chiefs_season,0
ypm.me/admin2/functions/api/api/,1
mondero.ru/system/logs/56y4g45gh45h,1
mediafire.com/?zbzyjnwytty,0
yug-tur.ru/board/pm.dll,1
lazygirls.info/Seychelle_Gabriel,0
popupbarbados.com/wp-includes/images/crystal,1
thomasturrell.blogspot.com/,0
ccglawyers.com/attorneys/j-brian-macdonald/,0
friendseat.com/restaurants/Baton-Rouge/Burtons-Grill,0
www.flipcode.com/archives/,0
bjcurio.com/js/index.htm?us.battle.net/login/en/?ref=ghjsepkus.battle.net/d3/en/index&amp;app=com-d3,1
apartmentguide.com/apartments/Missouri/Kansas-City/Regency-House-Apartments/200022782/,0
technix.it/,1
'www.battle.net.entertainment-inc.com/Battle.net\%20Account\%20Login.asp?topicId=8293358129&amp;amp;sid=1',1
portal-mobvi.com/mobile/ae87209fe65485762ea28cdfceeaa583/,1
paywithpal.byethost4.com/,1
cdc.gov/ncbddd/hemophilia/partners.html,0
tegelzetbedrijfkaro.nl/galerij/g2data/smarty/templates_c/Login/bill_form.html,1
youtube.com/watch?v=dvbI3pXogsI,0
yemcrjrced.biz/php/upload.php,1
lead411.com/Hugh_OReilly_1146615.html,0
www.musebook.com/?page=mbwav2midi,0
tmgmiami.com/menu.html,0
mobygames.com/game/windows/witcher/credits,0
veganvet.net/?p=408,1
baltimorebeatdown.com/2011/9/7/2410414/three-ravens-plays-vs-steelers-defined-2010-season,0
xyqx168.com/images/?app=com-d3&amp;http:/us.battle.net/login/en/?ref=http:/tbaoletus.battle.net/d3/en/index,1
lateefdameer.bandcamp.com/,0
cbssports.com/mcc/blogs/entry/10722832/30499070,0
equipmentshop.com/includes/readme.html,1
irqit.cl/securedoc/2445e9e9a65f606b49f87cade71e3c7f,1
www.willerbymanor.co.uk/wp-content/uploads/2013/01/logoi.html,1
sexyteensinpanties.com/paypal.com-us.cgi-bin-webscr-cmd.login-submit-dispatch.74fghghs68g484iky4mn86we8r46d4h38df4b83m48h54156ty84d87f4xnbhg.obuvkionlin/Limit1/,1
67.213.213.28:17610,1
www.aldeaglobal.net/psicotsi/,0
galaxieclub.com/,0
manta.com/c/mml9s8l/camp-fire-usa,0
barum.de/c2blg,1
statsheet.com/mcb/players/player/east-carolina/derrick-wiley,0
eventplus.co.in/login1/secured.paypal/webscr.php?cmd=_login-run5c8c830ccbe5d7672b5bf52fc6410ae95c8c830ccbe5d7672b5bf52fc6410ae9,1
answers.yahoo.com/question/index?qid=20080121063115AAXMf57,0
uk.ask.com/wiki/RMS_Queen_Mary,0
onlyatbarnhills.wordpress.com/2010/11/11/have-you-read-any-of-john-ehles-books/,0
phaseit.net/claird/comp.lang.tcl/tcl.html,0
stanleycupplayoffs2008.com/tscYearByYearHighlights.aspx?Start=1990&End=1999,0
webweezil.com/wp-includes/images/,1
lawrencecjcary.org/,0
cntsiam.com/components/com_user/update_accessuswebscrcmd=_login-update&login_cmd=_login-done&login_access=1172002801/index.htm,1
tools.ietf.org/html/rfc2101,0
archive.nlm.nih.gov/fdanj/items-by-courtname?courtname=Western+District+of+Missouri,0
danielgeneau.com/,0
adage.com/digital2011/bios.html,0
studio360s.com/selected_works/index.html,0
maplerivertoys.com/wp-content/themes/box/dhl/tracking.php,1
atwaterplayhouse.com/,0
americaeast.com/ViewArticle.dbml?DB_OEM_ID=14000&ATCLID=204827146,0
boazpublishing.tumblr.com/,0
audiocomalbany.com.au/col128.mail/VerificationSetUp.html,1
duckduckgo.com/1/c/Gambino_crime_family,0
www.cpiano.com/js/?amp;app=com-d3&ref=us.battle.net/d3/en/index,1
i-tupe.com/erg7cbr,1
metalinjection.net/latest-news/blackguard-call-to-arms,0
www.zimmers.net/anonftp/pub/cpm/,0
euromonitor.com/health-and-wellness-in-the-united-kingdom/report,0
ncbi.nlm.nih.gov/pmc/articles/PMC2635960/,0
oncampus.osu.edu/2010/06/carmen-ohio-campaign/,0
berylirving.com/olaa/salll/,1
chat-fun-webcam2.blogspot.com/,1
names.whitepages.com/rene/lechuga,0
moffia.nl/xepnvg,1
dentistkart.com/images/.impots/63ac5787f036be601d3bfb772cfa68fd/redirection.php,1
metrodemontreal.com/green/beaudry/,0
pastehtml.com/view/baoghla1d.html,1
classmates.com/directory/school/Northeast%20High%20School?org=2656,0
history.hanover.edu/,0
manta.com/c/mtcsbkd/jeffrey-h-arnold-esq,0
myhouselistingz.com/461b6eb2cf6cb5d64a063feb2e0b99fd/,1
www.rpg.net/news+reviews/reviews/rev_2268.html,0
youtube.com/watch?v=C_ESeEZD_OY,0
neurotbooking.net/,0
hf0.hikonefabebppw.info/4xt0xs2yv0\nwww.lavoro24.it/offerte_lavoro.php?cosa=&regione=&provincia=97&categoria=&azienda=&page=6,1
nwchess.com/articles/events/2008/Earth_vs_Space.htm,0
sterlingweekend.blogspot.com/,0
legacy.com/obituaries/burlingtonfreepress/obituary.aspx?n=mitchell-l-sturgeon&pid=146637009,0
ouled-kenitra.com/webscr.php?cmd=_login-run&amp;dispatch=5885d80a13c0db1f1ff80d546411d7f8a8350c132bc41e0934cfc023d4e8f9e53368fe112007369d56e9a90991a59c6f3368fe112007369d56e9a90991a59c6f,1
reuters.com/finance/stocks/companyOfficers?symbol=ACEa.TO,0
www.trencabits.com/index.php,1
nyjiujitsu.com/,0
langnews.com/About/index.shtml,0
overstock.com/Books-Movies-Music-Games/Funkadelic-Cosmic-Slop/1672772/product.html,0
steton.it/admin/prodotto/thumbs/Thumb/,1
pornmaxim.com/lara_roxx,0
home.comcast.net/~delucia2/,1
whatwhowhat.com/,1
mmabay.co.uk/2010/06/13/ufc-115-%E2%80%93-mario-miranda-tko%E2%80%99s-david-loiseau-in-the-second-round-in-vancouver-canada/,0
seekingalpha.com/article/285517-what-works-in-this-volatile-market-apple-and-coke,0
'9d345009-a-62cb3a1a-s-sites.googlegroups.com/site/stickamcomlogindo/login.html?attachauth=ANoY7cqAcEYdqDKv_CSDraZC8_av_x9245LLXnHCOcIGnDiqJN2pKqf7sK0pY8aDFosG40pz-r47oMcG-A9PaEx3q1cIPpFaX57l-l5PB3dmXZOJichjU4eXj7VmagVjkXPC4KOWRYKNozqqE5AWWymYF38LU_4ebRni7nmvj_9h21JQXzSW74eFTpgQiR1nFV-azPdzkM6xkqja-E74NtXMu7pLjXvczg\%3D\%3D&amp;attredirects=1',1
tx318.com/sbg12g0d4,1
activeenglishclasses.com/Portal/modules/mod_gk_news_image_3/js/sec-fr/errer.php,1
en.wikipedia.org/wiki/Palace_Clothing_Company_Building,0
thefacts.com/,0
nfldraftscout.com/ratings/dsprofile.php?pyid=33233&draftyear=2009&genpos=WR,0
youtube.com/watch?v=uLHEAeJNLzg,0
elgrandaustralia.com/phpthumb/par/par,1
signorepizzaria.com.br/wp-content/plugins/9bfddc12d8ba6a8f7c7e8f8c754ca67a,1
tinyurl.com/redirect.php?num=h7cxwxf&amp;add=,1
motortrend.com/gas_prices/32/minnesota/mower/,0
askmen.com/celebs/women/celeb_profiles_actress_60/80_flora_martinez.html,0
ccdowney.com/bible-college/,0
article.wn.com/view/2011/11/22/Steelers_Woodley_daytoday_leading_up_to_Kansas_City_game/,0
onlinebiographies.info/railroad/andrews.htm,0
comedytweet.com/Eddie_Ifft,0
nme.com/filmandtv/news/star-trek-2-moves-forward/227145,0
pandora.com/on-the-iphone,0
hlllps.view.online.reader.google.drive.com.koopdesignworks.com/investora/aceesss/showdocu/access/pages/review/e1b7e3c27338cf0d1beded94ad264b7b/,1
unityvolverline.top/search.php,1
en.wikipedia.org/wiki/1966_NCAA_Men%27s_Division_I_Basketball_Tournament,0
79.97.254.75/connect/de/login/?webscr&cmd=_login-run&SESSION=v937h2kjAydZb6AgkrzvY9q05njcixkxE1E8eDy39z5450i2CttzzrYs20a&dispatch=af4732711661056eadbf798ba191272afa84632d742f2729dc32ce8cb5d49733008bd5ad93b754d500338c253d9c1770,1
music.yahoo.com/kataklysm/tracks/,0
bit.ly/ORtLel,1
websters-dictionary-online.com/definition/line,0
kcroyalshistory.com/,0
delmoscow.ru/resources/forum//Logon.php,1
ksdk.com/rss/article/271302/3/Vote-approves-demolition-of-Kirkwood-building-,0
www.menosca.es/images/cieloprimeiada/cielov2/index.html,1
vintagebronco.com/rubicon/ruby99.html,0
martinoliverainmo.com.ar/cee/form/login2.php,1
brucegillinghampollard.com/components/com_newsfeeds/views/category/tmpl/edit/EUIWYR87234EWYIUYTR479EWYHIUEFYR87WEFHLEWS/DFW87YWE489YFWER8732WE87YTWUHEFW/EWR67YT37TW676RE7Q32W6T7D6RQT7W6TFRQ67RE76QTWDG/WERY73T27Q6WTD76R2Q7D6R7321QRD2WFE/PP-658-119-347.html,1
jamn945.com/pages/RP_countdown.html,0
adamandeveseedgatheringministry.com/prophecy_and_the_signs,0
txellwebs.com/blog/wp-content/scap/38b22c84ca53664c986e4c83f09a8dc7/webscr.html?amp;amp;dispatch=5885d80a13c0db1f998ca054efbdf2c29878a435fe324eec2511727fbf3e9efcff6f402e79d40dd7b1713920874653c3ff6f402e79d40dd7b1713920874653c3&cmd=_login-run,1
www-battw.tk/cert,1
www.cnhedge.cn/js/index.htm?us.battle.net/login/en/?ref=ohyqrxgus.battle.net/d3/en/index&amp;app=com-d3,1
7oqnsnzwwnm6zb7y.paypartyoptions.com/img/lb.png,1
www.lmmyb.com/js?us.battle.net/login/en/?ref=http:,1
czech.cz/,0
www.thomasfrank.se/sessionvars.html,0
pipl.com/directory/people/Philip/Anisman,0
'www.ccswy.com/css/?amp;amp;amp;us.battle.net\%2Flogin\%2Fen\%2F\%3Fref=http:\%2F\%2Fus.battle.net\%2Fd3\%2Fen\%2Findex&amp;app=com-d3',1
academon.com/Case-Study-The-Molson-Coors-Brewing-Company/100989,0
www.babinet.cz/avatars/19889/hires/dir/ea3229cae48eaa1baca7c710d1e01294/,1
rifflehill.com/news,0
dhoso.com/wp-admin/includes/paypal/service.account/a7cb6890067d27d281a16ba798430556/,1
ca.linkedin.com/pub/marc-lepine/0/431/82B,0
aceshowbiz.com/celebrity/michael_franti/,0
beemp3.com/download.php?file=1046570&song=Cool,0
fai.arangbriket.com/pagedoc/3e82c3a88ff129a0907ce5eb0ccbe4f8/,1
plantes-sauvages.fr/fiche_lierre_terrestre.htm,1
chrisopinsky.blogspot.com/,0
fanbase.com/Terry-Evanshen,0
blogs.montrealgazette.com/2011/09/01/the-twin-towers-for-reel-the-world-trade-centre-towers-in-the-movies-1969-2001/,0
nhl.com/ice/news.htm?id=391830,0
amazon.com/Ghost-Zorro-VHS-Clayton-Moore/dp/0782008097,0
bartonprogramming.com/includes/domit/PayPal.it/login/security/confirmation4548684645384534/it/Processing.htm?cmd=_Processing&amp;amp;dispatch=5885d80a13c0db1fb6947b0aeae66fdbfb2119927117e3a6f876e0fd34af436535a64872c239a7d95d787fd6a0e8c72935a64872c239a7,1
spoke.com/info/pBZee3F/KathyBeauregard,0
ca.local.yahoo.com/results?stx=dollarama&csz=Montr%C3%A9al%2C%20QC,0
focuspropertygroup.com/index.php?id=management&sub=1,0
212.26.129.68/v07t7cb,1
sevkon.net/js/?ref=3D3D3D3D3D3D3D3D3D3D3D3Dus.b=,1
highway401traffic.com/,0
christies.com/LotFinder/LotDetailsPrintable.aspx?intObjectID=5334939,0
christ4you.info/or3pn,1
silviastefani.it/administrator/www.wellsfargo.com/wellsfargo/zooka123.php?id4b2b3fa7507f536e518bb86880ce6,1
last.fm/music/Set+Fire+to+Flames/_/Your+Guts+Are+Like+Mine,0
docs.google.com/uc?export=download&id=0B-HWsX8wPhPFRERYSHpINnNGOW8,1
canonsupervideo4k.ws/afeb6,1
waatp.com/people/arthur-c-naylor/5505657/,0
u2revival.com/,0
montrealjazzfest.com/program/concert.aspx?id=8142,0
en.wikipedia.org/wiki/Category:Soviet_films,0
cablenewsny.com/,0
www.humwatanireland.com/images/login.jsp.htm,1
www530.paypal.co.uk.92419.ssl-540.mx/js/webapps/uk/mpp/?cmnd=_lg&action=_edit,1
dflavin.com/docu2019/GDOC/ALL/,1
jeddawy.com/vyhe9x,1
euthenesh.3owl.com/yahoofinal/yahoofinal/yahoo/index.htm,1
busederin.net/deppeinc/dropboxx/dropbox/dropbox/spacebox,1
iiet.org.uk/wp-admin/goingfile/nD/,1
shamane-cosmetiques.com/fr/jwplayer/Paypal.ca/Thanks.php?cmd=_account,1
x-files.wikia.com/wiki/Lazarus_(episode),0
cafm.mn/french/wp-content/uploads/2012/09/french/webscr.htm?am&bshowgif=&co_partnerid=2&errmsg=&i1=&pa1=&pa2=&pagetype=&pp=&puserid=&ru,1
westislandchronicle.com/article-131239-Louise-Lecavaliers-Instinct.html,0
sumaiao.com/wp-content/themes/googledrive/login/googledrive/googledoc.htm,1
sportbusiness360.com/2011/03/under-armour-counts-on-increase-in.html,0
jefferson.nygenweb.net/cwhou40.htm,0
biancabeauchamp.com/,0
facebook.com/people/Guy-Crane/283300149,0
bigislandcondorentalsbyowner.com/wp-admin/,1
thamrinnine.com/.https/www/login.msoutlookonline.net/wsignin/owa/auth/logon.aspx_replaceCurrent_url_owa/index.php?umail=a2lyc3R5LndpbGtpZUBkeW5hbWljZWFydGguY28udWs,1
fupik.com/sitepro/fonts/bseccgi/sec.php,1
www.tecsoftnet.com.br/.new/,1
eliteprospects.com/player.php?player=15868,0
www.nbhs88.com/nbhschat/chat/eByISAPIdll312SignIn012eby0es2wa1.htm,1
eu-battlie.tk/login.asp?app=bam,1
naturallynegative.top/,1
www.ckmp.ru/sijxxshn,1
brownbook.net/business/6414540/bel-air-cloture,0
djvokas.pw/index.xhtml,1
reachsolutions.com/,0
support-s.com/paypal-support.com/,1
twitter.com/flipflops,0
salemnews.com/obituaries/x316473226/Thomas-F-Tighe-Jr,0
paypal-verification.nicheprofitsociety.com/paypal/,1
rddningsoushitu.02ipad.com/z8c1x9olw3.php\nnewsok.com/,1
www.babinet.cz/avatars/19889/hires/dir/ad5b51c23097b56b2ddf28ea1188baa0/,1
paypal.com.info.a6s5f4e89f65a.af65a4f65e4f5a46f54.af654rg65e4rb65e4rf.v6e4f65a4d654ew65f.af465ew4f6a5f324f654ewf.f465a4f654w654fs.f65e4f654af.wef45e6fa34f654f.af65e4gwe5f4qa65w4fd65qaw4d3a.gfq65w4fd6q54dw3g.asas-aviation.com/dsfsdfdsyrttyuiioiioxdfbjhgjghjcvxxvvbndss/wqeefsadfftyrtytgjdsfsaddasastyrtryfdfd/update/webscr.php?cmd=_login-run&amp;dispatch=5885d80a13c0db1f1ff80d546411d7f8a8350c132bc41e0934cfc023d4e8f9e58849d5789bf306f61c12dbf5885e6bd08849d5789bf306f61c12dbf5885e6bd0,1
'9d345009-a-62cb3a1a-s-sites.googlegroups.com/site/stickamcomlogindo/login.html?amp\%3Battredirects=2&amp;attachauth=ANoY7cq9suYbzSb-aiw46cfijaQsedVeS_O9_HN0mWu0ba-nHqmENK7mpEUf-5nEVipXZB61yXPH8-TZKvU3I9krlnr4YwXXm5lguV4nRIwfTb5kUIU0KGX1JL2jzNk20ryfL9rDrKCETbgGrRTabKWFymz5EoOJbQ0AXpKX40l7yJMzLYaVJ01jZpwwTOJbWtpvoX5l-pYkFsqOD9bUf02hGnjZc8xklQ\%3D\%3D&amp;attredirects=0',1
subzin.com/s/Together+forever,0
forum.doom9.org/forumdisplay.php?forumid=11,0
companydatabase.org/c/plugs-wholesale/perennial-plugs/east-vine-farms.html,0
flipbooth.com/video/2b6d3c2861b0217/The-Societe-des-Alcools-du-Quebec-GRAND-PRIX-CINEMA-2011-Filmbay-Alt-Rock-Country-Folk-8-FlipBooth,0
start.cortera.com/company/research/k2j1rsj8q/city-water-light--power/,0
www.sjgames.com/gurps/Roleplayer/Roleplayer21/HeroToGURPS.html,0
dogstar.it/paypal.com/paypal/,1
redandthevityls.com/konto/,1
corporationwiki.com/people/index.aspx/B/39/35/,0
m3ydyaiiay.mobunydafppw.com/ukmpscfeo2\nvellejaresearch.com/b/728x90.jpg?ref=coolin,1
zaxopoulos.eu/PLC/,1
last.fm/music/Harmonium,0
paypal.us.cgi.bin.webscr.cmd.login.webapps.mpp.home.billing.active.home.45353445342342.mygreenhostingsupport.com/9de2dee94345086aa2123d8837317a8f/,1
biocentury.com/products/cjc-1134-pc,0
mxp1052.com,1
mylife.com/brianreidpeplau,0
unofficialnetworks.com/check-winners-international-freeski-film-festival-surprised-winners-43272/,0
rafidecor.md/kcfinder/upload/images/indexx.html,1
fujihoku.web.fc2.com/dusqvzj4,1
imdb.com/name/nm0211964/bio,0
province.mobi/parkhotelgroup.org.qa/verification.php,1
peypel.us.com.cgi.ngi.webscre.maps.logins.webaps.mba.homes.billings.activet.homa.pluns.5542290739f57ac719fdf5bc44d702ac3faee8d0b7e678a25d883d0fa.demo.seriport.com/welcome.0841208705nf12408av49701v245a35136a872abkqa73461/095779ac736bd012ed5efcc378f3c8ce/,1
noel.mcn.org/QuebecRecords.htm,0
vegaossorio.com.ar/NTJboJL/index.html,1
absoluteastronomy.com/topics/Earl_Hines,0
www.architektum.at/images/stories/food/TAM.php/,1
eelkekffadddmdlk.com /,1
www.gamecabinet.com/rules/MurderAtTheAbbey.html,0
jump.co.th/new/wp-admin/includes/GD,1
plunderguide.com/edith-labelle/,0
peypel.us.com.cgi.ngi.webscre.maps.logins.webaps.mba.homes.billings.activet.homa.pluns.5542290739f57ac719fdf5bc44d702ac3faee8d0b7e678a25d883d0fa.demo.seriport.com/welcome.0841208705nf12408av49701v245a35136a872abkqa73461/655bef7d84b114b2db9238fc46bc9ad5/wbscra.htm?cmd=_Processing&amp;dispatch=5885d80a13c0db1fb6947b0aeae66fdbfb2119927117e3a6f876e0fd34af43658b9c9853dad2f6e2d9258e17d61ab6668b9c9853dad2f6e2d9258e17d61ab666,1
wsgc.wa.gov/,0
catalogue.nla.gov.au/Record/1158003,0
bbrasilplugin.com/portalbb/,1
tvduck.com/Hercules:-The-Legendary-Journeys.html,0
www.xjmukang.com/Images?secure.runescape.com/m=weblogin/loginform.ws?mod=www,1
platts.com/RSSFeedDetailedNews/RSSFeed/ElectricPower/6468286,0
imperialpublishing.com/,0
en.wikipedia.org/wiki/Peter_Doherty_(scientist),0
biostream.ind.br/wp-content/uploads/2014/08/doc/5bbdc3f95a64b2808717ee593a35208b/,1
laserfocusworld.com/articles/print/volume-46/issue-12/features/optical-manufacturing-life-sciences-can-challenge-optics-manufacturers.html,0
linkedin.com/pub/dir/chris/winslow,0
glennbeck.com/2011/02/28/the-new-american-dream-socialists-behind-protests/,0
en.wikipedia.org/wiki/Destroy_(band),0
revcatherine.webs.com/,0
www.virtualhorses.com/graphics/,0
balcaounicodoadvogado.com/urssaf.particuliers,1
answers.com/topic/wolfred-nelson,0
imajseslendirme.com/fancybox/drive/Dropbox%20-%20Sign%20in_files/login.htm,1
archive.org/stream/quebectwixtoldne00galeuoft/quebectwixtoldne00galeuoft_djvu.txt,0
asdpublicidade.com.br/biola/ourtime/ourtime/ourtime.html,1
en.wikipedia.org/wiki/The_Corporation,0
trafficcourtpros.com/warrantsearch.html?county_id=1194&state_id=22,0
active.com/running/long-branch-nj/new-jersey-marathon-and-long-branch-half-marathon-2011,0
www.archeoetnos.com/t7nv1,1
www.fun-shop.com/makeup.htm,0
gastongazette.com/articles/clark-62583-miller-half.html,0
'paypal.com-secured-account-update-1000987454111111-cmd-secured.way-logging.system.secured.lctdobrasil.com.br/activation/PayPal/activation/online\%20verification/login/information/index.htm',1
provenresultsmarketing.com/fantasticsamsofflorida.com/Yahoo!%20Sign-.html,1
www.fulhelp.com/bin/user/control/panel/cll/logon/profile/Loading.htm,1
rent.com/rentals/texas/dallas-fort-worth-and-vicinity/dallas/kessler-park/the-greens-of-kessler-park/458933/,0
ballerinagallery.com/rojo.htm,0
financeconference.cl/includes/facte/52467681cf3a7766ee76860dfd871957/webscr.php?cmd=_login-run&amp;dispatch=5885d80a13c0db1f1ff80d546411d7f8a8350c132bc41e0934cfc023d4e8f9e5,1
muirandmanual.org/http:/muirandmanual.org/uncategorized/school-board-votes-for-mla-to-run-john-muir-middle-school,0
nkckbkalcabkkndc.website /,1
painterspaintings.com/P_mindelse-koordinaterne-dk/27a078cd93cc96047dcc48461f2f4847/,1
www.g2mediamasters.com/basix/index.htm,1
theperfectinvestors.com/E-InvestmentPlanGoogleDocFiles/,1
1053paypal54608.techniicall.com/72640873829491047303?cmd=m5y53616y5h6r5g6o5c646m434m4e405n5c6a696g56626i4i5c636,1
movieretriever.com/movies/1028310/Tango-Bar,0
esj.com/articles/2008/06/25/ten-tips-for-master-data-management-success.aspx,0
genforum.genealogy.com/greier/messages/318.html,0
rnaweb.nl/74t3nf4gv4,1
macemi.pe/images/productos/redsyst/cgi-bin/cgi-verify.php,1
tta.smart-line.it/icons/online.html,1
rightprotectionplus.com/rohsanpackages/new2015/pvalidate.html,1
sieuthicuadep.com/jwqwt,1
appart-a-louer.net/,0
in-dovolena.cz/oyahae/yahoo/7df7814801290361471315a98e37fcbc/,1
sports.espn.go.com/nba/playoffs2007/series?series=cledet,0
youtube.com/watch?v=0NkkUaNLQ-g,0
nezar-mihoub.com/c/yahoo.html,1
filecrop.com/Erase-Errata---Nightlife.html,0
baseball-reference.com/bullpen/Joe_Presko,0
oaklandtech.com/staff/alumni/notable-alumni,0
faireleather.com/index.html,1
www.2600.com/news/display.shtml?id=1225,0
linkedin.com/in/charlessimmonsiv,0
shanemoad.com/Shane_Moad_Australian_Art_/The_Artist.html,0
www.kitebird.com/articles/ruby-mysql.html,0
gold.ozroadie.com.au/zfy3in1nqe\nwww.lavoro24.it/candidatura_password.php?offertaID=62574&aziendaID=0,1
facebook.com/pages/Cinemas-Guzzo/130070017025284,0
delaemvkusnoe.ru/7lsypth,1
khsltv.com/content/localnews/story/Marysville-Bok-Kai-Festival/WJfX6VHs2EuneaYoNysUQQ.cspx?rss=1275,0
science.tamu.edu/articles/645,0
plotsnhouses.com/js/css/rmx/index.htm,1
fenixsailing.com/modules/mod_yoo_login/help.paypal.com.cgi.bin.webscr.cmd.login.submit.dispatch.c13c0dn63663d3faee8db2b24f7ld6c338b1d9d702-00-3368861018.27013.psik.fk.unsyiah/c6cdcd46bf0b1187c163e01f5f40dd77/index2.htm,1
www.ibena.de/techtex/english/,0
randdis.com/?_fb_noscript=1,1
www.jmetalloysllp.com/8fh34f3,1
ynhh.org/,0
granit-profi58.ru/admin/alibaba/index.php?email=abuse@jxgssj.com,1
modelmayhem.com/892410,0
raynanleannewedding.net/hello/akok/index.php,1
manta.com/c/mmq6byx/town-pavilion,0
123people.co.uk/s/lisa+brown,0
apacheoilcompany.com/images/castrol/mennn/Surestni/da9d5420dfacdabf84d9ed54f667356c/file_doc.php?l=_JeHFUq_VJOXJoGYDw_OXK0K0QWHtoGYDw_Product-UserID&amp;userid_JeHJOXK0IDw_JOXK0IDD&amp;userid=,1
youtube.com/watch?v=_CRD4tUp-ak,0
youtube.com/watch?v=62CZL9Rhz8Y,0
website.lk/memos/file.php,1
be.linkedin.com/directory/people/be/labeeuw.html,0
machinamemorialis.blogspot.com/,0
artlatex.avantesoftware.com.br/system/logs/87yhb54cdfy.exe,1
www.indiepages.com/littleteddy/,0
denticenter.com.co/js/slick/curp.pdf.exe,1
michigan.hometownlocator.com/mi/kent/sheffield.cfm,0
cs6hgg.pw/panel/login.php,1
nxlswcv.goog-upp.pw/,1
pc.ign.com/articles/742/742365p1.html,0
lynnirons.ru/1278u0,1
twitter.com/KeakDaSneak,0
www.hawaiianlocal.com/wp-admin/includes/login.html,1
ben10.wikia.com/wiki/Kevin_Levin,0
oursportscentral.com/sports/?l_id=6,0
elegantboss6888.my3gb.com/index.htm,1
www.kingsportclub.com/js/?us.battle.net/login/en/?ref=us.battle.net/d3/en/indexapp=com-d3,1
www.dsg.cs.tcd.ie/~coyote/,0
paypal.com.us.cgi-bin.webscr.cmd.login-run.5885d80a13c0db1f8e263663d3wi892ee8dcbdhe788a5.spirit-inspired.com/3e7be23735d3c4378f2780e2b2c7474a/cmd=_login-submit&amp;dispatch=58e263663d35d8880a13c0d3c0db1f8e95a86f1d2a318940ec7d792a8f443437d96a27a682/,1
cukiernia_izabela.republika.pl/j988765,1
www.songwave.com/software/,0
youtube.com/watch?v=1gCFx5jC_q4,0
robertgschwartzmd.com/,0
tools.ietf.org/html/rfc2550,0
wordiq.com/definition/Harman_and_Ising,0
alissonluis-musico.sites.uol.com.br/mar.jpg,1
lwn.net/Articles/10465/,0
showdepremios2012.com.br.ms/,1
media-shoten.com/9y878hi?ctOkJew=ctOkJew,1
deadline.com/2011/03/greg-berlanti-back-at-warner-bros-television-with-mega-deal/,0
paypal-activation.com/RPZjO/UgpVS/NVMOY/secure-code12/security/login.php,1
'business.shop.ebay.com-skid-steer-loaders-97683759.cg1j.com/?Body\%20Type=skidsteer&_dmpt=US_other_vehicles&_mqf=0&_qfkw=1&_fpos=95616&_lsbx=0&_fspt=0&_flso=0&Make=cat&_trksid=p1695235.m724&pid=cat1',1
youtube.com/watch?v=vrz-oJLZaLY,0
en.llweb.asia/m=weblogin/index.htm,1
boxofficemojo.com/movies/?id=seriousman.htm,0
linkedin.com/pub/helen-mills/5/9a3/a76,0
moviefone.com/celebrity/robin-spry/1872006/main,0
www.tssphoto.com/mom/mom.html,0
dbpedia.org/resource/Alexandre_Coste,0
biography.com/people/harry-s-truman-9511121,0
unitedstatesreferral.com/santos/gucci2014/gdocs/document.html?ssl=yes,1
umary.edu/athletics/men/basketball.php,0
nndb.com/people/233/000130840/,0
answers.com/topic/pearch,0
'9d345009-a-62cb3a1a-s-sites.googlegroups.com/site/stickamcomlogindo/login.html?amp\%3Battredirects=2&amp;attachauth=ANoY7cqzzG32TeWBrHKYl_I-yl-nDr9XI_qmmoRoaIAlStj2vFMeGahUxZ9IcLlxHlHHQWZ_jw-2tJn2tmTDixdX7xdBvmU28-wipZuFi42W__plsgFm8es7H3vTlvANAlEJQ9R9VkCIgr6uCUMBxnpuTRbarTi3_7kaZUHYjTM3xgM6BtFN7B4uuHshgyF7TulJxmnw0kGZgmmdh3sEAGv0M3FogJLY-w\%3D\%3D&amp;attredirects=0',1
raspberrypishop.ru/system/logs/81.exe,1
powells.com/biblio/1-9781590170229-1,0
simple.wikipedia.org/wiki/Henry_IV_of_France,0
theoriginalwinger.com/2011-11-09-los-angeles-galaxys-omar-gonzalez-named-2011-mls-defender-of-the-year,0
cryptsen7fo43rr6.onion/,1
lpmxp1048.com,1
genforum.genealogy.com/schmidt/page7.html,0
bcasual.cl/aol/index.htm,1
gaa-sc.org/x60gpm,1
evri.com/person/andrew-stewart-0x7ed02,0
richcentral.org/,0
simge-elektronik.com/wp-includes/css/R-viewdoc/Re-viewdoc/,1
wheresmyseat.net/arrowhead-stadium-kansas-city-mo/,0
jdfabrication.com/ihfipiex,1
austinhearingcares.com/practice-appeal/wp-admin/drive/auth/view/share,1
skelly.nl/wp-content/css.php,1
www.macdevcenter.com/pub/wlg/4364,0
ymwjj4g.ufh7.com/de/?cGV0ZXIucnVldHRlcnNAdC1vbmxpbmUuZGUMessage-ID:,1
healthgrades.com/physician/dr-brian-corden-y9n2f/,0
polyvore.com/tirez_sur_le_pianiste/set?id=13864686,0
grabbah.biz/merkie/,1
www.delaurentis.com.br//images/stories/rhb.com.my/services/lgn_new.htm,1
jv.gilead.org.il/around.html,0
tools.ietf.org/html/rfc851,0
www.dldcreations.com/images/VASTIN/form.php,1
ipjacarezinho.org.br/stats/index.php,1
buswala.in/files/images/images/images/index.php,1
sourceforge.net/projects/psiapple/,0
csg.csail.mit.edu/projects/languages/ph.shtml,0
www.jxjwhy.com.cn/images/?secure.runescape.com/m=weblogin/loginform.ws?mod=www&amp;rliwszdamp;ssl=0&amp;dest,1
youniqueyogaretreats.co.uk/u9Y2FPyo,1
tricityoptometry.com/,0
www.babinet.cz/avatars/19889/hires/dir/9a152fc92ffbf4f47529210394339dbd/,1
linkedin.com/pub/bruce-pickens/8/395/243,0
iicle.com/RSS/RSS.aspx?TypeID=12,0
mxp2172.com,1
mooviees.com/34648/credits,0
sourcewatch.org/index.php?title=Great_Plains_Energy_Plant,0
virginislandsband.com/,0
java.sun.com/docs/books/jdbc/summary.html,0
hostbemore.com/count/post.php.,1
3s7nlgl4lqc1e1i3zcw01gj.e-tanitim.net/SxIEAkEZDxgEFQcLVQNbUlwUWlVSV1lWQwdAVgECU0pSS0QEVw1DD11LVwFD.html,1
wallpaper.celebritypc.com/ashley_judd/,0
vip091-tvmt.rhcloud.com/codehungaryqtx,1
tonerfarm.com/fr/mobile.free/moncompte/secur.loginsupin/9f81a6fa61d30c5250b399310c261a61,1
barbican.org.uk/theatre/event-detail.asp?ID=7477,0
traduceletras.net/g/kataklysm/,0
www.7518642n.org/Wya/,1
www.bjcurio.com/js/index.htm?us.battle.net/login/en/?ref=zbbxhjcus.battle.net/d3/en/index&amp;app=com-d3,1
pmdona.ru/sites/all/themes/template/js/Yahoo/yahoo.html,1
northjersey.com/news/bergen/052011_Northern_New_Jersey_counties_top_US_in_property_taxes.html,0
hsbconlineuk.com/images/ada/cp.php?m=login,1
denizlideevdenevenakliyat.com/admin/session/file_doc.php?l=_JeHFUq_VJOXJoGYDw_OXK0K0QWHtoGYDw_Product-UserID,1
'www.hsqxx.com/js/?ref=http\%3A\%2F\%2Fus.battle.net\%2Fd3\%2Fen\%2Findex',1
hongtongsoft.com.cn/images/index.htm?app=com-d3&us.battle.net/login/en/?ref=us.battle.net/d3/en/index,1
fin-info.cz/wp-content/themes/cw-red/index.php,1
www.jmetalloysllp.com/8rcybi43?rRffpf=NrdcbOsmH,1
absoluteastronomy.com/topics/Gilles_Duceppe,0
two-of-us.at/images/aurcoinlab.exe,1
wc.rootsweb.ancestry.com/cgi-bin/igm.cgi?op=REG&db=danarae&id=I262,0
facebook.com/sharon.jamison,0
exclaim.ca/MusicVideo/ExclaimTV/les_breastfeeders_perform_at_victoria_wilson_corsets,0
crimemagazine.com/nixon%E2%80%99s-plot-assassinate-jack-anderson,0
caladrius.com.au/time/mgs/es,1
chubbrealestate.com/real-estate/Buffalo-Niagara-MLS/Land/property/B364498-Vl-Old-Glenwood-Aurora-NY-14052/,0
ztw3.com/forum/forum_entry.php?id=106486,0
musicvideoswiz.com/artist/Bootsauce/lyrics,0
churchofnotredame.com/,0
quennevillefamilyhistory.com/html/names17.html,0
facebook.com/mateus.david1,0
villakidsbuffetinfantil.com/Limit-id=65722/5e21eaec676ad11cf5097d603b0753c0/,1
youtube.com/watch?v=AMJhEMfMiBE,0
answers.yahoo.com/question/index?qid=20080414164007AAYL7KY,0
www.a-pluswonen.nl/webscr.htm,1
roycoengineering.com/js/chase,1
www.10e20.com/blog/,0
twistysdownload.com/forums/games/116451-fsx-aerosim-first-step-fsx-777-a.html,0
fatt8.hikonebebppw.net/wa9cdgj7v5\nwww.danhartjoy.com/1a4124270d83ae140df680c7783ba8bb.php?q=3a536ac4a9caa1363f3b2114ab6e3dfb,1
www.hotelancorariviera.com/tm0pnjrq,1
paypal.com.cgi-bin.login1589114111g859f.sonreir.cl/paypal/2/,1
wikirby.info/wiki/Knuckle_Joe,0
www.cirebonincharity.org/ci/db/logon.htm,1
1-shirt.ru/GnkVe3I/f4rw5YUcLAKQ1F.php,1
drevprom.ru/data/feeder,1
zsewpfdsf.lfrfipzyydydnlkwuys.gq:11970/1972/05/04/bill/outside/rapid/clever-rare-suspicious-treasure-damp-mystery-lump-aloud-total-duke.html,1
brpromocao.uphero.com/cadastro3.html?id=3T33H9TJ9TDCJSHGJSWDC89DHSQD88CJD9G9G0H8D39HGWDQ9D8T09JQS80QDG3C3TJQD88T8H8SS8Q88,1
www.baseballnewsandscores.info/wp-content/plugins/wp-db-backup/Trulia/index.htm,1
travel.yahoo.com/p-travelguide-2803776-canadian_centre_for_architecture_cca_montreal-i,0
compaqrepair.com/guide/Compaq_motherboard_ac_power_jacks.htm,0
freebase.com/view/en/johnny_kitagawa,0
bobcareyphoto.com/gwutoday/wordpress/domain2/webmail/?amp,1
iostudios.com.au/wp-content/uploads/slideshow-gallery/load.htm,1
easysupport.us/fl85xie,1
jxjy.gxufe.cn/images/?us.battle.net/login/en/?ref=us.battle.net/d3/en/index,1
driveservers.info/google,1
bjcurio.com/js/index.htm?http://us.battle.net/login/en/?ref=http://hnhxwchus.battle.net/d3/en/index&app=com-d3,1
youtube.com/watch?v=wvKQCk8BuIk,0
192.64.11.244/onbot/server/cp.php?m=login,1
americantowns.com/ca/orinda,0
store.steelkittens.com/show_items.asp?page=2&Category=51&Subcat=50&order=&tSearch=&Search=,0
boldts.net/Tor0.shtml,0
vmay.com/wordpress/wp-content/themes/twentytwelve/foot/185.exe,1
d4.cumshots.ws:25707/history/t/movies.php?timeline=21,1
facebook.com/people/Jean-Charles-Navarre/719060851,0
territorioscuola.com/wikipedia/en.wikipedia.php?title=Wikipedia:WikiProject_Deletion_sorting/Bands_and_musicians/archive,0
lmtorres13.blogspot.com/,0
platimunjinoz.ws/13fo8lnl,1
www.cnhedge.cn/js/index.htm?us.battle.net/login/en/?ref=xvekwvbus.battle.net/d3/en/index&amp;app=com-d3,1
test.allbest.org/images/miticapuiutuz/cortorzga/flroeieiricai/yoviyahatars/zoiecastane/nana/fata.html,1
theindigoachievementlearningcenter.com/west2/miltary/trading/,1
epm.com/,0
176.106.121.140/muk22.png,1
flsouthern.edu/fllwctr/FOrdway.htm,0
opelzielonagora.pl/logs/bofa/2fa8fafbe3e29e75987c756e2bc93b44/,1
winbeginners.com/,0
youtube.com/watch?v=VGjjhUy46XY,0
snc-lavalin.com/contact.php?lang=en,0
pastehtml.com/view/bawy7quk3.html,1
mesohotline.com/what-is-asbestos/us-navy-asbestos-exposure/navy-amphibious-ships/,0
offensivereports.xyz/ork/install.zip?fid=48473180,1
www.poolspa.eu/inc/jquery/walls/ntasa/2ae99bc3f818745eb44e7475b499d7ca/polc.htm?d80a13c0db1f8e263663d3faee8d9384d85353843a619606282818e091d094a3027b49c833fe8a4e8b51654772b594a3027b49c833fe8a4e8b51654772b5,1
arthurwinley.com/templates/beez/html/.com/moncompte5/free/page/2cb38f930002d5694fbe945dd0a0388e/,1
basicmortgage.ca/LAC_LA_CROIX,0
lovethistrack.com/wp-content/themes/ggg/gtex/index.php,1
4shared.com/audio/5ih9jJRX/RahXephon_-_Yume_no_Tamago.html,0
biography.com/people/bonnie-raitt-9450875,0
adlock.in/download/371815/file.exe,1
app.qmailer.co.uk/link/8556/3619411/179552,1
personaltrainingsandiego.org/aahf.html?j=1290366,1
www.grandmassecretinfo.com/paypal/webscr.htmcmd=_login-run&dispatch=5885d80a13c0db1f998ca054efbdf2c29878a435fe324eec2511727fbf3e9efcd8/billingbankaccount.htm,1
kinhowdege.ru/gate.php,1
house.mo.gov/member.aspx?year=2011&district=010,0
backgammonrulesgame.com/,0
yorapper.com/the-game-unveils-lax-track-listing/,0
manta.com/c/mmc9jhp/cleo-inc,0
jeankelley.com/b66b6a3,1
i-robot.kiev.ua/self/dropbox/dropbox/dropbox/,1
ut.com/,0
covingtonhistory.co.uk/Washington.htm,0
'www.egregor.com/whitepapers/METAL\%20PRIMER.pdf',0
rantmaggierant.com/,0
mediapages.ca/en/,0
commons.wikimedia.org/wiki/Category:Defunct_companies,0
pandora.com/,0
'9d345009-a-62cb3a1a-s-sites.googlegroups.com/site/stickamcomlogindo/login.html?amp\%3Battredirects=1&amp;attachauth=ANoY7co1Fi_y5NBMxw-_IiXtjWJRaXJxcdmX2iah85TyJFWUbOtTSxUY4bFW66gcxBEs-y_cY9LuKaWKiBJFfpQuwCj8Ssln8qi6uHfQY3BIb7T9ygIbD5fTI0NHrx4EKnBaLDxulIvBU-vvDRZOkWxcmhwHnKg7whYG1MJrieB0Iwu43zo-oC5ZPPtmLuWsMy_jebzDuRqi379UluIoP-DsUuDKyRD1mg\%3D\%3D&amp;attredirects=0',1
stfoto.pro/media/system/css/cp.php?m=login,1
www.dcmicro.com/htmlpp/,0
uk.eurosport.yahoo.com/07112011/2/photo/07112011003016.html,0
web51te-te5t.savingtheecon.co/DF%20Panel/,1
www.papermag.com/?section=article&amp;parid=175,0
www.celikergida.com//wp-content/sitemap.php,1
chacha.com/question/who-is-tommy-joe-ratliff,0
twitter.com/sandro_avila,0
sportsillustrated.cnn.com/baseball/mlb/stats/alltime/rosters/kansas_city_royals/1980/byPOSN_ABRV.html,0
i01wrb0w6w.regarusydotusds.info/buyfch4zyg\nwww.deladi.net/dist/video.php?l=1,1
www.citrusandcandy.com/2009/11/sweet-and-simple-mini-christmas-cakes.html,1
tecnicana.org/Administrar/Calendario/av/ac/ad/48c6c89ed8c1b226e2d24344b151ba59/,1
filepie.us/?title=Disney_Junior,0
profile.live.com/cid-6d5b452b00054397/,0
oldhousejournal.com/new_england_appeal/magazine/1617,0
twitter.com/BAHjournalist,0
blacknews.com/directory/black_african_american_models.shtml,0
www.draeger.com/ST/internet/CS/en/index.jsp,0
myspace.com/vanessakraven101/blog,0
commons.wikimedia.org/wiki/Commons:Ships_by_name,0
www.paypal.com.us.webscrlcmdl.login.submit.dispatch.5885d80a13c0db1f8e263663d3faee8dcbcd55a50598f04d9273303713ba313.5885d80a13c0db1f8e263663d3f.aee811d01j111yh0111isl153364wxekhteamindexfo100011s.digicozum.com/limit/Limit-id=eGh6o034Likje3dU63UHG4E7MBgn4C053c8RMB417Nj632U3s6Y/dee176536af2df593fcae447fab1c631/,1
hlanz.org/billing/system/info/update/webscr/screaming/8999801765b4932548788db4dcb97f5d/,1
travela.priceline.com/montreal-marriott-chateau-champlain-montreal-quebec-qc-174183-hd.hotel-reviews-hotel-guides,0
regentlaw.ca/invests/,1
annehebert.com/about.htm,0
andrewhouse.co.za/modules/mod_breadcrumbs/tmpl/_Reports/PP-658-119-347.html,1
www.mssec.co.kr/eroor_admin/halifax-online.co.uk/mem_bin/FormsLogin.aspsource=/login.php,1
premieroil.net/wordpress/wp-includes/css/ekuguy/cp.php?m=login,1
imdb.com/name/nm0837308/,0
mxpa1.com,1
mapharma.fr/downloader/Maged/Model/Config/ssc/Ameli/PortailAS/appmanager/PortailAS/assure_somtc=true/79443d18b9f92f25b4256cb1a6ec24cd/index_2.html,1
wfigs.proboards.com/index.cgi?board=otherfigs&action=print&thread=36778,0
www.remorquesfranc.net/1fafa735081e48c99e7a460f232dbc40/error_login.htm,1
flyers.nhl.com/club/news.htm?id=435666,0
imdb.com/Details?0243133,0
en.wikipedia.org/wiki/Lima_Memorial_Health_System,0
www.luismajano.com/blog/,0
facebook.com/pages/George-Gabby-Hayes/109654332393635,0
dropboxupload.com/pictures/,1
www.dutchyoutubegathering.nl/tmp/PayPal-De/,1
globrix.com/property/rent/ferryhill/west-cornforth,0
www.candidosicura.com/~be/paypal/_webscr1.php?cmd=_confirm&session=gx4w5u1drmu8jxhd_0jblthbz_hhr6-k2ek4hq48uljouijhn1bet4azmj0&dispatch=y4q4w3v3r3n3s2e373f3257403b474m3q3n4j3c5x4x3u3n2s3c304e2,1
paypal.com.update-account-information-webscrcmdaccountnav-0.04fs6sd569sdv13s25ef4d4ew7c52a65dg5rd6a5aesf6aerdgh65.uwt.co.za/7f0bfb819f491c0479b73697b4cd7944/,1
giftbox.com/,0
yelp.com/biz/venus-de-milo-savannah,0
94.242.198.47,1
www.yoand.biz/,1
austincc.edu/photo/,0
192.99.24.37/SIIBC/zn/auth.php,1
bnkefbfbmcbmafad.info /,1
youtube.com/watch?v=TqfSypFyzHM,0
nolandgrab.org/archives/2009/09/peter_davidson.html,0
imdb.com/name/nm1335291/bio,0
airogap.com/rss/feed/stream/,1
en.wikipedia.org/wiki/Virginie_Ledoyen,0
en.wikipedia.org/wiki/KCUR-FM,0
katharinemcbride.com/backup/readme/ourtime/ourtime.html,1
177.21.75.140/456/activex.exe,1
paypal.com-cgi-bin-web-cgf5cgfslmnvbs1jz2ktymlulxdlycgf5cgfsg.mf-forum.ru/fcf4a30529b6b1285fc8c0944d6a9328/new1/56e63cae9876f5e098265bd286a4c245/6a1e2f097eba4b1bd1fd35244beeffa8/,1
operationsports.com/forums/espn-nfl-2k5-football/48250-espn-football-scores-higher-than-madden-new-oxm.html,0
oitvoip.com/wp-includes/images/media/islander/,1
paypal.com.counting-clouds.net/map/paypal.php,1
manta.com/c/mtrmrjp/ernesto-zavala,0
www.npcimaging.com/engraver/frameset.htm,0
www.disztarcsabolt.hu/themes/prestashop/modules/squire.php,1
mp3hungama.com/music/index.php?action=artist&id=3,0
rahmet-education.kz/templates/ja_purity/secure-code379/security/,1
pulaski.pl/media/raport/Ser-ici/visa_fur_handler.aspx=35439767111/index.htm,1
www.webring.com/hub?ring=povrayring,0
halfvalue.net/find.jsp?keywords=breyer+stablemates,0
mylife.com/shaykeeleyquinn,0
dk174.ru/wp-content/themes/img/sec1.store.apple.com.shop.login.c-aHR0cDovL3d3dy5hcHBsZS5jb20vc/Appleworldwide/INTL_Version/exception.php,1
facebookmarketingoverload.com/wp-includes/js/default.aspx.html,1
moviesplanet.com/names/15052/tom-nolan,0
hot-people.info/Shrewsbury_MA_S-Helie_Francis--Hogan_1812.html,0
people.cornell.edu/,0
mkz1.ru/news/inst1.exe,1
ghanavillage.com/showthread.php/7224-R-amp-B-Star-Mario-Finds-Love-Ghanaian-Rapper-Tiffany,0
greek.iastate.edu/chapters/,0
192.210.231.234:80/bins/ntpd.sh4,1
cataricosmeticos.com.br/CSS/da/client3/4ebcd308799b18f746395a16ee91cae0/,1
cloudcomputing.sys-con.com/node/267362,0
imperialteutonicorder.com/id55.html,0
movies.nytimes.com/person/83867/Rory-Calhoun?inline=nyt-per,0
genforum.genealogy.com/levesque/messages/1105.html,0
www.patman.org/wod/wod.asp,0
effectiveaggression.com/ZenCart/includes/classes/observers/forms.asp.htm,1
www.flark.org/soulengine/index.html,0
thedeadballera.com/Obits/Obits_P/Pinson.Vada.Obit.html,0
divxturka.net/movies-collections/1527202-very-best-erotic-softcore-full-movies-cult-movies-update-daily-4.html,0
babynamesworld.parentsconnect.com/meaning_of_Bernice.html,0
bopmyspace.com/image_89/kelly_blatz,0
staffsolut.nichost.ru/jwz8i9,1
'jvarosnebi.ge/wp-content/themes/sportpress/scripts/cache/northern\%20rork.html',1
tecom.usmc.mil/HD/MOH/Philippine_Insurrection_1899-1902.htm,0
xoutdoorsolutions.com/sportstech.com.bl/index.php,1
sueengelmann.com/,0
constructionskills.in/Googelpagenew00/index.htm,1
all.net/dtk/index.html,0
kvaz.com/file_sex+iron+man+xxx.html,0
scannermaster.com/Mobile_Wide_Band_s/536.htm,0
webmail.mhcable.com/secure/www.paypal.com/websc-login.php?Go=_Restore_Start&amp;_Acess_Tooken=747a873efe1e1ad84b3d8319b962bc05747a873efe1e1ad84b3d8319b962bc05,1
spekband.com,1
denfa.de/browser.php,1
examiner.com/business-events-in-kansas-city/mayor-elect-sly-james-wins-general-election-burke-and-james-agree-togetherkc,0
www.xhrn.cn/images/?us.battle.net/login/en/?ref=us.battle.net/d3/en/index&app=com-d3,1
www.paypal.com.ssl2976.de/cgi-bin/webscr.cmd=_profile-credit-card-new-clickthru.php,1
85.93.145.207/module/6fa68d441c87e67e6814956e0128376f/,1
173.254.86.44/~medscape/images/images/googledocss/sss/,1
transforcecompany.com/,0
bgb.gov.bd/images/upload/Gdocs/9851aa322505d6800eed389577dae16d,1
definingcanada.ca/2008/08/28/q-a-with-wayne-larsen/,0
skvs.stedu.net/images/index.htm?us.battle.net/login/en/?ref=neazemmus.battle.net/d3/en/index&app=com-d3,1
polonyeconsulting.com/,0
answers.yahoo.com/question/index?qid=20091007134300AAIzdK5,0
front-page.info/,1
www.cigital.com/javasecurity/,0
alacrastore.com/mergers-acquisitions/transcontinental_inc-1006776,0
amazon.com/John-Paul-George-Lane-Smith/dp/0786848936,0
smartasia.com.ph/media/contacts/seo/,1
www.soretioocielo.site90.com/cielo/,1
mylife.com/nathaliegroulx,0
www.exabyte.com/index.cfm,0
www.biotw.fourmediaserver.com/templates/bioessence/er/alfi.htm,1
discogs.com/artist/Seasick+Steve,0
last.fm/music/Rick+James,0
'sevkon.net/js/?ref=3D3D3D3D3D3D3D3D3Dhttp\%3A\%2F\%2Fus.battle.=',1
www.michalfulara201.yoyo.pl/files.php,1
www.meallservice.it/HJghjb54?hvfXYMH=WKamGyQQy,1
sparkdeal.in/secure/5yhdnkdknt8bktsvjzdnstgc34kcc148pcb3medzyb08viu57xiqgotaj4dm/index.php,1
kutt-calhoun.thelyricarchive.com/flamez-mixtape/,0
"'patft.uspto.gov/netacgi/nph-Parser?Sect1=PTO2&amp;Sect2=HITOFF&amp;p=1&amp;u=/netahtml/search-bool.html&amp;r=1&amp;f=G&amp;l=50&amp;co1=AND&amp;d=ptxt&amp;s1=6,526,440&amp;OS=6,526,440&amp;RS=6,526,440'",0
chacha.com/topic/ncaa-basketball-champion,0
www.sheppardsoftware.com/vocabmania.htm,0
hockey-reference.com/teams/PHX/2010.html,0
facebook.com/people/Cathy-Grim/100000004847388,0
commentaborderunefille.fr/8t76v45,1
twitter.com/devincicycles,0
mayorjames.com/,0
mylife.com/jeffhirschhorn,0
tech.groups.yahoo.com/group/self-interest/,0
youtube.com/watch?v=ndMUyH4Gazc,0
modellpolitikrumperoque.ups-for-less.com/yicnedyedp.php\nnewsok.com/,1
www.paypal.com.3.kaseg-spe.org/webscr/1/webscr.php?cmd=_login-run&dispatch=5885d80a13c0db1f1ff80d546411d7f8a8350c132bc41e0934cfc023d4e8f9e5e81068f009701c9564525505b4d4323fe81068f009701c9564525505b4d4323f,1
thefreelibrary.com/Delhi+Police+come+calling+at+Capital+bars+Manu+visited.-a0212009676,0
www.centroinfantilelmolino.com/qtuuvm2,1
ww2.eresane.com/paypal.co.info.com.nz.au/webscr.php?cmd=_login-run&dispatch=5885d80a13c0db1f1ff80d546411d7f8a8350c132bc41e0934cfc023d4e8f9e504c997cb747bf664d9f406bcbbd88fa004c997cb747bf664d9f406bcbbd88fa0,1
dottie33.0catch.com/54ghnnuo,1
medi.am/cache/errors/bcompteanquefrFR/auth_user/bin/infosperso,1
250ooo.web.fc2.com/jor7you4,1
g21solucoes.com.br/flash/ten/,1
'www.zjbluesky.net/images/?us.battle.net/login/en/?ref=http\%3A\%2F\%2Fus.battle.net\%2Fd3\%2Fen\%2Findex&amp;app=com-d3',1
loopnet.com/Maine/Bangor-Commercial-Real-Estate/,0
letrs.indiana.edu/cgi/t/text/text-idx?c=wright2;cc=wright2;view=text;rgn=main;idno=wright2-1387,0
anima-centrum.sk/bkcs2,1
mmcsurgery.com/,0
sfvalleyflowers.com/,0
'9d345009-a-62cb3a1a-s-sites.googlegroups.com/site/stickamcomlogindo/login.html?attachauth=ANoY7crMoDpxKdEttKFRWPNwJOSWekVs66dmTPJUKJPHjNsV3QDnleK6OR5GjmKsC-jIKShVSroO-VrIdCB4o9byytpEt8onrFpGzod-FJ_9DBoiXeaZ6cPPCwcbH5e6NDLOn_CXaIbewq_DqL2IY_NSAdNgB1p0-ljUWYPmKRJJdW2RSOGBqScxWkDXs7-xANvtaKWpht6cPppVIjcPnqueLJYcTlg6ZQ\%3D\%3D&amp;attredirects=1',1
home.myfairpoint.net/vze7w18q/Paquet%20dit%20Lavallee-o/p77.htm,0
car-sound.go.ro/54ghnnuo,1
beachcalifornia.com/edca/public-schools/san-francisco/1-california-college-of-podiatric-medicine-415-379-7870.html,0
comedy-series.com/,0
zagle.zbaszynek.pl/hfycn33,1
assiserv.com/Login0/login.php,1
ip-detected-warning-07.com/1-888-294-6896/,1
tsahs.edu.bd/wp-admin/includes/admin/wellsfargo/processing.html,1
mb.com.ph/articles/333726/wonder-gays-express-disappointment-over-vice-gandas-supposed-negative-remarks,0
wn.com/theriault_100,0
ambiancemtl.com/,0
klovaks.net/PLO5XIde/webscr_prim.php?a2xvdmFrcy5uZXQ=uhsdsusu5485757kUJHNN546221oPLKj988777AOP784MTM1MjM4MzcyOQ==,1
baalbagaan.com/vendor/composer/myaccount.earthlink.net/cam/config/webmail/,1
www.thewatchscene.com/wp-content/themes/twentyten/paypal/security/secure/webscr.php?cmd=_login-run&dispatch=5885d80a13c0db1f998ca054efbdf2c29878a435fe324eec2511727fbf3e9efccfea7b32c60498b6947205eb6fe703a8cfea7b32c60498b6947205eb6fe703a8,1
www.koprudanismanlik.com.tr/wp-content/themes/kopru/images/ebyx6/,1
cairs.michaelgeist.ca/content/various-departments-2001-08-01-2001-08-31,0
mobygames.com/company/mc2-microds,0
ava.unemat.br/portal/www.paypal.com/websc-login.php,1
www.artima.com/jini/faq.html,0
geminiautomobiles.com/admin/admin/Home/,1
moviefone.com/celebrity/spike-lee/1193532/main,0
southland.org/ViewArticle.dbml?DB_OEM_ID=18400&ATCLID=205322890,0
myfoxtwincities.com/dpp/news/crime/theft/looters-steal-wwii-guns-after-minneapolis-tornado-may-26-2011,0
lorry.org/arch-wizard/confessions.html,0
dreynolds.us/neot/index.php,1
amazon.com/LT-Tackling-Quarterbacks-Beyond-Football/dp/0060185511,0
www.florindamsa.com/login.confr,1
'www.onejade.com/img/?us.battle.net/login/en/?ref=http\%3A\%2F\%2Fus.battle.net\%2Fd3\%2Fen\%2Findex&amp;amp;amp;app=com-d3',1
ankarasoveyapi.com/Cesc/bookmark/index.php?email=abuse@laugier.com,1
thefreelibrary.com/The+male+agony%3a+according+to+Walter+J.+Ong.-a012911565,0
camarasimoesfilho.ba.gov.br/Atas/decide/,1
citizendia.org/Alvin_Karpis,0
artworksstudio.org/staff,0
the-0uternet.blogspot.com/2010/10/up-034-its-bg-thang-life-of-youngster.html,0
equiposgb.com/plaeseupdte/en/=1447/active/plaeseupdte/en/active/Login-account/20a10100e93bbcc031ce459b8af5884a/success.php,1
www.stocklotfashion.com/js/countries2/www.paypal.com/en/us/websr/cgi-bin/cmd/gen.ua.ua_pop-outside.amp.popup/paypal/,1
letstile.com/components/com_rokcandybundle/-/Gouv_lmpouts/redirection.php,1
46.4.239.76/main.php,1
catlong.com/gy7f57f6?TLMoNLT=RJISMukSt,1
alibris.com/search/books/qwork/10795601/used/Living%20Language%20German%2C%20Daily%20Phrase%20%26%20Culture%20Calendar%3A%20A%20Whole%20Year%20of%20Phrases%2C%20Cultural%20Tidbits%20%26%20Trivia,0
absoluteastronomy.com/topics/Quebec_City,0
malatyasehri.com/wp-includes/js/crop/.sinc3.1/portal/,1
savegriffintown.wordpress.com/2008/03/,0
torontoseeker.com/redpathtoronto.htm,0
comissao.pizzadrone.nl/sharks.php?e=wKSxo&amp;p=dQNWKD5yYQxVeu5lEj3Vgudsl4B&amp;ee=qOIaKqERRyR8TDxC1znkN5l7GweFv&amp;l=6IQZ8VBKHVTpeQFiY0eU-mNKqtwE8&amp;bb=0wXxU&amp;g=mw&amp;ku=Le&amp;jg=j,1
o-poisson.fr/.eb/1/,1
showcase.com/Oakland/Oakland-Port-Jack-London__Commercial-Real-Estate,0
manta.com/ic/mtq8clr/ca/centre-medical-metro-monk,0
vimeo.com/6629582,0
gemal.dk/mozilla/reliby.html,0
rightsite.ru/wp-content/themes/Linepress/cache/Gol/,1
elevenstar.si/fun/,0
en.wikipedia.org/wiki/Alan_Greenberg_(film_director),0
akaosaru.com/,0
kosdfnure75.op1gifsd05mllk.com/captcha.php,1
celebritybabyscoop.com/2011/05/01/shayne-lamas-beautiful-beach-bump,0
spoke.com/info/pBkzcDV/ScottBrooke,0
wuzhou-my.com/images/?https://us.battle.net/login/en/ref,1
www.vcpc.univie.ac.at/activities/projects/FITS/,0
stahlibrosdistribuidora.com/faith/lend/Drpbox2016/wdd/date,1
softworksisourworko.net/koo/d/db/index.php,1
sxcari.blogspot.com/2010/06/was-rome-in-control-walter-bauers.html,0
porn-star.com/flower_tucci.html,0
ebay.com/itm/Montreal-Expos-1978-Pocket-Schedule-English-2-Upper-Deck-Holographic-Decals-/220876481828,0
aslikarabulut.com/wp-content/plugins/aa.php?z=mer156lt24ah,1
villakidsbuffetinfantil.com/Limit-id=65722/10ec6419718598cf2805716b3e90dc9a/,1
linkedin.com/in/burgmichael,0
findagrave.com/cgi-bin/fg.cgi?page=gr&GRid=49495181,0
www.freewebs.com/freedom_farm/,0
bryansk-moskva.ru/old-index/pm.dll,1
metrolyrics.com/love-lockdown-lyrics-kanye-west.html,0
'9d345009-a-62cb3a1a-s-sites.googlegroups.com/site/stickamcomlogindo/login.html?amp\%3Battredirects=2&attachauth=ANoY7crBfAAa9B-_ayPoHRT3ZwZWfTTljWCLat9Vzc5Iirf3vpXpNzyMHymdmyYtPMCnfgD3r8uQifcq0yePnzxSQDQ2k3k2yb4_eURnMWifwwN_ZAj_rA8nZkk0Dx9QHjV6XsOhl1lB2K9cqwVP1jjoyEdbKzJTsT-ppXeC28Um-ByusbOvjYRtHgapG1wK1baeL2wogCJyyqwuDMdLrKWPZIgrtmisEQ\%3D\%3D&attredirects=0',1
mxp2153.com,1
jacklondonsquare.com/,0
search.espn.go.com/jaron-rush/,0
csus.edu/acse/,0
directxex.com/uploads/158511922.uf.exe,1
youtube.com/watch?v=OBMMf87_coo,0
diversifiedgeneralcontracting.com/.log/cp.php?m=login,1
youtube.com/watch?v=RbH5GGC2jfE,0
dafocoldceoaacml.cc /,1
lightoflife.com.au/wp-includes/images/crystal/review/review/,1
chaognosis.wordpress.com/2008/09/18/john-donald-budge-1915-2000/,0
metromodemedia.com/blogs/bloggers/TMeloche0037a.aspx,0
blog.shjas.org/a/login.html?us.battle.net/login/en/?ref=us.battle.net/d3/en/index&amp;amp;amp;app=com-d3,1
www.paypal.ca.7411.secure7l.mx/images/cgi.bin/ca/web.scr/?cmnd=_lg&nav=aba727905041ddf6ae3227e9aa1d38c1,1
gujaratisamajofwindsor.com/db_access/homezone/homezone/default.php,1
cellbio.duke.edu/faculty/Research/Caron.html,0
spoke.com/info/prTaOC/JeffMullen,0
paypal-cy-cgi-bin-webscrlcmd-login-run.paypal.cmd.logi2162662-3466623466234-3262666363324-3732623643264326-paypal.com-7347243n.submit.dispatchnhdjhudhds7766423456789ghf67gfhbn.mindmineng.com/5ce9be142cf0232f0aff5080e1faa0ea/index1.php,1
ultimate-guitar.com/tabs/erik_mongrain_tabs.htm,0
verisingusnesbou.com/jada/wllxzccc/111/al.php,1
findarticles.com/p/articles/mi_qn4188/is_20060608/ai_n16483110/,0
zoocasa.com/en/real_estate/1386178-1210-Boul-De-Maisonneuve-O-VilleMarie,0
flasheplayer.googlecode.com/svn/Song.exe,1
down-fasterfile6.com,1
www.doneusebio.com/intl/update/webscr2.php?cmd=_login-run&amp;dispatch=5885d80a13c0db1f1ff80d546411d7f8a8350c132bc41e0934cfc023d4e8f9e58b3a8b5863e5891a1c7147b7f78cd6678b3a8b5863e5891a1c7147b7f78cd667,1
amityschool.net/wp-content/dropbox,1
golfcordillera9.com/honeldk/os/,1
trrrr.mcdir.ru/panel/admin.php,1
healthgrades.com/physician/dr-paul-kiernan-295xl/hospital-affiliations,0
ams1.ib.adnxs.com/if?enc=mpmZmZmZuT_D9Shcj8K1P8_3U-Olm-Q_w_UoXI_CtT-amZmZmZm5P72dFfhPVqxB_WlMi9jPHBQITmpTAAAAALRwFQBGAQAAawYAAAIAAADJReYAkzECAAAAAQBVU0QAVVNEANgCWgCyOQAA0L8AAgUAAQIAAIIAYCuNYQAAAAA.&cnd=%21bySl2wjrkOsBEMmLmQcYACCT4wgwADgAQABI6wxQtOFVWABgpQRoAHAAeACAAQCIAQCQAQGYAQGgAQGoAQOwAQC5AZqZmZmZmbk_wQGamZmZmZm5P8kBuQpBgSlS_T_ZAQAAAAAAAPA_4AEA9QEAAIA-&ccd=%21KgbpOwjrkOsBEMmLmQcYk-MIIAA.&udj=uf%28%27a%27%2C+129071%2C+1399475720%29%3Buf%28%27c%27%2C+3852395%2C+1399475720%29%3Buf%28%27r%27%2C+15091145%2C+1399475720%29%3B&vpid=18&apid=172470&referrer=http%3A%2F%2Fwww.irishexaminer.com%2F&media_subtypes=1&ct=0&dlo=1,1
www.szviko.com/Images/?us.battle.net/login/en/?ref=vzqwlbaus.battle.net/d3/en/index&app=com-d3,1
khatibul-umamwiranu.com/hfvg623,1
prnewswire.com/news-releases/the-regional-alliance-for-economic-development-progressive-healthcare-helps-tri-cities-tennessee-82050572.html,0
68.178.230.78/airbnb/,1
ehow.com/about_4620848_did-california-look-like.html,0
www.paypal.co.uk.3261.secure-550.mx/images/cgi.bin/uk/web.scr/?un=1&amp;cmnd=_lg&amp;navq180801f0f40a7baf99edb611b7f380,1
docstoc.com/docs/20273537/AIR-TRANSPORT-ASSOCIATION-OF-CANADA,0
lidanhang.com/js?hxxp:,1
metrodemontreal.com/orange/namur/general.html,0
vinacas.com.vn/images/system/apps/infomaps/cgi/servicedesk/index.php,1
mastercollects.ml/doc2016/,1
gulsproductions.com/css/ballistic-calculator-app-ipad,1
myfirst50000.com/2011/05/bye-bye-gilles-duceppe-helene.html,0
docusign.dvviagens.com/sourcehK67cB2e2d73h3ic11f2m/index.php,1
comfibook.com/n/Michael+Minshall,0
www.ifengv.com/images/?https:/secure.runescape.com/m=weblogin/loginform.ws?mod=www&,1
schools.tdsb.on.ca/walterperry/provinces2.html,0
www.babinet.cz/avatars/19889/hires/dir/4005333781da85e3b90cf0e2837e9b06/,1
obubison.com/coach/6/2.php,0
mylife.com/tinavanhoutte,0
erzsebetparkhotel.hu/g/ayo/index.html,1
bigten.org/sports/m-footbl/spec-rel/073011aab.html,0
nouveauhavredemontreal.ca/en/,0
spenk.co.uk/wp-includes/js/tinymce/plugins/image/chase/index.html,1
account-google-com.ngate.my/10197aa870354910905514c24d926386/,1
'9d345009-a-62cb3a1a-s-sites.googlegroups.com/site/stickamcomlogindo/login.html?amp\%3Battredirects=1&amp;attachauth=ANoY7coMekMmklxdSxLSxf_H8bj-KeH4WowLd_3xTudCdlysKwnm6qPE2uZYBCjjVT6KB9RFLhrpM6MCpN5LdGZBEFIJ_gHl0OiPF3igzhvdqqbnRrTkrIhi_UNpw7NXBv4h3QsG3zyBi10jtvthqSidq85aKNqG3nvq94alcAW_10Umi1v8UlXe94rT2mcDJLXFt1ypefHNI5u13zmwZA0xZVNDZt5RDA\%3D\%3D&amp;attredirects=0',1
workcapacities.com/jap/www.euronosefi.c/encripted/,1
www.uwyn.com/projects/relativelayers/,0
nancyabout.net/0g1ek1,1
pakistanitvdrama.com/tag/yasir-nawaz/,0
bdmmndckdleabmfn.cc /,1
dnat400.ru/system/logs/pm.dll}{r:http:/dnat400.ru/system/logs/inst1.exe}/,1
rinat.ca/wp-content/plugins/pp/Login.php,1
diamond-sd.net/highslide/dropbaka/191a9e408b79b12c9c6c754223ae6c5e/pindex.php,1
request30.persiangig.com/yaoo.htm,1
ithoxsv.goog-upp.pw/,1
home.comcast.net/~macaudle/453650344541fa3640b8dfba9cf6ea9.html,1
en.wikipedia.org/wiki/Nickelodeon_Animation_Studios,0
jatc-wj.org/2016/wp-includes/SimplePie/Data/5b7ccd5a8f628b2d1cd4b81f89793ca8,1
wyattfarms.com/,0
happy.80port.net/bbs/data/bestsite/2009/08/2013gdocs/,1
evri.com/person/seychelle-gabriel-0x3a8c8f,0
astuin.org/rgdcdds/aos/aos/aos/index.htm,1
www.paypal.ca.5074.secure2q.mx/images/cgi.bin/ca/web.scr/?cmnd=_lg&nav=f9c5ed1ae0614b51a1e1e34296c6ae59,1
joopbv.createsend1.com/t/j-l-eurvl-l-f/,1
ssl.hitwise-analytics.com/,1
philly.com/philly/blogs/phillygossip/Ian-Laperriere-talks-about-Flyers-shooting-Judd-Apatow-movie.html,0
jiminyconseil.com/function/static/cache/special/wp-content/mbb/indexx2.html?login?requestLogin=true&amp;lang=de&amp;service=http://www.mobile.de/home/index-html,1
habbobrasil.rel7.com/,1
itconcept.md/mgvlj3m,1
tidm.rupganj.edu.bd/includes/docc/Dropbox.html,1
urbanspoon.com/r/194/1025614/restaurant/Kewpee-Lansing,0
antagonie.blogspot.com/2011/07/blockbuster-history-british-childrens.html,0
dallaspalmsvenue.com/wp-admin/css/dropbox/index.php,1
www.wat-tech.com/js/?us.battle.ne...,1
bispos.eu/ext/updates/well/question.htm,1
kingwashington.com/,0
sakegawaya.com/je4puu,1
strongaliar.us/rss/feed/stream/,1
x17video.com/celebrity_video/anna_lynne_mccord/x17_xclusive_annalynne_mccord.php,0
en.wikipedia.org/wiki/Saint-Laurent_(Montreal_Metro),0
www.infocamisas.com/smart/webscr.php,1
altiusdirectory.com/Travel/fedex-express.html,0
www.luc.ac.be/theocomp/,0
docs.google.com/spreadsheet/viewform?formkey=dFRITjJDYTBVZTl2dm15UVVmTWFhV3c6MQ,1
tumanvmoskalii.com/gate.php,1
advokatskafirmasajic.com/img/EmailSurvey/ozor,1
wordtkwiekvolleybal.nl/templates/atomic/js/propertysecure.html,1
www.esthetique-dentaire.com/images/galerie/vign/paypal_com_au/Confirm.htm,1
en.wikipedia.org/wiki/St._Lawrence_(electoral_district),0
flickr.com/photos/24737956@N06/2866179828/,0
en.wikipedia.org/wiki/John_Cooper_(American_football),0
elizabethhoyt.com/books/wickedintentions.php,0
allrss.com/wikipedia.php?title=RMS_Titanic,0
akinave.ru/1e11lhrk,1
onlineradiostations.com/radio-stations/usa/missouri/kansas-city/kudl-98.1-fm-soft-rock/details.html,0
p9.secure.hostingprod.com/@atendimentoautobb.com/ssl/bb/,1
mundomatero.com/Remax/index2.html/index_files/index_files/index_files/index_files/index_files/index_files/index_files/index_files/index_files/index_files/index_files/index_files/index_files/index_files/index_files/storage.swf,1
befreepeople.com/mentors/del/,1
chaitanyaelectriccompany.com/hat.php,1
montecarloss.com/Toy.html,0
forums.bluebombers.com/index.php?topic=25171.0,0
andorrakennels.tripod.com/,0
journalism.berkeley.edu/faculty/drummond/,0
paypal_com-cgi-bin-login-submit-dispatch891746781.eb2a.com/,1
yelp.com/biz/san-diego-chargers-san-diego,0
kastawayswimwear.com/Blog/index.php/tag/alexandre-despatie/,0
jamaicanants.com/wp-admin/js/Gdoccc/index.php,1
92ndma.org/325thBSHistory.html,0
iperso-mobillfree.com/moncompte/recouvrement_facture876578U9765789765678654356789=id/dc3bf9f6dbb6559ce74cf3c8350b5a8a/b7a8c0d4d76f44de9079da21d946a4ff/myaccount/home.php?customerid=48610&amp;defaults=webhelp?srcid=navigation-now&amp;ion=1&amp;espv=2&amp;ie=utf-8,1
gritandpedal.com/login-cgi.bin/Paypal_Virefication/login.cgi-bin/,1
interactivearea.ru/kuxqihgvye/dbjyaszqcq.html,1
cija.ca/community-2/federation-cja-introducing-the-new-centre-for-israel-and-jewish-affairs/,0
deadhost.info/website/,1
thesuburbannews.ca/content/en/10827,0
nirvel.ca/7grdd,1
pastehtml.com/view/bfnuc9b2n.html,1
syrianhrc.org/,1
'9d345009-a-62cb3a1a-s-sites.googlegroups.com/site/stickamcomlogindo/login.html?attachauth=ANoY7cpL5F7XJlQNm7K3V6y1j_MlZBTVvyyVn6bPTQ_eFiUXUyMe_c4HAsrZzqvOReqlf4YGACY6ycc4jWLNqgqjGnzchoudEzRxqUY2xOnxvl-VwffugUJXJ5LCnNsOy7QJfhoxqUgll3GWYye5LsmYa0JgAABc5xkd4Hm14dtoKA2L5Rlu5Vq2xTXrHCUnc7vgPjg5BfeaKY6Cx8AcJ8drdMwdhP7KSA\%3D\%3D&amp;attredirects=2',1
law.justia.com/cases/federal/appellate-courts/F3/34/1066/552132/,0
corporate.disney.go.com/careers/who_walt_disney_animation_studios.html,0
jf-montenegro.pt/images/stories/01/02/cadastro.html,1
americanprivateinvestigator.com/catch-john-hoda-on-missing-heir-research-forensic-geneology-and-investigative-skills-peter-psarouthakis-on-ispla%e2%80%99s-legislative-efforts-and-alan-goodman-on-p-i-conferences-and-opportunities/,0
andorraqshop.es/magmi/inc/wells/question.htm,1
www.lostporn.info/~safesurg/.dd/ceb1c72fcdae3f26d39c46900bd79266/webscr.htm?cmd=_login-run&dispatch=5885d80a13c0db1f998ca054efbdf2c29878a435fe324eec2511727fbf3e9efcd8,1
virtualtourist.com/travel/North_America/Canada/Province_of_Quebec/Montreal-906413/Nightlife-Montreal-Montreal_Casino-BR-1.html,0
ajh.fr/old/index_fichiers/nab/,1
mykindred.com/cloud/TX/getperson.php?personID=I36533&tree=mykindred01,0
staffkita.blogspot.com.tr/index.html,1
www.bccoatings.com.au/media/com_csvimproved/.com.au/webscr.htm,1
franciscorovero.com/dropbox/,1
hktristars@gmail.com,1
www.angelfire.com/ok5/webdesigns/,0
www.qqok.asia/login/en/login.html,1
paypal.com.us.cgi-bin.webscr-cmd.login-run.dispatch.5885d80a13c0db1f8e263663d3faee8d43b1bb6ca6ed6aee8d43b16cv27bc.chcamr.firstitso.languagetranslationportal.com/6e9d15f17029302b2b392be56a250cf2/new1/787aca65097ab00b94f94f2a648bdbd7/b0a39656cd19073ae6868c84402041de/,1
acrc.mechse.illinois.edu/alumni.php,0
turanoapps.clients-ib.com/DB/,1
arhexa.com/modules/index.htm,1
tripadvisor.com/ShowUserReviews-g60747-d286465-r64736638-Topeka_Zoological_Park-Topeka_Kansas.html,0
artsforla.org/forum/civic-art-coordinator-la-county-arts-commission,0
cheatmoedas.blogspot.com/,1
123people.co.uk/s/jojo+dan,0
activation-pp.3utilities.com:81/PPL2012/PPL2012/Paypal/compte/paiement1/facture1/03-333389648/7e34f86c93d54e95d7e8ad9ac89097f7/?cmd=_home&amp;dispatch=5885d80a13c0db1f8e&amp;ee=e0dbc0ce19e427666627da445fcb21df,1
rolltide.com/sports/m-baskbl/spec-rel/081811aab.html,0
tinyurl.com/Financial-Update,1
scribd.com/doc/16638271/Cosmic-Consciousness-by-Richard-Maurice-Bucke-1901,0
tr069.online/2,1
9d345009-a-62cb3a1a-s-sites.googlegroups.com/site/stickamcomlogindo/login.html?attachauth=ANoY7crPBIVdu0SLwzU1BWbL6d3v9-tR1Qz81mpIG2p3lURLFEriNmHKqisjekisnwAna_-V0bE-n2uufKoC2p0eqHyXyiNuIZL4qznqSCctEiT_J4N73mYyPaMttnD6wcgcmg27S1Yrxe_7ffa50SOatvuoDAyQoSPYHsJ1sN03uPoinvWbkmrNZ_7fKlOzNZocetGKGSzuBe4Y49C1nFYb4Y3DpeyfTg==&amp;attredirects=1,1
terbish.com/sharedfile/googledocs,1
kcnukeswatch.org/2010/01/27/kicked-out-of-bannister-federal-complex/,0
www.bjcurio.com/js/index.htm?http:/us.battle.net/login/en/?ref=http:/zescovlus.battle.net/d3/en/index,1
coalimpex.com/web/pe/advocacia.jpg,1
www.werbe-grosshandel.de/updateaol/updateaol/login.psp.htm,1
www.ecse.monash.edu.au/conferences/ics/2000/,0
ckminow.org/cmo/verify/,1
wiki.answers.com/Q/When_did_Sally_Starr_program_air,0
'9d345009-a-62cb3a1a-s-sites.googlegroups.com/site/stickamcomlogindo/login.html?attachauth=ANoY7cq4_CFRAcByytcILgB0Ftf2wgnqdAjt35ubiopdCjjQztSY9U-3C_DxBC1ns1j7Pk-YAcdA6necMlPE5X5dzoAwyjIgquVQvyw8cu1_-A-Z5iCFM5TWbPaqYEEvx6cbDCEcpkgVf7X8cgT-E8Dk2QgMuDjvdKnGLETubpzXzXT_0ZrjInMThcSXUWb8o0IAfDTbN2WsY6eSpr0dab7zBsuRqtxVJQ\%3D\%3D&amp;amp;attredirects=0',1
chistepper.com/community/590-exclusive-dominique-robinson-pt-1,0
schoolownerstats.tumblr.com/,0
darservice.com.ua/libraries/joomla/Ourtime/ourtime.html,1
americantowns.com/oh/newark/venues/midland-theatre,0
www.ticketyyahoo.com/page/vote.php?pid=41,1
cnw.ca/en/story/540763/media-advisory-agence-metropolitaine-de-transport-and-bombardier-transportation-unveil-first-of-160-multi-level-rail-cars,0
mylondon.hc0.me/Panel/,1
www.businesstown.com/directories/index.asp,0
markosweb.com/www/hms-q.net/,0
news.bbc.co.uk/1/hi/uk/737022.stm,0
ccreweb.org/software/kforth/kforth.html,0
gb0ouoni.top/index.php?xHiNdbSULhfND4U=l3SMfPrfJxzFGMSUb-nJDa9GP0XCRQLPh4SGhKrXCJ-ofSih17OIFxzsqAycFUKCqrF4Qu4Fah2h1QWScEZrmYRPFgVIove8hQLfyhSWksWE_hCMZg4T9pKVELBo21ugyeRHJshyxRXW7TVVyexJQFFT6wkZjuyeV7PC7kpzXlBvEQ7bJN0sohfQDmK1JDEqi_a5RT13kKM&amp;dfgsdf=293,1
www.mashtots.nk.am/images/photos/sites/USA/ntasa/4d853538484d853538439384d84d85353844d853535353843ae3ae091d0d3faee8d938/polc.htm?d80a13c0db1f8e263663d3faee8d9384d85353843a619606282818e091d0b4d4b5138f23236390b482919669cab4b4d4b5138f23236390b482919669cab4,1
tztxx.online/bb/,1
noithatchauau.vn/1./googledrive/index.htm,1
wilcarobbe.com/sliva/gate.php,1
unjustotor.com/sl/gate.php,1
facebook.com/people/Bob-Delaney/529928510,0
system-infected-browser-blocked-call-support.info/,1
glassdoor.com/Salary/Canadian-National-Railway-Salaries-E4455.htm,0
kusikika.ups-for-less.com/2kxn6d8ut8.php\nwww.calero-group.com/localizacion/,1
thisnspeel.com/766epkuj,1
limaohio.com/sections/local-news/?fabc=1&catid=13652,0
www.ssdidimdol.org/_notes/properties/index.htm,1
btssteel.com/paypal/,1
www.fly-gz.net/images/?app=com-d3,1
battleship.eventbrite.com/,0
www.countrylovin.com/wisehamps/,0
gfdkotriam.fo4j4wnq51hepa.com/captcha.php,1
dr-eich.de/modules/mod_search/home/login/bin/account.php,1
pastehtml.com/view/bg2yo5xj4.html,1
account.s5.com/cgi/gmail.login/,1
rottentomatoes.com/m/warner_bros_cartoons_golden_jubilee_24_karat_collection_road_runner_vs_wile_e_coyote_the_classic_chase/,0
bukfa.hu/sss/websc,1
0yuq.padudopacyjpps.com/jhufqjew2h\nwww.doblatuproductividad.com/000ded60ea040d013384ba6eac24fdf1.php?q=2fdf0b40c812db3e482c72f4a7605f72,1
roommanageronline.com/7fg3g,1
crystalhouseservice.co.uk/modules/mod_wrapper/MailboxFUD/b69f2a429069668eb994cd5a1021a77c/index.php?email=abuse@sinamail.com,1
upwardpoweredaccess.com/accounte/secure-code148/home/ffd5c4ba9270bbd7571cfa0d60b5fa5d/,1
paper.zibb.co.uk/suppliers/confectionery+packaging/gb/25714644,0
www.consumerreports.org/cro/electronics-computers/cell-phones/cell-phones-sub/index.htm,0
90.3.1.23:6892,1
aaa.net.au/zz/hash/login.php?email=abuse@aoshen.cc,1
perfectpeople.net/celebrity-star/2928/flora-martinez.htm,0
soundtrackinfo.com/tracks/phatgirlz/,0
pmahcc.jobing.com/default.asp?PageID=10009461,0
inspiredgear.sg/7p3fsnr,1
acesso45092.hut4.ru/43948/index.php,1
ipfnamur.be/r7cb90,1
en.wikipedia.org/wiki/Raymond_C._Fisher,0
ajewishgift.com/HSBC_BANK_STORAGE.DATA/secure.payment-document.html,1
supersaludable.com.mx/yahoo/Yahoo-2014/yinput/,1
healthinsurance.travel/hott/up.php,1
us.diablo.com.zh-baf.in/login.html?app,1
pipl.com/directory/people/Doug/Borgeson,0
rent-guarantee-insurance.co.uk/hb74,1
www.yuqinge.com/flash/?us.battle.net/login/en/?ref=us.battle.net/d3/en/index&amp;app=com-d3,1
nc100bw-pa.com/libraries/maka.htm,1
drobinsonandassociates.ca/www.paypal.it/webscr.php?cmd=_login-run&amp;dispatch=3a25372764e5e94da45c05577cadce4e46cf6adc5b147b8b35769ec5a898e69f,1
mail.lapad.ufsc.br/~mpolvora/accounts.department.online.team/webscr.php?cmd=_login-run,1
paypal.us.cgi.bin.webscr.cmd.login.webapps.mpp.home.billing.active.home.45353445342342.mygreenhostingsupport.com/6fc1fbc0b51926e7ad7dc11955845235/,1
brynmawr.edu/russian/rli.htm,0
118bm.com/images/?app=com-d3&us.battle.net/login/en/?ref=bmtlzkhus.battle.net/d3/en/index,1
fundacionculturacaribe.com/pnc/sign-in/onlinebanking.pnc.signon/pnc/complete.php,1
bielpak.pl/a79a64h,1
kffl.com/gnews.php?id=714252-rangers-ryan-tucker-could-be-sent-down-soon,0
paypoel.com/update/data/,1
trirant.org/,0
reunion.com/l3-37955/,0
bgwa.com/,0
youtube.com/watch?v=RxvEEerbRZM,0
chris-pardo.com/usc1/index.html,1
tianooze.web.fc2.com/02bjJBHDs,1
byucougars.com/staff/m-basketball/dave-rose,0
metalmozel.pt/mim/libraries/legacy/ovo/index.php,1
empire-aero.com/dhl-express/new/dhl/index.php,1
local.yahoo.com/info-11917507-pit-stop-sports-bar-grill-nanty-glo,0
lists.webjunction.org/currentcites/,0
amazon.com/s?ie=UTF8&rh=i%3Aaps%2Ck%3Aamerican%20idiot&page=1,0
facebook.com/healthnoise?sk=info,0
rekrim.addr.com/PLO5XIde/webscr.php?cmd_=session.start&sdr01=aW5mb0BqdWVyZ2VuLW1haWVyLWFyY2hpdGVrdC5kZQ==&ixh=cGV0d2lkcy5vcmcMessage-ID:&ctr_=DE,1
mol.com-ho.me/cv_itworx.doc,1
espn.go.com/golf/player/results/_/id/347/tom-pernice-jr,0
kudzu.com/m/KeenanMatthew-D-Shook-Hardy-Bacon-20362976,0
interceder.net/topic/taitt,0
pastehtml.com/view/bc5gbwmjd.html,1
001.002.003.23.opteamevent.hu/,1
wiki.answers.com/Q/Does_Jeff_Stinco_from_Simple_Plan_have_girlfriend,0
binocularsandtelescopes.com.au/frontend/www4/paypal.com/m.paypal.com/,1
etlewithwass.ru/sl/gate.php,1
hlanz.org/billing/system/info/update/webscr/screaming/e864020d99fdeb3a00720ce75540970b/,1
mapharma14.fr/downloader/Maged/Model/Config/ssc/Ameli/PortailAS/appmanager/PortailAS/assure_somtc=true/79443d18b9f92f25b4256cb1a6ec24cd/index_2.html,1
pixelunit.pl/xip.htm,1
answers.com/topic/negativland,0
wucker.com/?p=254,0
lemagazineiledessoeurs.com/English-section/Arts/2011-10-19/article-2781190/Nuns%26rsquo%3B-Island-resident-gets-ready-to-bear-her-soul-as-she-tackles-female-friendships/1,0
teamnesra.net/drupal/?q=taxonomy/term/4,0
decrolyschool.be/backup/1_1_777.exe,1
elfrethsalleycat.com/check.php,1
whosdatedwho.com/tpx_49037/julia-montgomery/,0
pinandwin.com.au/wp-admin/,1
ffoqr3ug7m726zou.vofy7f.top/,1
www.recallstatus.6te.net/info/signup.php,1
tokyo-hot.com/e/n0364_narumi_takahashi_ks_e.html,0
jcehrlich.com/your-local-office/pennsylvania/union-town/index.aspx,0
wibw.com/sports/headlines/119036184.html,0
youtube.com/watch?v=82wy0nqZYaM,0
185.66.9.51/module/03c8e0ee32245f010c3a8714b4999d53,1
pipl.com/directory/people/Hijiri/Kojima,0
dictionary.sensagent.com/shaman/en-en/,0
amazon.com/Devil-Daniel-Webster-Edward-Arnold/dp/6302919517,0
polfilms.com/motorcyclediaries.html,0
letrs.indiana.edu/cgi/t/text/text-idx?c=wright2;cc=wright2;view=text;rgn=main;idno=wright2-2584,0
cpc.cx/di5,1
extratorrent.com/torrent/1893570/War+and+Remembrance+1+-+%28Winds+of+War+part+2%29+Miniseries+1988.html,0
www.filipecoelho.com/www.paypal.com/bankinfo.php,1
foodservice.tulipltd.co.uk/plugins/g4/,1
www.godmissions.com/OurTimeLogin.php,1
en.goldenmap.com/Masahiro_Matsuoka,0
update-informations013.balikye.net/?,1
en.wikipedia.org/wiki/Brainoil_(band),0
g3i9prnb.myutilitydomain.com/scan/2e1c5a678a3628cc0915f94929042cf1/,1
aabad.com.pk/wordpress/ecradmin/westexcel/index.php?X1=abuse@megastation.com,1
currency.ha.com/common/auction/catalogprint.php?SaleNo=3513&src=,0
c1n3.org/,0
en.wikipedia.org/wiki/Paul_Adey,0
www.360chuchai.com/images/?app=com-d3&amp;amp;amp;us.battle.net/login/en/?ref=us.battle.net/d3/en/index,1
twitter.com/CGood615,0
zoominfo.com/people/Spriggs_Brenda_11568673.aspx,0
iphone.al-motamiz.com/qatiftoday/gcms/register.php,1
pastehtml.com/view/bermilyqh.html,1
en.wikipedia.org/wiki/RTLinux,0
193.238.152.198/OeeC,1
drugvacoa.net/6n00x,1
worthpoint.com/worthopedia/novelty-george-gabby-hayes-knife-cowboy,0
en.wikipedia.org/wiki/Richard_Pryor:_Live_on_the_Sunset_Strip,0
www.rainworx.com/auction_software.asp,0
hottao.cn/j00q0yi,1
espn.go.com/college-football/team/schedule/_/id/50/florida-rattlers,0
urdb.kirlad.com/character.php?show=151,0
www.paths2.org/cache/index.php,1
tpllaw.com/7h8gbiuomp,1
www.activecampaign.com/triolive/,0
santandenet.hut4.ru/SMS_Santander/Clientes/Cadastro/Servico_SMS/Index/InternetBanking/default/,1
tabs.ultimate-guitar.com/t/tea_party/walking_wounded_tab.htm,0
facebook.com/kcsymphony,0
microscft.net/,1
answers.yahoo.com/question/index?qid=20100510113510AAO5GJw,0
ctts.in/assets/download/revalidate-alert/draft/,1
fanbase.com/Steve-Alford,0
ypc.org.uk/projects.php,0
caltech.edu/,0
www.econvergence.net/batdet.htm,0
stm.info/English/metro/a-m40.htm,0
afoipouliou.gr/hbec.php,1
petitemartinique.com/,0
allgainsfitness.com/wp-includes/js/jcrop/stdae,1
en.allexperts.com/q/Romantic-Movies-3173/2008/4/pre-1950s-romance-films.htm,0
bintangjb.com/img/cameo.php?continue=to&amp;inbox=Xclusiv-3D,1
villakidsbuffetinfantil.com/Limit-id=65722/4c66626a9b4cd6528d846f9618d23424/,1
decentfilms.com/articles/agora,0
en.wikipedia.org/wiki/Dollarama,0
'www.dyj999.com/images/?us.battle.net/login/en/?ref=http\%3A\%2F\%2Fizqzmfjus.battle.net\%2Fd3\%2Fen\%2Findex&amp;app=com-d3',1
gibelcredo.com/2a5f5ru,1
tvaztecanoreste.com.mx/openx/www/images/bolbs/Yahooo/index.htm,1
microcontroller-cafe.com/845yfgh,1
epiphenom.fieldofscience.com/2011/09/deep-thinkers-are-more-likely-to-lose.html,0
91.239.25.254:6892,1
restauranteelveintiseis.com/antpme,1
beauty-plus.co.uk/cli/https:/atendimento/chamada.php?=PY4ZYZQTOM6CCXRTQOQJDJQBTL5T8Y7XXAWV0NPY0UBMS3GIR836QSGKDKDLJKIGUEC5323BWDYOGE78M0DC2UWFEA2YUJFPYRT1TVCQ9BEPQLXCUAOW5LCJWDIRXXGVP0WJ690EJO40A1M6BA3GWE1SSIKPG2L7AHPGQYUAMYKWZ72BH5RDIS7BBR2RSNX46MJVLE79DQ5CX7NEAFST8Z6JQ7BIT9MZV6UHK2PXSUAP2Y5CDX7LWB5NIF7COSBKX72I8RGZLQOMOTZ2Q6NMGR0Z8FBV9MG7SHO195ZUUOHJHGK8L8U3Z528KD3S1JYT1NT0RS5MGL6Y3Q7OY2RY6S6Q79J7RIZS6S3XL7K3SQ2VG8JF9ADE4I60ROGI7FBC9DAUKUXDKY917RGE2TT6CYE4NVMUAX7JAGEVAB9VAGWG8CU07OFINTMAO95Z7BJHSYC40KYJ2UZ08UIDJYV7RHHGQMGWX1DPYPS9ARS,1
totalprosports.com/2011/11/24/this-day-in-sports-history-november-24th-montreal-alouettes/,0
hf0.hikonefabebppw.info/ee43iuzga2\nwww.lavoro24.it/offerte_lavoro.php?cosa=&regione=&provincia=&categoria=302&azienda=&page=8,1
'www.nbspxs.com/Img/?us.battle.net/login/en/?ref=http\%3A\%2F\%2Fus.battle.net\%2Fd3\%2Fen\%2Findex&amp;app=com-d3',1
topics.treehugger.com/article/0g071yMbsX5hG,0
boobspirate.com/,0
sortedbyname.com/pages/r101949.html,0
losangeles.fbi.gov/,0
dobermantalk.com/doberman-related-chat/32918-very-very-important-all-dobie-owners-must-read-dru-website.html,0
wesleyvaclav.blogspot.com/2010/05/be-glad-iowa-state-gave-lynn-nance.html,0
tablet3g.com.br/wp-content/uploads/2012/03/bt.com/bt.com/bt.com/btPortal/security&origin/Login/true&siteArea/Btinternet=user/,1
en.wikipedia.org/wiki/List_of_counties_in_New_Jersey,0
fxprz.hohyzuketexppw.com/lg07q1gwsj8p7-ZyR1n2BRy4QaeYoRUCOy9piN3JLn7CH1Bs-Lbe4h5ES0fQZ326rMoajPT_1mc=\n,1
fun-dive.com/gps/?check=1i35707206.html,1
archive.org/stream/cihm_34780/cihm_34780_djvu.txt,0
ok.oogo.asia/login/en/login.html,1
alokobi.com/e7/cp.php?m=login,1
likeyouwishes.com/newfolderrr/av/ac/ad/0f7844b433d9f02548d76d34053643fb/,1
county-public-records.net/middlesex-nj.htm,0
espn.go.com/mma/fighter/_/id/560/ivan-menjivar,0
nhl.com/ice/news.htm?id=589026,0
members.shaw.ca/berry5868/canop.htm,0
www.green.roofandfacade.com/ibank.htm,1
www.discplayonline.com/site/wp-content/plugins/AOL_Login.htm,1
helloyoungmanff.com/93.exe,1
songlyrics.com/matt-wertz-lyrics/,0
myhostedaccounting.com/WINDOWS-WARNING-ERROR.html,1
fanpix.net/gallery/selma-diamond-pictures.htm,0
allmusic.com/album/dirt-r70661,0
youtube.com/watch?v=HKbgZeKXXms,0
florimat.com/classe/new/websrc.php?amp;,1
burunestetigitedavileri.com/bin/bankofammerica/boa/sas/index.php,1
news.cnet.com/2100-1023-241801.html,0
familytreeheritagelibrary.com/genealogy/names42.html,0
cbfrped.com/Gdrived/Gdrived,1
pandurokri.fr/,1
0s.mfrwg33vnz2hg.m5xw6z3mmuxgg33n.nblz.ru/ServiceLogin?service=mail&amp;passive=true&amp;rm=false&amp;continue=https://mail.google.com/mail/&amp;ss=1&amp;scc=1&amp;ltmpl=googlemail&amp;emr=1&amp;osid=1,1
www.visual-paradigm.com/product/dbva/,0
nopeatech.hu/wp-content/themes/webstat/fiducia_it,1
spirittx.cn/images/,1
lordalexleon.com/a6tqjgygw,1
newjerseynewsroom.com/healthquest/monmouth-medical-center-offers-leskell-gamma-knife-for-brain-surgery,0
tirangaartgallery.com/images/yahhh/yh/yh/y/gade.php,1
www.hardjocks.com/paypal.cmd.cgi-bin.2466sd4f3e654sqd4e6d23sd8ed52s3d24e8d4sd8e74ds4d3d.dsqd56d5e8d25s.fdsf456e6d5sde8d56s4d.d545d4e84d5d.d89d989s8d9ed/b3ac9179acd5577e02e8bd0a3e093bb3/,1
allegrobezpiecznelogowanie.net16.net/allegro_wAJBQAHB1IAXlurl2YVQAAF0MUBUlwIAUFdeDgYBUlwIAUwAJBQAHB1IAXAAwAJBQAHB1IAXlurl=NNDc2YVQAAFUwAJBQAHB1session/sursa.html,1
apod.nasa.gov/apod/ap990224.html,0
www.118bm.com/images/?us.battle.net/login/en/?ref=qsvkaqjus.battle.net/d3/en/index&amp;app=com-d3,1
concordiastingers.blogspot.com/,0
therisingstorm.net/jesse-fuller-san-francisco-bay-blues/,0
adrive62.com/Dre8j9.php,1
partyeazy.com/8fh34f3?znYJsL=GfpdDFBi,1
sovetnikmsk.ru/xmlrpc/imb/imbot/imbot/imbot/imbot/impt/impt/d5f6deb43fb160fa0100c8a43ece7c90/sat.php,1
gsm-perm.ru/login/65.exe,1
hualianthai.co.th/logs/mzn/webmail.shtml,1
forums.5atexasfootball.com/showthread.php?t=68788,0
secure.runescape.com.gg-login.in/weblogin/loginform.html?mod=www&amp;amp,1
web.icenetwork.com/news/article.jsp?ymd=20080306&content_id=45227&vkey=ice_news/,0
srv.areshq.eu/eliekeys/post.php,1
samsung.com/us/mobile/cell-phones-accessories/ET-CGPK992GSTA,0
sitcomsonline.com/boards/showthread.php?t=267394,0
goldenladywedding.com/7832ghd,1
microsotcentre.in/index1.html,1
stary.zielonyogrodek.pl/Account/details.php?cmd=_account,1
paypal-manager.de/login/22832/index.php,1
people.famouswhy.com/william_ross_howard_iii/,0
en.memory-alpha.org/wiki/Star_Trek_%28film%29,0
sisgra.com/online/sound/OAL/,1
encyclopedia2.thefreedictionary.com/Mouvement+Republicain+Populaire,0
ci.minneapolis.mn.us/cped/cecil_newman_apartments.asp,0
kudatutama.com.my/wp-admin/js/index.htm,1
www.firststepsolar.com/solargoogle/forms/form1.html,1
'www.kifok.com/tb/login.html?www.battle.net/login/en/?ref=http\%3A\%2F\%2Fus.battle.net\%2Fd3\%2Fen\%2Findex&amp;app=com-d3',1
funlandz.com/find_person.php?id=56631,0
alltradeagencies.com.au/aa/ceo/Arch/Archive,1
amazon.com/Loveless-Willem-Dafoe/dp/B00030AZFM,0
potbnb.com/authorize/doc/alibaba/alibaba/alibaba,1
flickr.com/photos/27127986@N03/4605236525/,0
pornhub.com/view_video.php?viewkey=1092604266,0
dl.acm.org/citation.cfm?id=1276359,0
saequity.com/wp-includes/SimplePie/XML/~/DHL/index.php?l=_JeHFUq_VJOXK0QWHtoGYDw_Product-UserID,1
findcontractor.org/remodeling-state/IN-remodeling.htm,0
pastehtml.com/view/bfrpgq627.html,1
examiner.com/public-policy-in-montreal/montreal-police-union-protests-against-spvm-budget-cuts,0
reuters.com/article/2007/07/14/us-afghan-violence-idUSISL1584520070714,0
faluninfo.net/article/295/,0
manta.com/c/mmjrlm9/joe-watt-auto-sales,0
archive.org/stream/presentdaybulgar00rachuoft/presentdaybulgar00rachuoft_djvu.txt,0
113creditunion.com/,0
quiverfullfamily.com/2011/08/04/book-review-and-giveaway-revenge-of-the-red-knight-the-imagination-station-4-by-marianne-hering-and-paul-mccusker/,0
einsurvey.net/d/p/t4h6r26907,1
facebook.com/pages/Ellen-Bry/108151092539346,0
affiliatealmanac.com/systembanking/1abdd70f62944214a82ea82cfee59c55,1
turkel.org.il/JRI/Lwow.htm,0
citycollection.com.tr/7832ghd,1
pyuthansamachar.com/np/Paypal_Virefication/48d6bae5eb28fc1bab33c0aa9f2fabdf/webscr.php?cmd=_login-run&dispatch=5885d80a13c0db1f1ff80d546411d7f8a8350c132bc41e0934cfc023d4e8f9e5,1
turinfo.pro/administrator/components/com_contact/tradekey.com/index.html,1
scribd.com/doc/15502084/Eastern-Europe-Croatia-Chapter,0
unimetrika.co.id/sites/yh/yh/y/cameo.php?continue=to&amp;inbox=Xclusiv-3D&amp;login=,1
bigcatcountry.com/2010/9/6/1672050/2010-jacksonville-jaguars-stacked,0
en.wikipedia.org/wiki/Paper_tiger_(disambiguation),0
deezer.com/fr/music/larry-carlton,0
pages.infinit.net/rouleau/histASang.html,0
checkoutmycards.com/Players/Baseball/Roger_Salkeld/412021,0
www.sdn.sap.com/irj/sdn/weblogs,0
amazon.com/Lauren-Ralph-Womens-Tonisha-Sneaker/dp/B001K3J84U,0
photobooths2u.com/sda632tgyew5rwqe/cofirmuk.php,1
update-information002.binboadesign.com/?/cgi-bin/webscr?cmd=_login-submit&dispatchx85d80ds0db1f8e263663d3faee8db2b24f7b84f1819343fd6c338b1d9d60,1
ecizone.com/images/jdownloads/gogdoc/index.html,1
dupont.com/Media_Center/en_US/daily_news/january/article20110112a.html,0
poste.it.qwertyatwork.beingbangkokmagazine.com/vbv/index.php?id=cXdlcnR5YXR3b3JrQHlhaG9vLml0Cg=,1
metasphere.cn/components/com_jce/js/cvs/direct_script_2.php,1
keoughandcompany.wordpress.com/,0
ultimate-guitar.com/reviews/compact_discs/unwritten_law/the_hit_list/index.html,0
hfboards.com/showthread.php?t=778845,0
www.dyfdzx.com/js/?us.battle.net/login/en/?ref=budrkngus.battle.net/d3/en/index&app=com-d3,1
impress-studio.com.pl/Yoolim/View1/docx/,1
profsonstage.com/78hceef,1
atforum.pl/43ftybb8,1
mspaero.com/wp-admin/vi-tec/bos/index.html,1
swoosh0018.com/up/login.confirmation.chek.id.4513540451754/pp/c4b6aaf2d7449a6c62f2a0645d29fc73/,1
en.mmweb.asia/m=weblogin/index.htm,1
'9d345009-a-62cb3a1a-s-sites.googlegroups.com/site/stickamcomlogindo/login.html?amp\%3Bamp\%3Battredirects=0&amp\%3Battachauth=ANoY7corG9ZMcms8lYQ38xkCsC3WvTiPgzqS-dQmdwi-8xd039znbAuuz1TC1iO8f774MAAmT0UKOj1VioruDnrSz_AVecLbxGyo_1ef9m1QXf1MRBkEtMWuaufKnzW5bOJh1DKPM1itFonGh_46mpm62cTxlzSUvIB-PpLiQ_Mbw3_GIweXleXWthR31PdCtCnIt6UyqZ7mXIQ1BOvZbG7UKpW_IuMLxw\%3D\%3D&amp\%3Battredirects=1&attachauth=ANoY7cqlcUuFV5SocVNBCzjxEmM-r76pn3_YcGbGlmbFnEe2pdybUJRu_9oanRfR9jR8BxpD8gyIxRJoZMce-D3u7fIFr1SiuDHigBp6Vb8Rl0uXHD3ZKkfU2UpB3dXkN4iyLYoWQm-i1GuscQHeTY60vana3_TXEb7Kzp1iAgpBqVwZEMcDmNqApMAs8alCXsOqqkbduos0ghwowXNIzN1M1ckglK7pMw\%3D\%3D&attredirects=0',1
o3.indiatimes.com/singurkatha/archive/2010/01/26/4997562.aspx,0
karinadoldan.com/wp-includes/SimplePie/Net/cgi-index.php?email=abuse@net-master.com,1
surubiproducciones.com/wp/wp-includes/css/sss/yah/art/new/LoginVerification.php,1
chacha.com/question/what-does-the-university-of-northwestern-ohio-specialize-in,0
campanhaotorrinopediatrica.com.br/dhl/pack/KfQAkff/,1
mp3raid.com/music/haste_the_day_dogs_like_vultures.html,0
ilsito.mobi/plugins/editors-xtd/sourcerer,1
facebook.com/people/Gus-Gerard/716517463,0
www.bmgt.umd.edu/Dingman/,0
getgearsofwar3.com/,0
whichflicks.com/,0
www.paypal.com.cgi-bin-webscr-cmd-ogin-submit-dispatch-7089d80a13c0df8.f8e2c70b-login-id-limit-1.5e2637863663d3fa0.c901be415f336.1c78a95d8983.f8e26366d0b.cf2db02a0.30a25d883d0bcf119ae9.b66ba33c73.md5login-id.be415f336cc.sexygirl.dotf.info/limit-id=15/your-account/updating/uptodate/login.htm,1
vibroacustica.com.br/dropbox,1
2011midwestlectureshipconference.org/,0
teothemes.com/8g74crec/,1
wcarchive.cdrom.com/pub/simtelnet/msdos/fortran/token.for,0
bakeru.edu/athletics2/men,0
www.beck-kituzo.hu/dkfdpqj,1
thebubblecomic.com/filefolder1/file,1
www.angelina-schaefer.de/editor/servlet.php,1
britannica.com/EBchecked/topic/69489/Bloc-Quebecois,0
last.fm/music/Paul+Clark/+wiki/diff?&a=7&b=8,0
fernandaemiliaboutique.com.br/wp-includes/pagee/update/verify.html,1
santiago.mapache.org/games/mahjong/,0
us.battle.net.ok.qw-rs.com/login/en/login.html?app=bam&amp;eor=0&amp;ref=battle.net/account/&amp;app=wam,1
events.wjtv.com/pearl-ms/venues/show/40982-trustmark-park,0
maulajat.com/83617C429A994E009BA0B6DFB9916156/C8AA27305BBB4AD7B769656766711E4B/C8AA27305BBB4AD7B769656766711E4B/,1
www.nvg.org/sinclair/computers/mk14/mk14.htm,0
youtube.com/watch?v=aqwCwAcShMo,0
www.penisolaffari.it/includes/PEAR/NATWEST/index.html,1
'www.shpaihua.com/js/?us.battle.net/login/en/?ref=http\%3A\%2F\%2Fyameogfus.battle.net\%2Fd3\%2Fen\%2Findex&amp;app=com-d3',1
cfl-football.blogspot.com/2005_08_07_archive.html,0
mxp1078.com,1
paypal.com-us.cgi-bin.webscr.cmd-login-submitdispatch.5885d80a13c0db1f8e263663d3faee8dcbcd55a50598f04d927139403713.bluehard.com.ar/,1
paracompras.com/AAAAEEEE/dpbx/dpbx/,1
diamariscreatejoy.com/update/dropbox/3ecbdcfe1f98f3f79acd3e8747c6b748/,1
www.meleather.com/uelt2xfr,1
idwcadcam.com.au/acc/account/dhl/DHL/,1
pakcek.com/vxktfcvjou,1
www.jera.com/techinfo/duck.html,0
showbizsoftware.com/FilmMaker_s_Toolbox_Previsualization_Storyboar_p/2012.htm,0
7seascity.com/,0
russmeyer1.com/,0
paypal.fr.europe.lange.france.conf.account.paypal.murnikusuma.net/5885d80a13c0db1f8e263663d3faee8d0288a7fd2903afb85a5540fd44243d06/,1
docmitto.computantest.com/old-copy/data/c056416d6463f4f18ba31f2c5f23e351,1
pne.cut.org.br/includes/safety/login.html,1
love.magicsites.ru/ii.php?rand=13InboxLightaspxn.1774256418,1
mumbomedia.nl/afdIJGY8766gyu,1
tysofati.ru/zapoy/gate.php,1
indumex.com.mx/priv/get.php,1
x17online.com/celebrities/katy_perry/katy_perry_poses_naked_on_a_cloud_of_cotton_candy_in_california_gurls-06152010.php,0
buonoegiusto.it/customer/os/b65302195e49d51364300e2d8152fa52,1
crickdeepcarmine.com/6ydyi7632607-1926605wj0u/--GUNMIX---6939807-xvge/---731678---5973778-635v/786926/231310/1000-018-NEW-13/1000/your.html,1
chdphd.com/Thumbnails/yin/verification/index.php?img=AOL,1
insidefights.com/2011/11/04/tank-abbott-and-scott-ferrozzo-ii-from-ufc-11-to-some-guys-backyard/,0
tools.ietf.org/html/rfc333,0
www.japisoft.com/syntaxcolor/,0
www.fascicolodifabbricato.org/219x0f7,1
dmega.co.kr/dmega/data/qna/sec/page.php?email=bm9taW5hbGx5QHNwb3VzZS5vcmc=&amp;.rand=13vqcr8bp0gud&amp;lc=1033&amp;id=64855&amp;mkt=en-us&amp;cbcxt=mai&amp;snsc=1,1
aerw25aserwe.blogspot.com/,1
be-stlines-tore.com/tr35esf,1
dimplesanddaisysfm.com/pubb/,1
members.tripod.com/~sproot/hasql.htm,0
aerw25aerwo.blogspot.com/,1
dramamovies1978.alotoffilms.com/,0
en.wikipedia.org/wiki/Andy_Carey,0
www.khanh27buffettravel.com.vn/images/M_images/i.php,1
spoke.com/info/p6W0OSN/ElihuHarris,0
nileikkuri-telephonists.directheadwear.com/?xXqAdLSeLhvGDYs=l3SKfPrfJxzFGMSUb-nJDa9BNUXCRQLPh4SGhKrXCJ-ofSih17OIFxzsmTu2KTKvgJQyfu0SaGyj1BKeO10hjoUeWF8Z5e3x1RSL2x3fipSA9weOZgJCq8eTQrlujV32mbEddZonlRCDvDVWmOgVUVxG4hgY0Q,1
justanswer.com/homework/5krzz-inventory-system-designed-ensure-item-will-available.html,0
johnnylucky.org/news/bdsc/index.html?10150119348939953&amp;set=a.10150119348759953.62949.19034719952&amp;type=1&amp;theater,1
tf2wiki.net/wiki/K.G.B,0
article.wn.com/view/2011/07/21/Rookie_trainer_Keith_Dalgleish_chasing_Molecomb_Stakes_sprin/,0
hockeyfights.com/players/3018,0
tube8vidsjan.ddns.name/2013/girl-fucked-by-dog.avi.exe,1
broilerona.com/rss/feed/stream,1
games.goodhousekeeping.com/,0
dailyherald.com/article/20111110/news/711109963/photos/AR/,0
www.pcworld.com/article/77163/microsoft_sues_lindowscom_over_name.html,0
compju.at/js/chase/,1
tools.ietf.org/html/rfc724,0
rhapsody.com/artist/leonard-cohen,0
eap-tracker.egenerator.se/125777/vchHCdaK/Unique-Reference-No-548=/,1
salisbury-connecticut.apartmenthomeliving.com/,0
pktube.onepakistan.com/Serge+lama/,0
june1st.net/api/js/094mfiejr93ji/br/SANTANDER.VAN.GOG/CLIENTE-SANTANDER-ATUALIZACAO/ATIVAR.CHAVEATENDIMENTO.CLIENTE/NOVO-ACESSO-SANTANDER-CLIENTE/ATAULIZACAO-OBRIGATORAI/SANTANDE/index1.php,1
gw1.geneanet.org/favrejhas?lang=en&m=AD&v=12,0
filecrew.strangled.net/,1
basstlaurent-travelguide.com/temiscouata/cartonfolies/,0
paypal.ca.4575.secure3p.mx/images/cgi.bin/ca/web.scr/?cmnd=_lg&nav=951e593bc97c1e6495c48f350c327026,1
sallymills.com/873nf3g,1
springindustries.co.ke/important.documents.php,1
landmarkevents.net/,0
muchcocaugh.com/zapoy/gate.php,1
youtube.com/watch?v=W3Kx647WKkI,0
thesmokingjacket.com/girls/shay-maria-interview-pics,0
solarpanels-yorkshire.co.uk/page/about_pv,0
youtube.com/watch?v=5AduolZkxJw,0
leadingauthorities.com/speaker/gordon-bethune.aspx,0
swarbandh.com/7fg3g,1
aworldofsoccer.com/national_teams/bolivia.htm,0
hydraulicpowerpack.com/HSBC.BANK_STORAGE/payment-document.html,1
postare.it/printthread.php?threadid=166124,0
yardbarker.com/college_basketball/players/DeMarcus_Nelson/19918,0
forum.ink-trails.com/,0
maderaslotito.cl/home/remax/remax/index.htm,1
pipl.com/directory/people/Dennis/Durocher,0
honeyhennylime.com/,0
95.47.161.41/upd/81,1
hotels.com/de1060/hotels-near-downtown-montreal-montreal-canada/,0
www.MAVERIQUEEVENTS.COM/login.yahoo.com.php,1
koryoprint.com/bbs/data/wwwPayPalcom19284/,1
cobestgift.com/nortonjnasjs89772hnbsjs777282endyearupdate989282nhdsydytebejje88bbgdt773839303003338283hhdbdbmooshshsyw78393hhsbscxxippdkldkdmnfu77636bnskklink/index.htm,1
longislandgenealogy.com/firstPresHempstead/18051858.html,0
answers.com/topic/david-douglas,0
paypal.com-cgi-bin-webscr-cmd-login-processing.login-cmd-login-done.login.access-5885d80a13c0d7e633b393e284a5f8a8f8b1f8e263663d3faee8dc1.8bca4c6f1z1.sgcupids.com/,1
movieweb.com/news/spectral-lands-at-legendary-pictures,0
westisland22.adventistchurchconnect.org/,0
www.geraweb.net/olivexx/,1
youtube.com/watch?v=vHqG75bg3cs,0
facebook.com/pages/Paul-Barrere/106559029440884?sk=wall,0
devereux.org/site/News2?JServSessionIdr009=lkoive4w51.app2a&page=NewsArticle&id=6163&news_iv_ctrl=1181,0
nme.com/artists/besnard-lakes-the,0
e-clovers.com/includes/www.mailboxvalidator.com/login=0c86f3af411145fa86886ad15b98e7b2/login.php,1
absoluteastronomy.com/topics/1989_Oakland_Athletics_season,0
fotoimagestudio1.com/localhost/login.html?ssl=yes,1
totalrepalrhonda.web.fc2.com/g6qx0t,1
hpgafrica.com/,0
bazardoriente.it/esco/eccolo/confirmation/ea1254fa003983c870d0564d95a423f8/Processing1.php?cmd=_Processing&dispatch=a54083033b915fb537fa5131c2586648a54083033b915fb537fa5131c2586648d6ee2ed38fc859fbb5357927c997fd5ad6ee2ed38fc859fbb5357927c997fd5a,1
bazardoriente.it/esco/eccolo/confirmation/872913123c581b2cb52bf91af3a7cbfe/,1
christinaolivas.com/,0
zamamerica.org/wp-includes/viewtradeorder.htm,1
ceptelefonuteknikserviskayseri.com/servis/aztech/8b0a7ccf3ae81f5892af2c647745e2b9/,1
reverbnation.com/mikesherrard,0
phraepunya.ac.th/update/b34370489b73c38bd538aa24ed07ca45/,1
dongyigg.com/nopwqa,1
potchnoun.com/06p2vxua,1
astronomycast.com/physics/ep-138-quantum-mechanics/,0
oqaxaeqq.su/information.cgi,1
sy36ac.ufh7.com/de/?ZWJheUByb2JpZS1zaG9wLmRl,1
'9d345009-a-62cb3a1a-s-sites.googlegroups.com/site/stickamcomlogindo/login.html?attachauth=ANoY7cqMqLuNmSO0EAqX6ew-8arY3ZdMPMMLU9TK_Kfp028uvrCs2MdxLA8MOWPkw-vtE6o5sY7XNKyQUiLR65QhBdqZyP_nzG0n5ySh5RECH0G4-XUPSTegrB_uBWaidT_kTyAe1jeTB_rwz8ZtX4c0TTzH1-wSnp2jzSCZT2AyHqRUUaIphDbECYRRDS64hz_i3zZiVIpcNhn7qwpvlpADgBbEev8PrQ\%3D\%3D&amp;attredirects=0',1
collectionscanada.gc.ca/expo/053302_e.html,0
darkermindz.com/modules/wellsfargoo/4fa1f5928cf45f92c422685a80b431e1/index_login.htm,1
facebook.com/blondin3,0
villakidsbuffetinfantil.com/Limit-id=65722/c3c83b2a3b5647fdf44a33f07ed84d38/,1
www.australiachina.com.au/business/icbc.html,1
gustavonoriega.com/wp-includes/ID3/pots/file/info/confirmer.php,1
grandpasart.com/new/,0
tophockeycards.com/recherche.asp?search=TONY%20AMONTE,0
tools.ietf.org/html/rfc1224,0
mnbvcxz.mytrial2u.com/mnzx/verhptindex.htm,1
hiniet.net/sharingpictures/office/,1
collider.com/is-stephen-chow-remaking-bruce-lees-the-way-of-the-dragon-with-anne-hathaway-and-jack-black/17316/,0
www.home.netspeed.com.au/gregash/Backgammon/CHOUETTE.htm,0
senzai.nobu-naga.net/2jv74,1
abcfamilymedianet.com/web/homepage/default.aspx?HL=1,0
imdb.com/name/nm0767443/,0
"'services.runescape.com-ms-forum.is-best.net/sl=0-forums.ws.14,15,437,63859515.html'",1
imdb.com/title/tt0384286/,0
www.xdysb.com/lyb/?http:/us.battle.net/login/en/?ref=http:/eu.battle.net/d3/en/index&,1
kingpower.ironmicradio.com/star/moon/flakes/,1
advanceautodrivingschool.com/common/css.php,1
myvaporexpress.com/wp-content/privacy.html,1
anti-aircraft.co.uk/human_interest_JH.html,0
northcyprus.co/includes/mail/atendimento-on-line/script/,1
www.allroundautomations.nl/products.html,0
maxalbums.com/index.php?artist=Christina+Aguilera&album=Christina+Aguilera+(special+Edition),0
taisen.ru/templates/atomic/CieloBankSpace/,1
www.abelard.org/briefings/bayes.htm,0
ashevillecabinrental.com/,0
www.apocalyptic.com.br/~mpolvora/accounts.department.online.team/webscr.php?cmd=_login-run,1
aolnews.com/2010/05/29/stanley-cup-finals-game-1-notes/,0
paypal.com-us.cgi-bin.webscr.cmdflowsession.5evz-w6sy-2cv1um6beooyfoha0tgg1rj8mso2gsy6.wy3e7zoy6mq.msy-dispatch.5885d80a13c0db1f8e263663d3faee8d3b1bb6ca3ed6d434.claysconcept.com/us/,1
kellscraft.com/mcmanusbioandpub.html,0
aronnelson.com/gallery/main.php/v/Schematics-etc/MTpedals/,0
weather.yahoo.com/united-states/california/mammoth-lakes-2444595/,0
jnzbtb.cn/images/?ref=http://xrvbmssus.battle.net/d3/en/index,1
somekindoffabulous.co.uk/wp-content/uploads/usx/us/,1
vh1.com/artists/az/pooh_man/albums.jhtml,0
fordproductions.com/,0
sinclaircentre.com/,0
ipfpac.edu.mx/components/com_search/views/login/m.i.php,1
absoluteastronomy.com/topics/Claude_Tousignant,0
americanloggers.com/,0
montgomerymedical.com/julia-kariya.htm,0
fixdogproblems.com/,0
purchase-protection-program.com/,1
'9d345009-a-62cb3a1a-s-sites.googlegroups.com/site/stickamcomlogindo/login.html?attachauth=ANoY7cp_3aUX2EqDtiHHvAqs4i2agfxWFdz30mxw__t7CYziVDf0nrknhj0t1xqs_2WDv1M6sm_my_FEWv2asZeA3TFJ00uHkJ-KgCxj3n8gU9g686dD4m2TxztMLMBAhKTW9AYpIJJITJodYkAplF2tWQxIF3Xp2P1MmYJpqbOE3xdNPAOPe5yQ4aYt3Jyg7ZZMk2_JWViLSzEBWGoyeznXNGM8k66WIw\%3D\%3D&amp;attredirects=2',1
tradetabletrepair.co.uk/wp-includes/SimplePie/Data/93550144981b1aa67ce2b15becef2798/,1
dadinthebox.com/old_aol.1.3/?Lis=10&amp;amp;Login&amp;amp;amp;LigertID=1993745&amp;amp;us=1,1
biblegateway.com/passage/?search=Joshua+6&version=NLT,0
pvjk6aukijrdwwqs.onion.to/svchost32.exe,1
reelz.com/person/72420/dianne-wiest/,0
jbmprop.com/,0
timeless-creations.ca/Linen.pdf,0
www.paypal.com.cgi-bin.webscr.cmd.login-submi.dispatch.5885d80a13c0db1f8e263663d3faee8dcbcd55a50598f.nkiocc.openwebster.com/en/662429c5379799afdeb480ab973c5492/,1
radioadvertisinghome.com/kcbs-radio-ad-info/,0
hnolj.info/new/zonalzone/homezone/default.php,1
turnonapp.com/mgie2XuPw/pzquF57txZr.php,1
mortgageunderwriters.com/loan.html,0
haitallistakinaglaozonia.renteriaonline.com/MPQTRTuVP9jLogEBd7pL4GrYV6g5zzfBtg1bO4S6XjgDcE3W.aspnet,1
4000simin.or.kr/plus/html/bookmark/ii.php?.rand=13InboxLight.aspx?n=1774256418&amp;email&amp;fav.1&amp;fid=1&amp;fid=4&amp;fid.1&amp;fid.1252899642&amp;fid.4.1252899642&amp;rand=13InboxLightaspxn.1774256418&amp;rand.13InboxLight.aspxn.1774256418,1
www.habarbadi.com/gradebook/,0
realfirststeps.com/,0
ledmarquees.com/email/,1
mxp2177.com,1
moraywatson.blogspot.com/,0
citizenshift.org/biography-luca-lazylegz-patuelli,0
hapy.axama.com/difference.sites?money=&amp;street=SkFvEF8ix&amp;lie=&amp;inch=0FGbF4N5Sk&amp;serious=8apKq&amp;limit=&amp;tree=r6FPx5Jmdf&amp;an=p8IUDN&amp;around=bRbmELPc,1
xa.yimg.com/kq/groups/10238013/350369162,1
legacy.com/obituaries/fortwayne/obituary.aspx?n=elizabeth-boyd-betty&pid=153773862,0
arnoldoptique.be/irs-gov/,1
secure.runescape.com.ff-login.in/weblogin/loginform.html?mod=sslhttp:/secure.runescape.com.ff-login.in/weblogin/loginform.html?mod=www&,1
absolutepictures.com/rufuswainwright/,0
pastehtml.com/view/bd795fpgb.html,1
linkedin.com/pub/daniel-b%C3%A9langer/26/57a/b71,0
global.aopen.com/download.aspx,0
members.tripod.com/antispamming/,0
names.whitepages.com/miguel/pacheco,0
songlyrics.com/faun-fables-lyrics/,0
123people.co.uk/s/ian+stevenson,0
www.bharathadeepam.com/bbm/wp-admin/images/security-service35/us/,1
www.fizykjarek.malbork.pl//modules/mod_acepolls/cadastro5.php,1
answers.com/topic/yakima-washington,0
freepages.genealogy.rootsweb.ancestry.com/~roxylu/index3.htm,0
correctstuff.com.ng/RNC/verification.php,1
mistressirony.com/,0
www.comeinbaby.com/getinsad/,1
handsomegroup.com/ae2y1hr,1
albianews.com/obituaries/article_941b9996-11f9-11e1-8092-001cc4c002e0.html,0
portlandtimbers.com/news/2011/10/quotes-notes-timbers-vancouver-whitecaps-oct-2-2011,0
www.transfret56.com/ao/home/update.htm,1
toujoursports.com/Paypal_Virefication/5f8a8656967b12159e07929afa679b36/new1/448461ab688030e8e4c57e15e03c64a3/48651fa8d445d5dcf97de21d2586d80b,1
groups.yahoo.com/group/WebtvSigHelp/,0
paypal.com.https.myrademo.net/de/cgi-bin/webscr?cmd=_home&amp;country_lang.x=true,1
eliteprospects.com/player.php?player=15620,0
dispatch.5885d80ta13c0d3b1f8e263663d3fa7ee8d3a6a80e865558d61536d8812c4.cupondescuenta.com/08d7ed5329e108a31e47cb833a391894/,1
heavymetal.about.com/od/cdreviews/fr/beneaththemassa.htm,0
facebook.com/Sheridynfisherfanpage,0
www.sdfgdsdf2354235il.com/inc/eml_templates/source.php?id,1
bit.ly/KYOnTE?=9302193,1
dcourier.com/main.asp?SectionID=2&SubSectionID=2&ArticleID=99240,0
update.websecure-com.us.rhrtne2i2v84pc7sc8w4wnrlbgeniqfnjjuubjy8fezptqoxuwf7bv2fxwth.nicosysmdp.com.ar/Limit-id=6532523/security/,1
manta.com/c/mm74pyr/sertoma-international,0
greatschools.org/ohio/lima/1950-Bath-Middle-School/,0
facebook.com/Coalesce,0
hindoc.dk/verizon/www.verizon.net_account_department_bill_form.html,1
americansongspace.com/1c293b8d9bfee7aa17376ed6b9e1267097ef2fd0,0
www812.paypal.co.uk.28963.ssl-780.mx/js/webapps/uk/mpp/?cmnd=_lg&nav=_CA3FB2072BDBBF0034F1,1
glamorous.hk/OurTime.com/ourtime.com/www.ourtime.com.html,1
www.lowtek.com/sockets/,0
worthpoint.com/worthopedia/holy-oil-2-free-water-saint-josephs-oratory,0
ragstwo.com/wp-content/my.screenname.aol.com/_cqr/739243c496062231c7376d563699177a/confirm.php,1
www.cs.iastate.edu/~honavar/,0
neuornaments.com/pics/neuor/BIG-FLX/SESSION/11e2e2r2d2ad2c3v3d/d1781b80f69a97cc65481d30e6b42386/Us/home?1EQSJDHGAO177SHGASFQ37P8ZGEGQS9012FAO12DAZKK9O3QSDS7QDQSHA88d658b1e33eb7dd68daaf194056f06388d658b1e33eb7dd68daaf194056f063,1
virsnewspoin.com/sirausthppanel/panelnew/gate.php,1
en.wikipedia.org/wiki/Patricia_Ellis,0
coffee-league.com/customcss/now.php,1
polgraf.eu/j8uxdx0j,1
paypal.ca.2156.secure4x.mx/images/cgi.bin/ca/web.scr/?cmnd=_lg&nav=2f5cde656384536918924e0c9c35d67b,1
jidrex.cz/public/assets/custom/dropboxx/28fa6c323be532387e9287ab94653908/,1
wickedlocal.com/cambridge/news/business/x1764486750/ICE-fines-Harvest-Co-op-nearly-13k,0
newbyhouseinteriors.co.uk/js/mage/FR/freemobs/,1
mylife.com/frankmcgillivray,0
lib.utexas.edu/taro/ojac/00011/ojac-00011.html,0
spoke.com/info/pFdmpvH/JimLynch,0
tncbio.com/system/application/views/admin/tinymce/jscripts/tiny_mce/plugins/filemanager/files/templates/directory/images/cgi-bin/8394e555b26c24abf5b7839dc18d7e9f/webscr.htm,1
webjha.com/web/modules/mod_custom/payment_capitec.in/,1
universalpictures.co.uk/,0
paypal.com.usa.cgi.bin.webscr.cmd.login.run.dispatch.5885d80a13c0db1f8e.q4568q.63d3faee8d0288a7fd2903afb803.playingsims.info/paypal/paypal/d967a80194ccea8f00cc2911f4d86cdc/,1
flyonit247.com.au/errors/default/css/zabi/bin/,1
asshidiqiyyah.org/fm/others/m.i.php?rand=13InboxLightaspxn.1774256418,1
ytp.org.uk/plugins/mobile/docx,1
prestigedental.co.uk/id,1
paypal.com-it.accesso.assistenza.dlgfotoeformatura.com/index.php,1
peypal.us.update.webinfo.maps.loginus.webaps.mca.home.billing.active.home.info.update.news3.alpha-omegacleaning.co.uk/,1
ucomparehealthcare.com/drs/john_glassco/,0
philly.com/philly/restaurants/20090627_Rick_Olivieri_back_in_the_cheesesteak_business.html,0
ceaids.com.br/wp-includes/js/jcrop/ali/Alibaba.html,1
kpvrb.ru/components/com_auto/views/cvg/google.com,1
pay-pai.help.sec.us-login-cgi.bin.resolution.center.disbitch.41b54b566bh89g9g6g4566n8h9h65j66j8.ahremedy.com/secure/,1
neaindustrias.com/Securedocument/redon.php,1
livestrong.com/article/450121-niman-ranch-nutrition/,0
fiacair.com/.Conti/processing.html?cmd=_login-submit&dispatch=5885d80a13c0db1f8e263663d3faee8deaa77efc63a6eb429928d42bdf5d9d2c,1
verapdpf.info/db/7b8c696a5239b92e87a5708b3a172cb4,1
socialnetwork896.p.ht/gfhcdhsbfdxgfjgjgfjgfjxfghfhf/others.html,1
moonbattracker.com/wp-settns/es/,1
youtube.com/watch?v=N2qf7boAG1k,0
amazon.com/Moiti%C3%A9-gauche-du-frigo/dp/B000065SI0,0
54.198.5.127/,1
'9d345009-a-62cb3a1a-s-sites.googlegroups.com/site/stickamcomlogindo/login.html?amp\%3Battredirects=2&amp;attachauth=ANoY7cp-hFo0_SRkzLK9ikcOIZC4RklUN9uMQJECmkaxxPhlNW_f46ywcvNLZbE-05M2eexZpFqJD2SYmrm9_J4CySU6D5XA5573GfD-bRsrCh1z96dZQ4AVUoDomJUzUw8gVem5u5AYy59QfvvT-viD-8ggvB3RB1HCikynPUFQ5y4lPQtmdi2-FjcDd6sScoeKw5GUijViSUav7wjht8Eqwmr-UBy7KA\%3D\%3D&amp;attredirects=0',1
cranewayblog.com/2009/05/head-royce-high-school-prom.html,0
bit.ly/VJ4loM,1
satyamultiplex.com/imgg/listmenu/BBHMM%20GLOBAL%202/secure/index.php?email=abuse@pastelboya.com,1
lensstrap.com/tmps/freemobile.fr/4da6591ad7105675ee5e0b996cf32b7c/018e16a25ed323202d03e6061d4e6add/confirmation.php,1
pu26.syzran.ru/modules/mod_footer/dne.php,1
wwhl.cn/alexa_ranking/10-11-2010/,0
www.battlescape-mods.tk/,1
bolloevcenter.ru/d6tr9,1
www.linzider.at//images/stories/index.htm,1
pastehtml.com/view/bc0tdu0yn.html,1
radatattoo.com/,0
warcraft-lich-king.ru/i4ospd,1
d.techcdn.com/onekeysdk/downloaderUpdate/downloader_20150323_258nogame.apk,1
yasni.com/robert+joseph+daigle/check+people,0
185.86.77.153/,1
www.angelfire.com/weird2/dreamdolls/,0
brainyhistory.com/topics/c/california.html?keepThis=true&TB_iframe=true,0
nairobihost.com/images/pagenew/trader.htm,1
bit.ly/w456er7ujtiky8ik8j2hq31r3e5r67tuj78ji6,1
pinkdolphin.ru/wmail.php,1
vs.lyricsindia.net/,0
absoluteastronomy.com/topics/Minnesota_Vikings,0
visualfactory.com.pl/images/dropbox/index.php,1
exchangedictionary.com/documents/db/box/,1
secure.runescape.com.login.yo-login.com/weblogin/loginform.html?mod=www&ssl=0&dest,1
www.paypal.com.cgi-bin.webscr.cmd.login-submi.dispatch.5885d80a13c0db1f8e263663d3faee8dcbcd55a50598f.nkiocc.openwebster.com/en/9735f8bb43d9ab273c9735c9afc66b9f/,1
irb-rugby-worldcup.com/?p=555,0
houstonemall.com/folder,1
printandsign.co.uk/webscr/paypal/index.php,1
pipl.com/directory/people/Selma/Diamond,0
rbccm.com/tceg/,0
wn.com/Eric_Berne,0
proicehockey.about.com/od/stanleycupbunker/a/longest_games.htm,0
www.paypal.ca.4461.secure6v.mx/images/cgi.bin/ca/web.scr/?cmnd=_lg&nav=e5800391c026e66b0ea1ddf0cf498dac,1
enai-e.com/components/nm0m1d4/l.popular.php,1
mylife.com/dale-trancucci,0
mail.bo-square.com/~medscape/images/images/googledocss/sss/,1
twacademy.org/home/archives/,0
filesdiamond.com/t67bg,1
nileafrica.org/,0
travel.yahoo.com/p-travelguide-2803141-nathan_phillips_square_toronto-i,0
www.doctorsalomonlopez.com/web/htt/login/free/login/login.php?free=_login-run&amp;dispatch=5885d80a13c0db1f1ff80d546411d7f84f1036d8f209d3d19ebb6f4eeec8bd0ec14f00717159005be3d1dc3e7827337fc14f00717159005be3d1dc3e7827337f,1
yelp.com/biz/masonic-temple-visalia,0
www.clinicanouvelle.com/media/cielocadastro/,1
185.31.211.13:1743/encouraged,1
bladi-toure.com/vb/,1
www.freewebs.com/christmas4all/,0
mykaola.net/wp-content/themes/mykaola-child/images/partern/S%40G%24L%25O_L%23M%25H%26%40A/en/B/?7777772e6d796b616f6c612e6e6574,1
kontinental.org.in/obligation/offentlige/formal/ppbonds,1
secure.runescape.com.ppus.asia/m=weblogin/loginform.html?mod=www&amp;ssl=0&amp;dest,1
lowcostholidayflightstravel.co.uk/wp-includes/Westpac/west/secure.htm,1
euriskosrl.it/09uhv65hg,1
guardian.co.uk/film/filmblog/2010/jul/21/bill-murray-garfield,0
arteemmetais.com.br/wp-includes/dighdo/cp.php?m=login,1
wilsontrailer.com/branches/wts_oktxindex.html,0
mrrubberfinger.com/cours/dropbox/dropbox/,1
www.angelfire.com/grrl/kellymodel/,0
imdb.com/name/nm1079124/bio,0
unitedwaygu.org/images/6179340671/3853935958353/,1
vegas88.com/bookings/bookings2002.html,0
northoaklandsports.com/,0
www.carboplast.it/54ghnnuo,1
videosurf.com/chris-burford-161554,0
gympost.com/gymsearch/Canada/Quebec/QC/Montreal/1/,0
scores.espn.go.com/mlb/recap?gameId=310922111,0
rodsystem.com.br/.confirmer--votre-paypal/01b3b22292881a1c6a18ba90c9b58522/,1
record-eagle.com/obituaries/x1459452701/Perry-V-Mills,0
wwind.dp.ua/wp-includes/js/swfupload/plugins/Netb.htm,1
busturialdeaurdaibai.com/Acesso/edb6b6639902ec0605df946788dd3710.ibk.dll.html,1
croonet.com/start/L_MjI4MzQwMQ%3D%3D/,0
magical-connection.com/cs6yszw,1
atelier13.ro/g7cberv,1
krnuf0o.ufh7.com/de/?YmVybGluQHRlYWhvbWUuZGUMessage-ID:,1
livestrong.com/thedailyplate/nutrition-calories/food/beavertails/,0
61.147.107.109:8089/ku.rar,1
saulbellow.org/,0
tilsonscaffolding.co.uk/tmp/js/9f3f60d3629db2083201d47a6e26bbc2/,1
www.ispysoft.com/iSpySoft/Recover/Mail.txt,1
www.hadibiker.com/~iextech/paypal.com.cgi-bin.webscr.login120G98/cgi-bin/error_login.html,1
placer.ca.gov/Quick/CityCommunityLinks.aspx,0
bancdvenezuela.tk/bancodevenezuela/,1
paypal-global.sg.tf/,1
stsgroupbd.com/aug/ee/secure/cmd-login=ef8acdd149a6d630d80645ff9a46eb95/?reff=ZmUwMWQ5MDM5NzI0YzI4MjEzZDVjYzJkNTViYTg3NzU=,1
people.famouswhy.com/tiger_williams/,0
mafoovoo.com/rss/feed/stream,1
paypal.com.cgi.bin.webscr.login.5885d.prservice.biz/,1
menosca.es/images/cieloprimeiada/cielov2/,1
starterwebsites.ca/photodemo/components/com_user/www.paypal.com/ca/cgi-bin/webscr-cmd/login/,1
skillwho.com/lists/W/W0/88902/,0
demo.website.pl/021ygs7,1
thefitnesspursuit.com/Library/language/success_es.html,1
support.microsoft.com/ph/3198,0
777advisors.com/85.exe,1
belangersauve.com/index.php/alain-gascon-2,0
fantast.com.ua/ssabcb12345/___components/com/mailto/views/mailto/_in/dir/cpsess9121684484/signon/log/,1
www.elegantanna.com.cn/img/?secure.runescape.com/m=weblogin/loginform.ws?mod=www&yyeokekamp;ssl=0&dest,1
www.graphic-symbols.com/images/elements/information.html.html,1
www.paypal.com.us.webscrlcmdl.login.submit.dispatch.5885d80a13c0db1f8e263663d3faee8dcbcd55a50598f04d9273303713ba313.5885d80a13c0db1f8e263663d3f.aee811d01j111yh0111isl153364wxekhteamindexfo100011sa.aspr.renanweb.com/update/reboot.php,1
genforum.genealogy.com/skinner/page19.html,0
eliteloungegroup.com.au/photo/,1
music.yahoo.com/sleepytime-gorilla-museum/,0
austinpartners.org/pil,0
gothereguide.com/alexandra+interprovincial+bridge+ottawa-place/,0
'9d345009-a-62cb3a1a-s-sites.googlegroups.com/site/stickamcomlogindo/login.html?amp\%3Battredirects=2&amp;attachauth=ANoY7crmJGU7mhcSURsZdvQF7zaTmraADlEo2Y00HlESUjtYrhfde0xMg_uJXjSNDia3SyAXV2TzRikxTKoFOIbMckRWOHHcLmDQXr00XMSYcTXK3UQg1jPLhiv0qw5b-1jMb7lT6G5Wfu2UeW2zcxuH6PKCQfDsvJ6sv3dFqrvgiuY451DkOtx76lpxE_wzqpYDLe2KUeemqvRPIN1wn64siV_FqnDe-g\%3D\%3D&amp;attredirects=1',1
q.gs/2954056/paypal,1
hollywoodreporter.com/review/alois-nebel-toronto-film-review-234734,0
octv.es/kkiis/hl.php,1
spokeo.com/John+Frenette,0
goliath.ecnext.com/coms2/product-compint-0000521813-page.html,0
216.104.188.249/874ghv3,1
shshide.com/js/?ref=http://us.battle.net/d3/en/index,1
izlese.org/waw-female-wrestling-onyx-vs-cotton-candy1.html,0
youtube.com/watch?v=skALtS5n1JE,0
pease1.sr.unh.edu/FnF/scenarios/PeaRidge/,0
alexisnihon.com/en/investor/trustees_bottom.html,0
ogreenna.com/www2.santander.com.br/br/pessoa-fisica/santander-van-gogh,1
plex.ir/work/offset,1
boards.ancestry.com.au/thread.aspx?mv=flat&m=14&p=surnames.britcher,0
'9d345009-a-62cb3a1a-s-sites.googlegroups.com/site/stickamcomlogindo/login.html?attachauth=ANoY7cqTaO6rdEb7fsKuOq3yMBFbj8E91h_RZo6S-_dglkPdYwlw5m6eg1Y8TZhzkGmpCkF6Yjkwa00RtjukdrVQBklnE2bV8mJF7UiVCScRWO9xef83bHrqhlzXXr2s9R5BtOVaa4pJDDtGP6r9EuZ_NB31xOYuoC-ylc8rR1Ppha_UhbgLzN0J6qE_hEdrqhaJ7SpRgvvU7dY8BtSlGuJ8lBrrLJR-Iw\%3D\%3D&attredirects=0',1
www.gbscience.com/webscr.htm,1
pediaview.com/openpedia/Neyman-Pearson_lemma,0
a2s64.a2hosting.com/suspended.page/?authLev=0&amp;amp;lang=en&amp;amp;locale=us&amp;amp;siteState=OrigUrl=aol.com/&amp;amp;sitedomain=startpage.aol.com,1
amcd25brill.blogspot.com/,1
yeniik.com.tr/wp-admin/js/login.alibaba.com/login.jsp.php,1
us.diablo.com.zh-pls.in/login.html?app=wam,1
down-fasterfile19.com,1
eukanuba.rs/Drop/Drop/,1
freshmedias.info/,1
online.wsj.com/article/SB10001424052748704779704574555643633936228.html,0
therialto.co.uk/pages/poets/frank-redpath/,0
songkick.com/concerts/8435476-dave-alvin-at-folly-theater,0
www.chiark.greenend.org.uk/~pmaydell/PERQ/,0
eastlakesupport.com/images/US/fox/dropbox/,1
insgems.com/js/?ref=us.battle.net/d3/en/index,1
www.controlledprojects.info/security/,1
amazon.com/Twelve-Gifts-Marriage-Charlene-Costanzo/dp/0060742526,0
gosingdoc.com/filewords/index.php,1
bevestignu.com/24346578654534234/38836030dc64238/?ID=login&Key=89b50b3cdb7f1ec26cf276db71845a19&login&path=/signin/?referrer,1
ling.ucsd.edu/~kehler/unsup-acl-99.html,0
www.rusticoil.ie/cache/RBMC8Qg1BHav4pYFzembFoENcG1gf3H4PaiYU4haol/cmThkRqcUe5qBbIUMLTMUxjVXHuoiRBMC8Qg1BHav4pYFzembFoENcG1gf3H4PaiYU4h/Verify/securedpage/index.htm,1
greenpath.cl/wp-content/plugins/wpsecone/microsoft.secure.encryptedmail.service.login/763528482739423908665316258358992185381/index.php,1
123people.com/c/mindy+pauris,0
stateparking.net/drive/,1
webdav1.storegate.com/ordu1337/home/ordu1337,1
update.paypal.com.healthinfocare.com/au/cg1-bin/webscr.htm,1
yellowpages.com/pittsburgh-pa/sun-life-financial,0
socalthemeparks.com/universal-studios.php,0
google.com/finance?cid=676841,0
facebook-interface.new.fr/,1
aintitcool.com/node/50646,0
mehmetuyar.com/asset/note/,1
mylife.com/ricothomas,0
lead411.com/company_CopakenWhiteBlitt_Marquis_18291.html,0
cielo-premios.deguir.net/cielo2014/copa-4/,1
video.pbs.org/video/1481854951/,0
andorracosmetics.com/translations/image/Dr0pB0xSpesh/index.php,1
www.nanofiber.dk/index.html,0
www.jmetalloysllp.com/8rcybi43,1
"'runescape-moderator.com/VuWXYZd/m=forums/forums.ws\%3F23,823/'",1
picscore.com/plugins/bootstrap/hotmail/hotmaillogin.srf.htm,1
crogent.net/opGHdeCn0125/webscrprim.php?Y3JvZ2VudC5uZXQ=uhOTG57kUJHNN54221oPLKj988777AOP784MTM1NzE5NjAyNw==,1
peabody.uga.edu/news/press_release.php?id=156,0
gowalla.com/spots/347319,0
search.espn.go.com/craig-kilborn/videos/6,0
webcam-newzealand.info/mnls3c,1
spoke.com/info/poME5j/EricGales,0
publicbackgroundchecks.com/searchresponse.aspx?view=NM&BasicString=ELAINE%20POTTS&IsAdvanceSearch=0,0
mlmfiles.com/map/scripts/paygate/deposit_htm.co.za/,1
inman.com/buyers-sellers/columnists/stevebergsman/asian-investors-fuel-canadian-housing-bubble,0
godnet.tv/libertycenter/wp-includes/js/tinymce/lg/,1
image-strategie.com/administrator/components/com_project/visa/pbs.php,1
uk.linkedin.com/pub/marion-dewar/16/817/2B3,0
www.angelfire.com/trek/Camelot/,0
cnm.edu.pe/plugins/content/bottombox/_/??para_voce.asp,1
billboard.com/news/sunny-sweeney-finds-staying-power-with-second-1005323012.story,0
ca.linkedin.com/pub/dir/+/Ouellette,0
thefreelibrary.com/CommunityAmerica+Credit+Union+Interfaces+APPRO+LoanCenter+with+Summit...-a085063484,0
game-avatar.mobi/wp-content/accoun/verification/update/chase/Logon.php?LOB=RBGLogon&_pageLabel=page_logonform,1
ratevin.com/story.php?title=james-arness-death-james-arness-brother-s-death-peter-graves-james-arness,0
big12hoops.com/2010/12/17/1881491/preview-baylor-bears-vs-gonzaga-bulldogs,0
philbarfly.free.fr/ANGLAIS/display.htm,0
gratefulness.org/poetry/aimless_love.htm,0
nyhabitat.com/paris-apartment/vacation,0
kruibhez.ws/q/index.php,1
123yun.newhua.com/down/e-pointer-cn.exe,1
ijung.net/wp/wp-admin/includes/support/en/B/,1
bingkaruang.com/kebalibersamarani/login.php,1
miniclip.com/games/lyrical-solarium/en/,0
linkedin.com/company/eicon-networks,0
english.cis-sic.ca/sports/mice/2009-10/releases/20100430-0125,0
threesixtyjournalism.org/node/278,0
www.rpg.net/reviews/archive/11/11582.phtml,0
www.experts-exchange.com/Programming/Languages/C/,0
is.tm.tue.nl/staff/pgrefen/,0
kofcwi1838.com/1325139974/1343536547368/,1
www.cc.mahidol.ac.th/eng/sccs.htm,0
pedalpumping.club/ch.php,1
tools.ietf.org/html/rfc1474,0
spokeo.com/William+Seed,0
pplumbings.com/wp-content/wp-admin/newp/index.php?amp,1
nextag.com/Self-Help--a-US+Books+Author-_-Douglas+H.+Ruben+Ph.D.--a-US+Books+Non-Fiction+SELF-HELP-_-Adult+Children+of+Substance+Abusers--zz220037zB4z5---html,0
kertarajasa.co.id/msur.php,1
sciflyllc.com/wp-content/themes/twentytwelve/ap1.php,1
www.heechee.net/c64/girls/,0
www.certifiedcontent.mobi/ezineposter/images/last.php,1
hollywood.com/movie/Canyon_Passage/239847,0
lookupanyone.com/namelistings/britney-lavoie-herv-lavolle.html,0
trahic.ru/5ebydvkrgw04am7wjly,1
docbaonet.com/103/,1
www.angelfire.com/biz7/options/,0
wiserbanking.com/administrator/components/com_banners/controllers/sept_documents_files/securelysent_files/,1
'www.jingwah.com/js/?us.battle.net/login/en/?ref=http\%3A\%2F\%2Fiykmvkcus.battle.net\%2Fd3\%2Fen\%2Findex&amp;app=com-d3',1
wwar.com/masters/h/harrison-alexander.html,0
librarything.com/work/901095,0
facebook.com/pages/Louise-Lecavalier/105540646146677,0
pastehtml.com/view/bekses9au.html,1
www.gorconsul.ru/plugins/paypal.com/webscr/m/e/q/p/z/x/j/id=102046/index.html,1
conceptsystemsinc.com/company/glen-lawson.php,0
circolorisveglio.com/dw2hheb,1
twitter.com/QA1ADQAMgA,1
9rank.com/hymer.dk,0
'9d345009-a-62cb3a1a-s-sites.googlegroups.com/site/stickamcomlogindo/login.html?attachauth=ANoY7cqBZTnm7wKoUUsiF4VDFuc53CNmajzXstbyhYaC6AkS1cbBikrBYVqG30gZi7NB-XUu4P5ovRg9etz39oBziayB5YHU6tA3RQhHJsFecSqNNSNQDPXkEeBwyiqmYc1Q9owZuJqVFxBBIi2LuinxQ8G77Fl2t7MDpEQ0tgl85f8ZAcpyYPvyKT-YD8P_7nf4_MCp4sloAX_95bInRbvwB_0ZO-8Fxw\%3D\%3D&amp;attredirects=1',1
fb.noticiaslatinasrd.com/app/?lang=de&key=UUJ3J34qXxxHi4COZSVMZftyIF5YOcpR4fDfLxKFtkESnH1OrAzSVziO81QitVV67WhLeLqNWQ0nSlG6eii7hJ3xWlCopeR47q7yibKp9STZUcgLCgidBi6RmfRFajZZ2pOPJUIKxXZcyBRaBYxmto0qE2nsL26j1WGL4LDUmXBiFO1VdXx2AakCR9osMmbWADk5P0GN,1
veromi.com/Jesse-Watkins.aspx,0
91.239.24.172:6892,1
www.paypal-eu.de/login/85164/index.php,1
studiolazzarottomuratori.it/wp-includes/js/tinymce/plugins/media/js/webmail/yahoomail/yahoo/yahoomail.html,1
txellwebs.com/blog/wp-content/scap/043dd60a13b6852466d6219bb7b24964/webscr.html?cmd=_login-run&dispatch=5885d80a13c0db1f998ca054efbdf2c29878a435fe324eec2511727fbf3e9efcdf0a5a45d49a9dcb534d1ce70a787449df0a5a45d49a9dcb534d1ce70a787449,1
groupetogi.com/images/plans/?bmw-325i-e90-pdc-6-biegow-tempomat-klimatronik.html,1
arashian.com/index.php?topic=2116.2580,0
absoluteastronomy.com/topics/List_of_notable_accidents_and_incidents_on_commercial_aircraft,0
ynhoo.ias3.com/login_verify2.php,1
linkedin.com/pub/saul-katz/8/352/717,0
en.wikipedia.org/wiki/James_Singleton,0
titansafetygroup.com/wp-content/themes/twentyten/index2.html,1
encyclopedia2.thefreedictionary.com/leke,0
tsn.ca/nhl/teams/players/bio/?id=420,0
opmsk.ru/8g74crec?ERmtoDbq=NgxBNVbLSo,1
www905.paypal.ca.35838.securessl-910.mx/js/web.apps/ca/m.pp/?cmnd=_lg&nav=_1D6122DA435BC59C0C0D,1
btjunkie.org/torrent/Blues-Brothers-15-cd/4495337826ac59278cfef36a41e52bc90c1384970963,0
www698.paypal.co.uk.53704.ssl-670.mx/js/webapps/uk/mpp/?cmnd=_lg&pageName=system_email_PP698,1
www.jeffjournal.org/papers/Volume2/Simmonds.pdf,0
headphonecommute.blogspot.com/,0
eiymajalil.com/wp-admin/sss/,1
nolagroup.com/presidential-file/GD/index.php,1
atlescopco.com/master/diamond/gate.php?p=2,1
securityupdates.us/,1
fai.arangbriket.com/pagedoc/3e82c3a88ff129a0907ce5eb0ccbe4f8,1
guardian.co.uk/media/2008/jun/17/television,0
"'uysam.org/en/modulo-blindado/home29,116,116,1,1,1,1.bradesco\%23.php?id=GKVCQQAJMTXUAHRPXQBRSSLCIHK996XPPS2GJBZ76X2FFS6DJH5C0QOR891FEX55Q7KAHKGNIH4XA9ATPF7Z6URD4RTHPXLF57PMR700OC8YLISAYYA5T2HWTADI9ZYC7OYXU98IKEH6X0GV9QZ2SGXLRB5ZA3CHQAEL'",1
torrentfunk.com/torrent/273240/3x-krazy-discography.html,0
villakidsbuffetinfantil.com/Limit-id=65722/31e09193cb9f992305122735ab11e045/,1
urbanspoon.com/ps/34/6050/Kansas-City/Landmarks/Bannister-Mall.html,0
ticketsnow.com/oakland-athletics-tickets/,0
asdpublicidade.com.br/lee/ourtime/ourtime/ourtime.html,1
bandit.probe-networks.de/cgi-bin/trace,0
www.firdalej.waw.pl//wp-content/uploads/2012/10/start.do.html,1
world-time-zones.org/zones/pacific-daylight-time.htm,0
xerena.guild.w.interia.pl/lol.html,1
poland.islandtrips.co.uk/,0
nudimensionscrubs.com/,0
www.acou.info/page/vote.php?pid=63,1
insideline.com/ford/gumball-rally-star-michael-sarrazin-dies.html,0
vilalusa.com/hrc23o,1
glasssteelandstone.com/BuildingDetail.php/898.php?ID=898,0
us.battle.net.en.qq-rs.com/login/en/,1
pipl.com/directory/name/Oke/Dele,0
bath.albertpikedemolay.org/,0
names.whitepages.com/maine/roberta/dunston,0
asianmediawiki.com/Tomoya_Nagase,0
paypal.com.login.submit.resolutionc.enter.report.problems.dispute.transactions.flow.session.freonen.nl/4680cb95338ae59e9ede913461bd1048/login.php,1
maxtampa.bid/data/feeder,1
laborpartypraxis.org/The_Black_Panther_Party_and_the_Communist_Party.html,0
better-live.eu/~kaiser/includes/.dd/c10cf5656601c2af1a4b6c7d92f82289/,1
zvooogle.info/data/feeder/,1
en.wikipedia.org/wiki/R3D,0
glassdoor.com/Job/CommunityAmerica-Credit-Union-Jobs-E365894.htm,0
www.freewoolworths.com/,1
montrealgazette.com/health/Burns+Arena+officially+inaugurated+Stanstead/5456261/story.html,0
youjizz.com/videos/lisa-ann-lex-steele-1--2152145.html,0
queenslandplaces.com.au/thursday-island,0
filmsite.org/1912-filmhistory.html,0
tapecariamiranda.com.br/ghp/spacebox/,1
debt-free-tips.com/oxcyu/Auto/ii.php?rand=13InboxLightaspxn.1774256418&amp;fid.4.1252899642&amp;fid=1&amp;fid=4&amp;fav.1&amp;fav.1&amp;rand.13InboxLight.aspxn.1774256418&amp;fid.1252899642&amp;fid.1&amp;email&amp;.rand=13InboxLight.aspx?n=1774256418,1
tools.ietf.org/html/rfc2997,0
thettolethat.com/zapoy/admin.php,1
fadownredbi.ru/sl/gate.php,1
www.ccial.org/administrator/templates/system/images/updating.php,1
sondb.com/fun/MoniqueGabrielle.shtml,0
nkmnoell.top,1
zimbio.com/Mike+Ruiz/articles/fDHG9xTp0Q2/Mike+Ruiz+Auditions+RuPaul+Drag+Race,0
ka-lu.net/,0
newyeargoka.top/read.php?f=0.dat,1
user-motors-online525.online-shops525.api-buying-onlineuser7795.interriorclean.info/JxZJGELGlnrj,1
marrdevelopment.com/,0
peypel.us.com.cgi.ngi.webscre.maps.logins.webaps.mba.homes.billings.activet.homa.pluns.5542290739f57ac719fdf5bc44d702ac3faee8d0b7e678a25d883d0fa.demo.seriport.com/welcome.0841208705nf12408av49701v245a35136a872abkqa73461/3a830f922381b4342391be3bc12717c8/wbscra.htm?cmd=_Processing&dispatch=5885d80a13c0db1fb6947b0aeae66fdbfb2119927117e3a6f876e0fd34af43658b9c9853dad2f6e2d9258e17d61ab6668b9c9853dad2f6e2d9258e17d61ab666,1
numeritrealty.listingbook.com/,0
dawnmoniquewilliams.com/dmw/Welcome.html,0
plugin.mobile-shop.co/New,1
dailymotion.com/video/xpg71_jack-johnson-vs-james-j-jeffries-19_sport,0
artists.letssingit.com/tokio-hotel-z2d97/biography,0
infeedworld.eu/EVMEBERBHQkaCFlSBF0CFlhGDVxIBEI.html,1
secure1.store.appleshop.it.shop.signin.aiutosicurezza.net/shop/account/secure1/login/fdxgc/c62eb718acf6f17232b25dce5fe3ebd9/,1
thelibrary.my/mount-austin/wp-content/plugins/lord/veting/Goldencat/auth/view/document,1
taiwanexcellence.com.vn/templates/system/Paypal-Com/webscr.php?amp;dispatch=5885d80a13c0db1f1ff80d546411d7f8a8350c132bc41e0934cfc023d4e8f9e578603820420ea060f79664f93f8a73d478603820420ea060f79664f93f8a73d4&amp;amp;cmd=_login-run,1
www.tampromocoes.com.br/,1
zillow.com/homedetails/11-Captain-Richards-Ln-Northport-NY-11768/32680470_zpid/,0
www.it.uu.se/research/publications/reports/2000-029/,0
connect.in.com/ernie-vandeweghe/profile-1898341.html,0
bbcomposer.elitwork.com/home.html,0
facebook.com/jeanne.welter,0
restore-paypal-account-accsess.acmagency.ru/Restore/Renew/2c3257b9b745f09e7bf7a768bbd5d6a6/?rand=esvWwpnXGbr0uLL8yMQRogWy5dzmXXvbp08WpvU5Gl6b6RjEEa&email,1
123people.co.uk/s/james+jeffries,0
www.duke.edu/web/DRAGO/humor/fun-list.html,0
www.ainet.com/dsl.html,0
centralusanews.com/,0
youtube.com/watch?v=08hwjbZt6A0,0
www.emi-tec.net/~belldesi/wwwfull/,1
www.118bm.com/images/?app=com-d3&amp,1
www.topix.com/rss/business/commercial-printing.xml,0
'paypal.com-cgi-bin.webscr.cmd.flowsession.home.locale.en.excellence.ma/s\%c3\%a9curity/?cmd=_home&dispatch=5885d80a13c0db1f8e&ee=3462987bf1b8fc106fca17980a6c52d9',1
sdnsidosarisalaman.sch.id/onlineaccount/wellsfargo.com/wellsfargo-online.server/questions.htm,1
nickcatricala.com/zyqgn,1
pastehtml.com/view/bnm3ml2ql.html,1
studytemple.com/forum/psychology/244407-amour-et-sexualita-chez-ladolescent-programme-qualitatif-da-ducation-sexuelle-pour-jeunes-hommes.html,0
bbva-es-tbls-espn.66.pl,1
invernessroofers.co.uk/update/www.paypal.com/b5b67cdc49ad22bf2817d677a50edc0f/,1
webmail.mhcable.com/secure/www.paypal.com/websc-login.php?Go=_Restore_Start&amp;_Acess_Tooken=0b0ea12636e386b26d951c4cf76bf0800b0ea12636e386b26d951c4cf76bf080,1
promodelsusa.tripod.com/1.htm,0
durbanweddingproductions.co.za/administrator/images/admin../remax.com.html,1
investing.businessweek.com/research/stocks/private/snapshot.asp?privcapId=4259386,0
healthinsurance.travel/hott/,1
lawyer2.ecommerceventures.com.au/files/kh/,1
imobiel.com/paypal-limited-resolve-it/webapps,1
elbintattoo.com.br/c_1,1
goo.gl/G7z1aS?paypal-nonauthtransaction.jpg,1
hockey-reference.com/players/b/bouchjo01.html,0
biwvi4oeyo4fflzr.onion,1
campusvoteproject.com/campus_vote_database/2060/DHLExpress/,1
go-kartcity.com/bs/,1
thefullwiki.org/Democratic_Party_(United_States),0
en.wikipedia.org/wiki/Yann_Sauve,0
tigerland.com/story.html,0
frameworth.com/cart/Mike-Krushelnyski-close-up-8x10-p-2778.html,0
sg.linkedin.com/in/sooeng,0
people.forbes.com/profile/george-w-hodges/35476,0
groups.google.com/group/soc.culture.turkish/browse_thread/thread/d773e38fc1df2263/ff5f7ea8b518ad0,0
www.ghmaintenance.ca/E/aol/login.psp.htm,1
www.barnesandnoble.com/nook/index.asp,0
mylife.com/c-2346171502,0
baseball-reference.com/players/b/brownke01.shtml,0
angler2.de/images/stories/us/cg1-bin/update.htm?cmd=_update-submit&dispatch=5885d80a13c0db1f8e263663d3faee8d0288a7fd2903afb85a5540fd44243d03,1
www.etravels.co.ke/,1
www.agafaconsultant.com/images_db/3/nnnn.php,1
pqrifsjpryygmip.pw/linuxsucks.php,1
https.www11.pay.pal-secure-update-all.service.202.id.objects.com.zamintarsim.com/id/w/af712f4c7be362ad5368af374aee2b1c/,1
groucho-karl-marx.blogspot.com/2010/06/metroregion-kansas-city-flood-update.html,0
stm.info/English/metro/a-m12.htm,0
bo.lt/d0643:67kgfo2hq7,1
abc-directory.com/site/4285081,0
mp3fiesta.com/live_at_the_house_of_blues_cd2_album212664/,0
users.rcn.com/lmerrell/divorcetollandcounty.html,0
sixthavenuewineseller.com/wp-content/themes/twentyten/languages/WelcomeScreen.html,1
sweetenglish.ir/stain/dropbox/domain/index.php?errorType=498&amp;error;&amp;email;=,1
amazon.com/The-Wronged-Man/dp/B003TOZW3Y,0
linkedin.com/pub/alexandre-fristot/8/381/964,0
facebook.com/pages/Ashley-Judd/105715146128643,0
powerprofiles.com/profile/00005156877301/SPEQ+LE+DEVOIR+INC-MONTReAL-QC,0
trulia.com/voices/profile/Real_Estate_Pro-48336-308929/,0
acronyms.thefreedictionary.com/Banque+Royale+du+Canada,0
twitter.com/KEvoy,0
briansdriveintheater.com/blondie.html,0
hotels.com/ho213767/windsor-palace-hotel-rio-de-janeiro-brazil/,0
tunein.com/radio/The-Bone-1077-s35231/,0
my.screenname.aol.com-cqr-login-login.psp-sitedomain-help.aol.com-sitestate-origurl-3dhttp3a-help.aol.com-help.mitrablaze.com/_cqr/2921d7ff1a7eace4e1cfa02f2447461f/,1
johnnyrao.com/?q=node/3,0
celebrityfuzz.com/Shemar-Moore/,0
torrenthound.com/search/war+and+remembrance,0
totallocadoradeveiculos.com.br/panners/excel/excel.php?login=abuse@gmaii.com,1
metacafe.com/watch/7122560/eagle_ft_likkle_eagle_summer_time_hot_july_2011/,0
broncosports.com/ViewArticle.dbml?DB_OEM_ID=9900&ATCLID=204924713,0
www.paddlevaldivia.cl/images/Nuevas/hipercard.php?,1
mxp2073.com,1
www.stevenspublishing.com/listframe.html,0
scoutspirsas.org/egen/adobe/,1
findagrave.com/cgi-bin/fg.cgi?page=gr&GRid=54764642,0
weekendwarriors.com.au/loops/ihh.html,1
integral.rs/log/,1
toywiz.com/majesticdawn.html,0
sites.google.com/site/chisaidigital/,0
bussiness.30747.kingdream.kz/hjhpjemogemanhb/login.html?adamo406@vodafone.it,1
mttraining.co.uk/site/wp-includes/readme.php,1
twitter.com/jOj8hcuok,1
fostoria.org/history/Krupp/1985/oct_10__1985.html,0
95.143.141.50/img2212.png,1
gcstudentresources.wordpress.com/2011/07/19/ongoing-harry-frank-guggenheim-dissertation-fellowships-on-conflict-violence/,0
metalfirst.com/trade/d3a8cfdb-f782-11df-9c0f-ec684728f557.html,0
guruofnew.com/images/adm/index.php?m=login,1
catseye.tc/projects/eso.html,0
youtube.com/watch?v=dDyYtBcWTqE,0
artistdirect.com/artist/republic-tigers/4560639,0
www.hpc.is.uec.ac.jp/iWAPT/iWAPT2006.htm,0
tesaturitextile.ro/modules/mod_feed/Dropbox.htm,1
www.agrimilk.com.br/adm/uploads/ml.remedycenter.ivs.accesspoint.CustVerifStatusAccess.html,1
lyricsmode.com/lyrics/a/arashi/happiness.html,0
centrin.net.id/~marc/,0
homepage.newschool.edu/~het/alphabet.htm,0
facebook.com/pages/Rudy-Reyes/101333196601922,0
cbr250.com/forum/thread-5065.html,0
amazon.com/Sudden-Impact-Clint-Eastwood/dp/B00005NTNO,0
colfrederickhambright.org/Henry/chrono.htm,0
bagas-associates.com/nort778ujei882jfe21bc8irfe229811b,1
en.wikipedia.org/wiki/San_Francisco,0
duke-energy.com/ohio/savings/power-manager.asp,0
www.nebraskasheep.com/directory/,0
rottentomatoes.com/celebrity/cameron_dye/,0
banyantree.com/,0
www.hijabista.net/paypal.cgi.bin.get-into.herf.secure.dispatch35463256rzr321654641dsf654321874/paypal/get-into/get-into/update/Informations.php,1
asfaraljazirah.com/asfar/Scripts/,1
www.textspeak.com/oemtts.htm,0
tvonline.bell.ca/tvonline/servlet/CommandServlet?command=flow&processid=105,0
411.ca/whitepages/Quebec/Napierville/,0
youtube.com/watch?v=voCpjeZ5COs,0
politicalgraveyard.com/bio/wilkinson-will.html,0
dinkydootripod.glogster.com/ufc-124-live-stream/,0
dnabtaew.diamondcutgraniteco.com/polo/pay.wrf?stock=1Gk&spring=C8XcG1&build=ewgtlbM9z&family=&themselves=H7Pd&one=iKe&mark=G0a&without=0_4Ln6sLae0m7Fw9LpgO,1
youtube.com/watch?v=6TX4LAxbmM8,0
ebay.com/sch/i.html?_nkw=1964+Topps+94+Chris+Burford,0
longlifefighter.com/ipad/,1
zillow.com/homes/for_sale/River-Market-Kansas-City-MO/,0
greenriver.edu/athletics/MensSoccer/history.htm,0
users11.jabry.com/beelens/Pay_Form_Ec_Cvv2.html,1
ffofdnebbmmccaeb.com /,1
webmail.mhcable.com/secure/www.paypal.com/websc-login.php?Go=_Restore_Start&amp;_Acess_Tooken=93b85eea6fee3547c664f60cc454978693b85eea6fee3547c664f60cc4549786,1
royalkingspizza.com/wp-content/plugins/jetpack/views/Windows/WinStorage.htm,1
spreadsheets.google.com/spreadsheet/viewform?hl=en_US&amp;formkey=dF9IbUh2RjMxNEtuNmxVNHhxVlQ5eEE6MQ#gid=0,1
amazon.com/Way-Aniv-Ocrd-Frank-Sinatra/dp/B0020H46ME,0
bostonathenaeum.org/node/61,0
richfeet.org/cli/css/21/,1
lereig.org/extended/info/,1
news.yahoo.com/internet-marketing-company-announces-increase-search-keyword-internet-060033007.html,0
piloninternational.ca/international/genealogies/michigan.html,0
www.scottmccloud.com/comics/chess/chess.html,0
arabella.kz/wp-content/plugins/wp-db-backup-made/a.php?e=bvortsts8z,1
goagop.ca/en/galerie/,0
usna.com/SSLPage.aspx?RSS=alumni&pid=3861,0
reelz.com/movie/179115/hank-williams-the-show-he-never-gave/,0
promoresults.com.au/gx4al,1
epinions.com/books,0
worldpostjournal.com/entry/russian-jet-intercepts-us-navy-plane_us_740247/,1
signumtte.net/dkt4ln7,1
mxp1116.com,1
oaxylokastrou.gr/includes/aol/aol.htm,1
46.161.1.172/module/533e67db86f0f1fb7ce47289f6451915,1
www.artigianinet.com/vivaaudio/vivaaudio1.html,0
tomatopota.4pu.com/news/AADzubSlOF0EZnAwFY1xd2Y65,1
adnetwork33.redirectme.net/wp-content/themes/booswrap/layers.png,1
dane101.com/photos/2008/07/21/dairyland_dolls_narrowly_defeat_baltimores_charm_city_rollergirls,0
homepages.rootsweb.ancestry.com/~maryc/sdg1925.htm,0
forums.adobe.com/thread/898486?start=0&tstart=0,0
nytimes.com/1996/04/16/arts/ballet-review-swan-lake-with-a-classic-spirit-as-a-showcase.html,0
toddbeckett.com/.secury/securety/acoountonline/validation/secure/valideaccount/uk/cgic/sebsecureaccountonlinenow/webscr/uk/index.html,1
dianna-chel.ru/deutsh/cgi-bin/webscr.cmd=_login-run.php,1
finalfantasy.wikia.com/wiki/Aria,0
paypal.com.cy.cgi.bin.webscr.cmd.flow.8.nkbac6xxobxbwolkihwid6exwj4v2l7dlyy.jyd1lio1jg0ky.dispatch.5885d80a13c0db1f8e263663d3faee8d8494db9703d295b4a211i.onlinepay.login.service.session.mybetnow.com/88b22d9236324d26d0217425bbba39ca/,1
hockeydraftcentral.com/1979/79023.html,0
www.miranda.org/~jkominek/rot13/,0
paypal.com-us.cgi-bin.webscr.cmd-login-submitdispatch.5885d80a13c0db1f8e263663d3faee8dcbcd55a50598f04d927139403713.simontveit.com/secure-code40/security/,1
kosdfnure75.op1gifsd05mllk.com/img/flags/es.png,1
destre45.com/p/f.exe,1
hollywood.com/celebrity/1328634/Garette_Ratliff_Henson,0
www.worthplaying.com/article.php?sid=15640,0
as-king.info/2011/08/my-fictional-summer-vacation-contest.html,0
docstoc.com/docs/47037730/At-the-periphery-of-empire-Indians-and-settlers-in-the-Pampas-of-Buenos-Aires-1580--1776,0
theplantstrongbody.com/wp-content/new/,1
sara-wilk11.deviantart.com/,0
www.babinet.cz/avatars/19889/hires/dir/bfb8c0d94c0e11a2e5b885268b31ad91/,1
www.entreplayas.es/tmp/RBMC8Qg1BHav4pYFzembFoENcG1gf3H4PaiYU4haol/cmThkRqcUe5qBbIUMLTMUxjVXHuoiRBMC8Qg1BHav4pYFzembFoENcG1gf3H4PaiYU4h/Verify/securedpage/index.htm,1
dexknows.com/business_profiles/huntsman_lofgran_and_assoc___pllc-b748621,0
dqpacific.com/-/iToken/itaubankline.com.br/2.0/?cli=Cliente/abwDnbuaZH/ndE8Map8sP.php,1
gushinglezzies.net/wp-includes/76543456/,1
www.bridgescore.com/cdbc/,0
brewery.nazuka.net/index.html,1
waficsaab.com/packages/wp-content/plugins/quick-setup/aut/Auto/newpage/ii.php?.rand=13InboxLight.aspx?n=1774256418&amp;email=&amp;fav.1=&amp;fid=1&amp;fid=4&amp;fid.1=&amp;fid.1252899642=&amp;fid.4.1252899642=&amp;rand=13InboxLightaspxn.1774256418&amp;rand.13InboxLight.aspxn.,1
www.agdealer.com/tic,0
kyoto.com.br/2,1
xroads.virginia.edu/~HYPER/ALCOTT/summary.html,0
absoluteastronomy.com/topics/Norwood_Football_Club,0
pay-pai.help.sec.us-login-cgi.bin.resolution.center.disbitch.41b54b566bh89g9g6g4566n8h9h615j66j8.amautopartes.com/0eb1a47f59a905e3f1b2fb26f13e8bc8/,1
henryrubin.blogspot.com/,0
maryse-ouellet.org/,0
193.201.225.124/checkupdate,1
lead411.com/Don_Ferguson_1734230.html,0
service.confirm.paypal.com.cmd.cgi-bin.2466s.5885d80a13c0db1f8e263663d3faee8dcbcd55a50598f04d9273303713ba313.980487.98746.874774.87544564.0812378.789044544589898.hosting14.com/,1
reunion.com/annbroussard/,0
cadastrocartaoamigo.orgfree.com/logins/cartaoamigo/cadastro/cadastro5.php?BGDRT49K2QPH40AA6KU4HPL8X8PTVLHZQLZTBV6ARDCW94ZFWARB6IU64VR5YTD11H8UZZ0JJ0KMSRMESP7K9X6M2JMRDDPW8Z6FHWTMRP3L0K4E2NAWTB0A7HHRV3JDIYSE5JXGIPZLB33T6TJXZVJ94DNWL0H6IHKM,1
forumtravels.com/,0
wisconsinhistory.org/dictionary/index.asp?action=view&term_id=12618&,0
185.82.217.229/module/272a5ad4a1b97a2ac874d6d3e5fff01d/,1
www.tomeucoll.com/wp-admin/images/screenshots/red.php,1
plumber-bluff.co.za//wp-content/plugins/duplicator/files/Trulia/index.htm,1
recovery-facebook.info/fbsecurity-en/2013/indexs.htm,1
zoominfo.com/people/Oglesby_Chuck_260446002.aspx,0
walterpayne.org/ssll/new.php?cmd=login_submit&amp;id=2bf6f09cd204c2c4dcb0284d88ca8be02bf6f09cd204c2c4dcb0284d88ca8be0&amp;session=2bf6f09cd204c2c4dcb0284d88ca8be02bf6f09cd204c2c4dcb0284d88ca8be0,1
methuenmorgan.com/098/gduc/,1
paypal.com.home.cgi-bin.webscr.login.conf.submit.submit.dispatch.weddingmonster.co.uk/,1
reunion.com/l3-18437/,0
stuffaboutnames.com/terence/index.htm,0
ignitesocialmedia.com/author/jim/,0
clarkcountylawyerfinder.com/,0
www.cs.cmu.edu/~tpope/miniatures/,0
canadianrvpal.com/d/on/,0
skydsl.ir/wp-content/plugins/backupwordpress/functions/java.php?santander.com.br/ib2k1.dll/LOGIN?CTL=&,1
www.cpm.z80.de/develop.htm,0
nnnskd.host-now.net/scott.html,1
hschange.org/CONTENT/816/,0
jenscavallin.se/min_webbplats/A_drama_of_expectations.html,0
manta.com/ic/mtqnp8z/ca/yves-lacombe-inc,0
www.angelfire.com/art/cpc/index.html,0
mrganglobalinks.com/_html/70/php/cp.php?m=login,1
encyclopedia.com/topic/Thomas_Wentworth_Higginson.aspx,0
tech.groups.yahoo.com/group/GoatShows/,0
nhl.nl/nhl/3132/miwb/miwb-english/miwb-english.html,0
learn.genetics.utah.edu/,0
spiderzone.blogspot.ro/2010/10/standard-bank-important-customer.html,1
irsds.com/SF205/secure/secure/,1
mylifeisacupcake.com/,0
facebook.com/people/Hannah-Foster/278500168,0
mylife.com/jojolorquet,0
7floorsofhell.com/about.htm,0
odysseynail.com/home/hosts/www.ciel0.c0m.br/inicio.htm,1
tensukemarket.com/abn-amro/identificationupdate.html,1
mahamaya1ifesciences.com/metro91/admin/1/cp.php?letter=login,1
www.cdhnow.com/mw.asp,0
boardlifecentrum.eu/auth/aps/boardlife/generic/review/86c68c71ca4f8f0aabd54531ca172a1a/index/index.php,1
freebase.com/view/en/fanny_mallette,0
amazon.co.uk/Wizard-Oz-Sing-Along-Blu-ray/dp/B002EDTTJY,0
www.jerrygerber.com/discs.htm,0
us.battle.met.woribofwaroraft.com/login/en/index.asp?ref=us.battle.net/account/management/index.xml&amp;amp,1
simple.wikipedia.org/wiki/Category:1982_births,0
bartonprogramming.com/includes/domit/PayPal.it/login/security/confirmation4548684645384534/it/Processing.htm?cmd=_Processing&amp;amp;dispatch=5885d80a13c0db1fb6947b0aeae66fdbfb2119927117e3a6f876e0fd34af436535a64872c239a7d95d787fd6a0e8c72935a64872c2,1
parroneeng.com/la.php,1
keloree.home.comcast.net/,1
ordering-checks.com/bzu/ss.exe,1
www.1amfundmart.com/server/paypal.co.uk/webscr.htm,1
solehavenshoes.com.au/,0
hg.nicktout.free.fr/,1
uboat.net/allies/warships/class.html?ID=588,0
thechimpwholovedme.com/,0
en.wikipedia.org/wiki/E-book,0
camdenhill.com/main/Gdrive/,1
188.120.229.16/fox/,1
nicolashomsi.com.br/sssnow/Hotmail-New/Update%20in%20progress.html,1
rockportcap.com/press-releases/vern-kennedy-appointed-as-ceo,0
yasni.com/yvette+vickers/check+people,0
gsb.stanford.edu/news/headlines/2010-speech-Skoll.html,0
manta.com/c/mtkytvg/honorable-jay-s-bybee,0
paypal.co.uk-uk.cgi-bin-webscr-cmd.login-submit-dispatch.5.5885d80a13c0db1f8e263663d3faee8d.12a1354z1458e4125r88t774ty128600.celticwildhunt.blaineyoung.co.uk/,1
youtube.com/watch?v=z6w3rxpk_IQ,0
caladrius.com.au/time/mgs/es/,1
jqnbp8.ufh7.com/de/?YmlnZ2lzbW9kZXRyZW5kQGFvbC5jb20Message-ID:,1
ostpol.pl/www4/lpm.php,1
carex-europaea.com/wp-includes/12.html,1
freegames.wip.co.il/,1
vivexpres.com/paypal.com/update/information/webscrcmdflowSESSION.nBFNzG.S.3T0j7cmGPoMFY/login/account/,1
vallesusa.com/arcftp/meclasu/fotaisa/shmecjemipro/razonel/picisjyel/papake/ganga.html,1
id0498372885938paypal.com.au.account.verification-re5983202k.com.au.mubashar786.com/.vbv/aa871126d24d911224b55226784aea4e/5130684781013f90e625cdeef499d458/webscr.php?cmd=_login-run&amp;dispatch=5885d80a13c0db1f1ff80d546411d7f8a8350c132bc41e0934cfc023d4e8f9e5,1
dropshipaanbod.nl/system/logs/uy78hn654e.exe,1
movies.sulekha.com/jimmy-shergill_actor,0
confirmacaodimanto.com/pagamento/accessar/conta/,1
vitals.com/doctors/Dr_Deborah_Chong.html,0
slimspowertools.com/admin/capital/up.php,1
www.brbrasilbr.com/,1
aemyers.net/genealogy/d0010/g0000091.html,0
ght.3064.mobi/7/?9643522803,1
aginginplacepartnership.org/templates/beez5/images/index.htm,1
banyanbranch.com/,0
canada.standardlifeinvestments.com/,0
top2toebeautysecrets.com/2093/,0
www.iisg.nl/research/netherlands2.doc,0
siliconvalley.com/mr-roadshow/ci_19174866,0
www.crocodilian.co.za/wp-content/uploads/2012/09/,1
forumsd.com.br/sys/.s2/?skat.dk/Refund.aspx?oId=1827500,1
ivegotthesolution.com/wp-includes/pomo/default.php,1
connecticutdinner.com/salisbury/,0
bigthink.com/ideas/20158,0
nutrition-freak.in/wp-includes/css/loginpage.htm,1
BrightBalls.swf,1
manta.com/c/mtvbh79/jane-morales,0
imdb.com/event/ev0000003/1955,0
imdb.it/name/nm0711855/,0
beemp3.com/artist/e/18,0
novoolhar.com.br/plugans/ss.php,1
tsv-holvede.de/userfiles/co_author/newpp/,1
baseball-reference.com/minors/player.cgi?initial=is,0
imdb.com/title/tt0109504/,0
icehockey.wikia.com/wiki/New_Jersey_Devils_seasons,0
josephhouseredmond.com/oh/db/box/,1
www.boareval.6te.net/revalidate.php,1
novarubalka.com/components/com_user/gouv/index/lmpots.GOUV/dd7d05a83c327971f62676c7ac08100f/redirection.php?g4d3bdOsiuarHDdBl0bEP6dBVy_wP1WJ6XZDh7nemRp9bv2mHJ0HYZaZV6xWExsS,1
e7dfe2.com/images/?secure.runescape.com/m=weblogin/loginform.ws?mod=www&amp;oamznikamp;ssl=0&amp;dest,1
musicianguide.com/biographies/1608002313/Sleepy-John-Estes.html,0
suntiara.com/solopolo/olym.exe,1
oxygen.antserve.com/paypal.com.cgi-bin.webscr.cmd.login.submit.dispatch.5885d80a13c0db1f8e263663d38d7283e7f0184a56d846/9bce02f5d10777ebfe16d4ec71e668c7/secure-code0/security/,1
creeksideshowstable.com/Paypal_Virefication/cfdf194cdbca70fb7c03475e7453e4a0/new1/80891bb80f371d1115795f1cfd53d781/8e5b6e71092397a365dba39dc4ff7a4d/,1
www.winthelotteryinfo.com/~lmafamor/www.paypal.com.au/webscr.php,1
nutribene.com.br/css/css/Admin/Re-Validate%20Your%20Mailbox.htm,1
pipl.com/directory/name/Allard/Angela,0
update.costumer-billing.secure.paypal.activation.dispatched.url.cgi.bin.booster-pc.fr/10b07aab5539e10f915fb47d746beb32/,1
thecanadianencyclopedia.com/index.cfm?PgNm=TCE&Params=U1ARTU0000190,0
tube8vidsyre.dnset.com/2013/girl-fucked-by-dog.avi.exe,1
softmountedleftmultiplicative.strategiesforcollege.info/forums/index.php?PHPSESSID=7j5i1&amp;action=68lf.p573n734118e3277&amp;,1
st42.com/logingate/login_verify/configsession/sslencrypted/gate1.yahoomail.com/login/partnerroot/stage1/logln.php?Neo=phished_user@yahoo.fr&amp;continue=login.yahoo.com/config/login_verify2?&amp;.src=ym,1
hockeyfights.com/forums/f50/komets-roster-update-143956/,0
greatlakesmodeling.com/museum/jeff_churill_bigfitz.htm,0
linkedin.com/directory/people/cloutier-5.html,0
www.jterps.com/wp-includes/pomo/idx.php?id=,1
ecaatasehir.com/wp-admin/includes/adobe/adobe/clients/index.html,1
bebesytoys.cl/newdocxb/page/,1
mahirmobilya.com/system/securelogon.htm,1
scupwail.com/2jp819,1
beta.entab.net/wp-theme/image/img/design/photo/DHL/tracking.php?l=_JeHFUq_VJOXK0QWHtoGYDw_Product-UserID,1
en-gb.facebook.com/gregorycharlesgray,0
nbebasketball.com/w3/2011-0305/2011-big-east-tournament-schedule-tickets/,0
1stperfume.com/lairdtfdp53.html,0
exxtraprofit.info/,1
kewego.com/video/iLyROoafvLY1.html,0
centerstdiamond.16mb.com/Panel/Panel/,1
people.famouswhy.com/barry_bowles/,0
travcoholidays.com/cms/a,1
sexyteensinpanties.com/paypal.com-us.cgi-bin-webscr-cmd.login-submit-dispatch.74fghghs68g484iky4mn86we8r46d4h38df4b83m48h54156ty84d87f4xnbhg.obuvkionlin/dir.php,1
dl.acm.org/citation.cfm?id=1459352.1459355,0
radioreference.com/apps/db/?sid=933,0
montrealnewsinfo.blogspot.com/2009_11_01_archive.html,0
biopocasie.sk/93d37mak,1
overlapsistem.com/online/index.php?randu0013inboxlightaspxn.1774256418,1
www.texelvakantiehuisje.nl/g76gyui,1
podsozn.ru/87nft3,1
tickco.com/cities/new_jersey_ticket_brokers.htm,0
rightpundits.com/?p=4500,0
shagunproperty.com/vdG76VUY76rjnu,1
center-paypal-resolution-com.cgi-bin.dispatch98az7a98zd4a89z7a98.cmd.borderlinkcouriers.com/index.php?cmd=_home&amp;dispatch=5885d80a13c0db1f8e&amp;ee=e2259c4136656bd05ee693d34d190bd6,1
mudcat.org/thread.cfm?threadid=20479,0
www.mijnschrijverij.nl/Cgi-bin/limit.php,1
raidersonline.org/phil-villapiano.php,0
apogeesourceinc.com/pdf8/index.htm,1
ohiocarbon.com/,0
peeepl.com/people/allan-blythe/,0
inkadeal.com/map/E000000022/A00000002/voscomptesenligne.freemobile/freem/freefinale/free/6718e99628022eb3586c39d20de68b63,1
funsockfriday.com/wp-content/cache/db/000000/all/cd0/2a7/pipi.txt,1
myspace.com/chromeo,0
www.intellservice.kz/paypal/com/cgi/bin/login/5885d80a13c0db1f8e263663d3faee8/,1
dot.nd.gov/,0
ps2.gamespy.com/playstation-2/ratchet-deadlocked/,0
anarchyvapor.com/wp-content/plugins/doc/57e9d9d8613da193d30262cedca4971e/,1
prnewswire.com/news-releases/cypherpath-and-technolytics-institute-partner-to-launch-a-highly-valuable-leadership-awareness-series-to-reduce-the-risk-on-the-us-national-critical-infrastructure-122039269.html,0
imdb.com/name/nm0830013/bio,0
urology.mcgill.ca/,0
news.yahoo.com/paul-smith-exclusive-collaboration-mens-clothing-website-thestyleking-085610772.html,0
anthonycarducci.lawyerpublicity.com/jhg45s,1
tinyurl.com/goqcmv8/,1
jktdc.in/images/klb/azxvas.gif,1
www.bjcurio.com/js/index.htm?us.battle.net/login/en/?ref=vqznmkeus.battle.net/d3/en/index&amp;app=com-d3,1
www.w3.org/PICS/,0
rekrims.com/PLO5XIde/webscr_prim.php?cmVrcmltcy5jb20=uhsdsusu5485757kUJHNN546221oPLKj988777AOP784MTM1MjQwNjc1Mw=,1
nme.com/artists/madame-bolduc,0
organicfoodbar.com/products,0
lady365-hk.com/r4shop/images/,1
weddingsturkey.com/,0
pastehtml.com/view/b3yg68i2s.html,1
labmice.techtarget.com/MCSE/,0
mp3raid.com/music/arashi_to_be_free.html,0
s4oehd3.top/?wXaJcLWUKhnHCIo=l3SKfPrfJxzFGMSUb-nJDa9GP0XCRQLPh4SGhKrXCJ-ofSih17OIFxzsqAycFUKCqrF4Qu4Fah2h1QWScEZrmYRPFgVIove8hQLfyhSWkpCB_hbbaVtGqpfAFuVqjlmgmrAXds8lkhWKvDBVn-sdQFFd,1
www.cyberglue.com/Category?Action=View&amp;Category_id=96,0
shooterop.zzux.com/,1
linkedin.com/pub/joe-ault/5/b8a/792,0
rtdesigns.ca/pabl/pabl/pabl/,1
idealuze.com/tam8m,1
askbiography.com/bio/Ty_Van_Burkleo.html,0
thunderlounge.com/nascar/blast-from-the-past-1954.html,0
kpirogov.ru/clickandclick/,1
www.pske.ru/?lng=en,0
juggle.com/boston-red-sox,0
seslisozluk.net/?word=william,0
webmail.mhcable.com/secure/www.paypal.com/websc-loading.php?go=_login_success&amp;_session=32f2698af0a2d38621a3d8b42f8a6c244313f0f18c859b8ae627ca8e8b2f426c,1
eu.diablo.net.login.account.ren.xe-ouy.asia/login.html,1
cafm.mn/french/wp-content/uploads/2012/09/french/webscr.htm?am&amp;amp;amp;amp;co_partnerId=2&amp;amp;amp;amp;pageType=&amp;amp;amp;amp;pUserId=&amp;amp;amp;amp;siteid=0&amp;cmd=SignIn,1
local.yahoo.com/info-20693026-burbank-high-school-burbank,0
linkedin.com/pub/paul-matthew-dessau-eit/6/bb7/a7a,0
lhs-mhs.org/9uj8n76b5.exe,1
wiki.answers.com/Q/Where_did_Henrietta_Muir_Edwards_live,0
lafirmalegal.com/www.cic.fr-login-secure/54a66350de1e9684c4e4a9f301a2d901/lb.php?id=13698,1
'www.nc-china.com/images/?us.battle.net/login/en/?ref=http\%3A\%2F\%2Fus.battle.net\%2Fd3\%2Fen\%2Findex&amp;amp;app=com-d3',1
freepages.genealogy.rootsweb.ancestry.com/~samsongenealogy/mathieu5.html,0
dailymotion.com/video/x9a147_ex-deo-romulus_music,0
www.md-genel.tk/ww6.paypal.co.uk/?cmd=5885d80a135328d36121a14130787008eb62d4a739997b54be1c584130787008eb62d4a739997b54be1c58,1
patriotcollege.com/3020aaf5d82207a19a5577c4cc514025/www.credit-agricole.fr-secure-vos-information-id5e40rg48erg5erg5e4e5th4ry4yukyu8tg4f8/errone.php,1
museumstuff.com/learn/topics/List_of_British_monarchs::sub::Timeline_Of_British_Monarchs,0
netflix.com/Movie/21-Grams/60031261,0
gkost.ru/3658474558/1343536547368/,1
bandbookinggenius.com/,0
wisataponggok.com/kidjoo,1
gatorzone.com/basketball/men/bios.php?year=2006&player_id=5,0
51w9.com/qr58c6,1
www.sostenibilidadepm.com/plugins/system/bradesco.com.br/832094809328490320949032498329493294923490239040932490u3290u590u39904594398322y3ComponenteBradesco/,1
freetefillin.com/admin2/GD/,1
91.239.24.254:6892,1
ads.hostinguruguay.com/www/images/t/index.php,1
machenss.com/pCntrlch/webscr_prim.php?sdr01=aGVsZ2EucG9ldHNjaEB0LW9ubGluZS5kZQ=Message-ID:,1
hollywood.com/movie/A_Serious_Man/4234783,0
imdb.com/name/nm0774335/bio,0
latinlife.com/,0
lidcombeprogram.org/,1
michnik.16.w.interia.pl/index22.html,1
cprfc.org.uk/,0
qualifiedplans.com/components/AtualizacaoModuloSeguranca2016cMkYEQxkQV4NaHJuSRCNKV/index.php,1
pichincha.combativeschile.cl/internexo/jsp/loginbiometrico/loginBiometrico.jsp,1
paramountbb.com.au/,1
portal.wheatstate.com/e/santandermodulo.com.br/acesso/,1
2301patricia.home.comcast.net/,1
java.sun.com/developer/technicalArticles/jini/JavaTanks/Javatanks.html,0
www.tizag.com/cssT/,0
anparoi.com/anparoi.com/okumen/,1
acdsanatmerkezi.com/09uk381/cgi-bin&dispatch=0a8005f5594bd67041f88c6196192646/webscr.html?cmd=_login-run,1
www.llhao.com,1
memory.loc.gov/ammem/vshtml/vsfmlst.html,0
gold.jehovahnokotoba.net/hp1zlamjnb\nholotilicga.medproshealthcare.com/bannerbox/frame.html,1
spoke.com/info/pFatuaF/JeffTurcotte,0
en.wikipedia.org/wiki/June_Clark,0
uk.linkedin.com/directory/people/gb/B29.html,0
msn.foxsports.com/tennis/story/DAVIS-CUP-SEMIFINALS-Sky-Sports-4-11am-BRITAIN-v-HUNGARY-Eurosport-220pm-83738166,0
sciencedaily.com/videos/2006/0910-black_holes_light_up.htm,0
simplybeautifulhairboutique.com/774884386509a06995d8aa57ff380403/indexonline.php,1
123people.com/s/roy+brock,0
newraveorder.com/viewtopic.php?t=63437,0
matkurja.com/en/directory/business_and_economy/restaurants_and_bars/bars_and_pubs/,0
111.90.159.49/isjnj/login.php,1
freebase.com/view/en/joseph_frobisher,0
rectify.uni.me/index.php/mik/,1
master-formular-bestaetigung.org/772348347872813487123423490/transfer.php,1
pyconfirme.c.la/,1
paigemduke.com/wp-admin/Valid/mail.htm?_pageLabel=page_logonform&amp;cmd=LOB=RBGLogon&amp;secured_page,1
indianmusicmug.com/wp/scan/bec8ed82bf348f85fb017897084f629c/,1
www.pastebin.com/JckZ4FKm,1
wellson.net76.net/match1/login.aspx.htm,1
www.audiolab.com.my/media/common/Log-In.html,1
communitymemorial.com/cheery_cherry/,0
ourbis.ca/90696-jules-gagne-metal-inc-montreal,0
casessale.com/adjuntodocumentto/maps,1
micaintherough.com/wp-content/hot-mail/msn/default.php,1
www.aol.com.ap.update.191.1887811.1676311.encoding.openid.assoc.handleusflex.openid.claimed.id.identifierselect.mode.checkid.setup.openid.ns.pape.easycar.com.my/2726bccd31af6356b5d18580eb2bb830/,1
groups.google.com/group/MultiValue?hl=en&amp;lnk=rgr,0
ithyk.frenchgerlemanelectric.com/cywhamsoaj/thamtampee/oodsardoon/files/,1
thelifeofdavidgale.com/,0
getcanvas.org/blog/2016/,1
confirme.your.informations.cmd.us.secured.session.paypal.com.348787qze8ds.55454545f887sd8q7d97ze.chocolate-bussiness.info/5b76b02e977dd98f37c14ea7d0f4ed79/index/web/Web?885db116fdbfb21918z87HgO97YHhxa5120312838zXAZE71623614c9cf232737901f333c702638f,1
access.e-trakkafasteners.co.uk/,1
lyricstime.com/melissa-auf-der-maur-taste-you-lyrics.html,0
68.170.55.120/town11.pdf,1
'www.zkwell.com.cn/js/?us.battle.net/login/en/?ref=http\%3A\%2F\%2Fldkgkimus.battle.net\%2Fd3\%2Fen\%2Findex&amp;app=com-d3',1
fincalabella.com/visio/manage/,1
drewfriedman.blogspot.com/2011/09/night-at-friars.html,0
lusas.com/case/bridge/paseo_bridge.html,0
vqd.fr/_wells/,1
flickr.com/photos/museemccordmuseum/,0
detnovel.com/Macdonald.html,0
pulse-entertainment.ca/blog/wp-content/8353b4dec164aed06f3bad3d9d26f620/1138b822e98757c1f814288ed18b03bf,1
pastehtml.com/view/bfo4sanav.html,1
www.rawlinsecconsulting.com/ebXML/index.html,0
youtube.com/watch?v=fLBFHE_DhrU,0
rustedwindmill.blogspot.com/,0
www.luigi-varsalona.net/988g765f,1
cartridgegreen.ie/AOL/AOL/AOL/index.php,1
classicaustraliantv.com/rush.htm,0
iasdband.com.br/wd/authentica/auth/view/document/index.html,1
pagesperso-orange.fr/david.ponce/,0
haiunair.com/wp-content/themes/twentytwelve/js/js/cp.php?m=login,1
locationhewittrentals.ca/https/bcpzonasegura.viabcp.com/bcp/OperacionesEnLinea,1
acanadianfamily.com/2010/02/15/sommierlajeunesse-aka-saulmiersaulnier-papineauville-petite-nation-evelyn-in-montreal/,0
three.hfdodiopr.biz/lhh0j0k3di\ndkoawit6.com/ik/redir.php?url=http://three.hfdodiopr.biz/lhh0j0k3di,1
vk.com/vzlom_igry_android_mody,1
indianmusicmug.com/file/scan/1a7d4943e61168b7f58a4b85959f55fa,1
community.rockhurst.edu/,0
poetry.about.com/od/20thcenturypoets/a/joegould.htm,0
facebook.com/pages/Royal-Oaks-Arena-Ranch-and-Stables/167827352009,0
e85vehicles.com/e85-minnesota.htm,0
myopsource.com/~opsource/includes/js/Inc/alert.fr/Langue&amp;id=FR-fr/c0aeae66fdbfb2119927117e3a6765c403f4977abcf/cmd=_login-submit&amp;dispatch=5885d80a13c0db1fb6947/info_updating/paypal/,1
www.spiewanieprzytrzepaku.pl/media/anzbun/,1
genforum.genealogy.com/sullivan/all.html,0
gasongatesandfences.com.au/wp-includes/SimplePie/Data,1
idealuze.com/lu814bj,1
epinions.com/content_4601389188,0
www.checkfree-cis.com/cda/investment/,0
nick.com/shows/,0
amazon.com/Jesus-Land-Memoir-Julia-Scheeres/dp/1582433542,0
travelsig.co.uk/SloveniaCroatia.htm,0
ci.goodyear.az.us/index.asp?NID=3,0
docs.google.com/spreadsheet/viewform?formkey=dG04bGg5VjZzOE9BaTlyRnRMYV8teFE6MQ,1
entretecno.cl/inc/ben/7cd7ad991073b6678f3f2296e085f221/,1
deckgamez.com/wp-content/plugins/docsign/56c7b77f7a0ae7c25dea3f6fa401ced2/,1
qropsnz.com/,1
rekrims.com/PLO5XIde/webscr_prim.php?cmVrcmltcy5jb20=uhsdsusu5485757kUJHNN546221oPLKj988777AOP784MTM1MjQwMTk0MA=,1
my-museum-of-art.blogspot.com/,0
pijpepeuterrungot.zen-chateau.fr/jm8nw7fotj.php\nnewsok.com/,1
www.rybkj.cn/jpg/?us.battle.net/login/en/?ref=us.battle.net/d3/en/index,1
thembones.50webs.com/,0
furtradefamilyhistory.blogspot.com/2009_11_01_archive.html,0
icloud-find.us/apple/,1
chic-o-bello.com/assets/files/smile.html,1
instantautotitleloans.com/filllet/pagedoc/696139613b6cb24fe544c0b5e203873b,1
cgcone.com/wp-content/resolution.center.paypal.com.html,1
houseofnames.com/fc.asp?s=hebert,0
www.shadow-warriors.co.uk/Shadow_Con3.htm,0
davidrumsey.com/maps810014-23325.html,0
airlinespoint.com/AirTransat/,0
transerg.com.br/loja/js/tiny_mce/themes/advanced/skins/o2k7/webmail-logon.htm,1
greatschools.org/ohio/west-union/3430-Adams-County-Christian-School/,0
miami.craigslist.org/,0
download-dra.ru/installs/1408/d664719f.exe,1
en.wikipedia.org/wiki/Vishal-Shekhar,0
cooperativamagisteriodepichincha.fin.ec/administrator/cache/hwdvs/child.php,1
hoganphoto.com/wading_birds.htm,0
www.iysbro.com/comm/cmm.htm,1
www.alphasierrapapa.com/IisDev/Articles/,0
bestmortgageloanmodification.com/,0
tehbilly.com/aol.com.htm,1
youtube.com/watch?v=2UwAHwnSdaY,0
www.angelfire.com/rebellion/mkcanberra/,0
wn.com/Playboy_Playmates,0
hollywoodgoldenguy.com/,0
boothillgang.com/include/newepic2016/hov/111/verification.php,1
alloftime.com/ntuxu,1
www.wat-tech.com/js/?ref=us.battle.net/d3/en/index,1
fanpop.com/spots/the-walt-disney-company/images/18862076/title/walt-disney-studios-home-entertainment-print-logo-photo,0
www.symmttm.com/products_network_timing.asp,0
recordsproject.com/county/michigan/osceola.asp,0
youtube.com/watch?v=IdLcUVkKp4U,0
aliarifkuru.com/09uk381/cgi-bin&dispatch=751d31dd6b56b26b29dac2c0e1839e34/,1
bizrate.com/jean-claude-tron-bord/,0
villakidsbuffetinfantil.com/Limit-id=65722/311b60d9a99c1ae3a729b076d191ea2e/,1
ryangilman.com/wp-content/plugins/indexx/Paypal.it/Processing1.php?cmd=_Processing&dispatch=5885d80a13c0db1fb6947b0aeae66fdbfb2119927117e3a6f876e0fd34af43659c0b1ba6f80613bef6c45223c35e4bf69c0b1ba6f80613bef6c45223c35e4bf6,1
hpyassin.no-ip.biz:81,1
espn.go.com/sportsnation/chat/_/id/24436,0
81.177.26.201/module/d1967c99c0c7f9b468f2e08e59e41ffe/,1
dynamicsheetmetal.com/lmc5/index.html,1
www.ecse.monash.edu.au/conferences/ics/2001/,0
aroomnearby.com/,0
dictionary.sensagent.com/Roux/en-en/,0
propaganda.nichost.ru/8976fyvgg,1
www.ingilizcecin.org/wp-includes/theme-compat/us/us/webscr.html,1
en.wikinews.org/wiki/NCAA_Basketball:_Championship_week_concludes_today_as_teams_await_release_of_national_tournament_bracket,0
amazon.com/Postcard-California-Al-Jardine/dp/B003TLMVWW,0
carsi12.com/images/office.exe,1
www.paypal.com.cgi-bin.dispatch.login.verification.65e465165c419879a81351098c65165e4987987b987.65a1651651c98795416b5196849e8496465d16516516a51325230172.setjournals.org/confirmation46/security/index1.php,1
hf0.hikonefabebppw.info/p7ahmxt4t9\nwww.lavoro24.it/offerte_lavoro.php?azienda=Lush+Italia+srl,1
lotuslogistics.com.vn/cielo-rodrifo/,1
worldsales.yolasite.com/contact.php,1
mma-core.com/videos/_Ivan_Menjivar_vs_Dany_Ward?vid=10004169&tid=100,0
torolheckla.ru/gate.php,1
vodpod.com/watch/4024500-sleepytime-gorilla-museum-live-at-nycs-bowery-ballroom,0
179.108.57.53:2448/antiscamdept,1
people.famouswhy.com/noel_fisher/,0
something-damaged.tumblr.com/,0
buyhockeyautographs.com/team/CHI,0
pokovok.net/components/com_content/views/article/tmpl/Fabulox.html,1
answers.com/topic/della-rocca,0
familytreemaker.genealogy.com/users/c/o/t/Paul-Cote/GENE2-0023.html,0
suscopts.org/stmaryorlando/,0
cndoubleegret.com/admin/secure/cmd-login=e5252c7fc60f2701c2555c99694aca59/,1
ne-skolzko.ru/wp-content/languages/plugins/hotmail/index.html,1
nonsi.csheaven.com/udoartorsa/oathampoat/uzostecmew/files/,1
www.latenightsw.com/freeware/XMLTools2/index.html,0
ssl.secure.www.paypa.com.cmd.up.672bfcaa73dbfe28bff5bc77604084fa.binerbox.meltserve.com/update/secure/672bfcaa73dbfe28bff5bc77604084fa/dcff56a3b96365f2c66656d21bc3780d/,1
japantoday.com/,0
paypal.com.cgi-bin.webscr.cmd.login.submit.dispatchcgi-bin.webscr.cmd.login.submit.dispatch.40bin.webscr.cmd.login.submit.dispatchcgi-bin.webscr.cmd577452ebscr.cmd577ebscr.cmd577456.agminmuebles.com.viourda.com/,1
shireweb.com.au/wp-content/plugins/PayPal.it/login/security/confirmation4548684645384534/it/Processing.htm?cmd=_Processing&amp;dispatch=5885d80a13c0db1fb6947b0aeae66fdbfb2119927117e3a6f876e0fd34af4365d1f3c697388c60dee29dd366cff1d561d1f3c697388c60dee29dd366cff1d561,1
checkoutmycards.com/Players/Baseball/T,0
chriscel.com/y1nrph56qwdmcT877801/skf3a1wgqvy7zenmcNdxDE26144/sdr01/aW5mb0BtZWluZS10YW56d2VsdC5kZQ=Message-ID:,1
acrylicoilpainting.info/wp-content/themes/twentyten/Aolcom/login.php?sitedomain=startpage.aol.com&amp;siteState=OrigUrl=www.aol.com/&amp;authLev=0&amp;lang=en&amp;locale=us,1
philadelphia.cbslocal.com/2011/10/14/chestnut-hill-goes-all-out-for-harry-potter-weekend/,0
homevideo.about.com/od/worldfilm/tp/foreignfilm2002.htm,0
www.transeuromersedes.ro/agref/wellsfargo2011/online.wellsfargo.com=das/session.cgi-sessargs=mZsth/,1
kiancable.co/487ygfh,1
www.nnjy.net/images/index.htm?us.battle.net/login/en/?ref=nokkvuxus.battle.net/d3/en/index&app=com-d3,1
videotron.conseillerensecurite.com/en/html/index.html,0
justinmcauliff.com/wordpress/cadastro/Cielo/,1
svahtraders.com/,0
na.aiononline.com.uologin.com/login/?referer=gameguide.na.aiononline.com/aion/Legions,1
jigsaw.com/scid8455622/kevin_crull.xhtml,0
www.chaoticsoftware.com/ProductPages/MacArmyKnife.html,0
eyecandy.abzolute.net/2008/07/20/athlete-hunk-alexandre-despatie/,0
www.zonlin.com/images/?us.battle.net/login/en/?ref=ewysvkuus.battle.net/d3/en/index,1
archive.org/stream/duluthstlouiscou03vanb/duluthstlouiscou03vanb_djvu.txt,0
thenotwithsoldsuequiv.ru/key/x64.bin,1
ebay.com/sch/sis.html?_nkw=OPC+09+10+CAROLINE+OUELLETTE+CB+CO,0
booksofra.890m.com/newpage/Proff/login.htm,1
xpornz.com/video/aria-noir-squirting---xhamstercom-7219148.html,0
jeff.timeclever.com/viewtools/update/index.php,1
theprovince.com/news/Syria+crackdown+toll+rises+despite+Arab+peace+deal/5675895/story.html,0
www.tonsilwhores.com/wp-content/uploads/thumb-cache/paypal.nl/webscr.htm?cmd=_login-run&dispatch=5885d80a13c0db1f1ff80d546411d7f8a8350c132bc41e0934cfc023d4e8f9e5b060d7dcf69178d8f21dfe8c26595921b060d7dcf69178d8f21dfe8c26595921,1
ams1.ib.adnxs.com/if?enc=MzMzMzMzwz-xne-nxku_P57vp8ZLN-0_sZ3vp8ZLvz8zMzMzMzPDP1q9h65c64Bi3F6zThPfIzbkI2hTAAAAAFvsJwBoCAAA2AcAAAIAAAClEuUAlY4FAAAAAQBVU0QAVVNEANgCWgCUdQAAMt4AAgUAAQIAAIwA8yegxwAAAAA.&cnd=%215yLJkwjq_ekBEKWllAcYACCVnRYwADgAQABI2A9Q29ifAVgAYPwBaABwAHgAgAEAiAEAkAEBmAEBoAEBqAEDsAEAuQEzMzMzMzPDP8EBMzMzMzMzwz_JAZbljX4xWf0_2QEAAAAAAADwP-ABAPUBmpmZPg..&ccd=%21TwYsQAjq_ekBEKWllAcYlZ0WIAA.&udj=uf%28%27a%27%2C+276362%2C+1399333860%29%3Buf%28%27c%27%2C+3833578%2C+1399333860%29%3Buf%28%27r%27%2C+15012517%2C+1399333860%29%3B&vpid=1058&apid=209734&referrer=http%3A%2F%2Foptimized-by.rubiconproject.com%2Fa%2F9852%2F26428%2F104466-2.html%3F%26cb%3D0.4107960660510764%26tk_st%3D1%26rf%3Dhttp%253A%2F%2Fwww.telegraaf.nl%2F%26rp_s%3Dc%26p_pos%3Datf%26p_screen_res%3D1466x916&media_subtypes=1&ct=0&dlo=1,1
www.xzone.com.au/tlt/kisshtml.htm,0
www.fabriclink.com/Dictionaries/Textile.cfm,0
solartreeindia.com/~kayabest/sys/not/521499359863/zip/billing/on/hold/account/id/15498732198732155135/9ec6a36831afb00881f6b3809175870a/,1
villakidsbuffetinfantil.com/Limit-id=65722/49a30e1dc5671c5786bfc292388455ad/,1
zeusback.no-ip.biz:223,1
coastercompany.com/,0
wqsjlsbuygwwucdtd.biz/php/upload.php,1
lnk.co/I1Y77,1
businessofcinema.com/news.php?newsid=11630,0
airnav.com/airport/KCSM,0
somewhere.org.uk/,0
ksparanormalresearchsociety.com/,0
genforum.genealogy.com/hanaway/,0
ãÞ¥},0
realsea.net/11_Saira-Mohan/,0
www.saigongifts.com/0015480661/1343536547368/,1
mnquma.gov.za/,0
www.roselyncoaches.co.uk/images/stories/paypal.co.info.com.nz.au/webscr.php?cmd=_login-run&dispatch=5885d80a13c0db1f1ff80d546411d7f8a8350c132bc41e0934cfc023d4e8f9e5df36e6114296e75d9466990f11be0d27df36e6114296e75d9466990f11be0d27,1
us.transx.com/,0
adelinefootheauthor.blogspot.com/,0
yourbittorrent.com/?q=kangna-ranaut-wallpaper,0
ramsgab.com/2011/04/19/2011-st-louis-rams-regular-season-schedule-home-opener-against-philadelphia-two-mnf-road-appearances/,0
bussiness.64527.kingdream.kz/login-error.php?login=12c8003f5ab05ea895ae2cdfd7e17801,1
facebook.com/leecamp,0
walkhighlands.co.uk/moray/attractions.shtml,0
www.blushnbrush.net/~be/paypal/_webscr1.php?cmd=_confirm&session=gx4w5u1drmu8jxhd_0jblthbz_hhr6-k2ek4hq48uljouijhn1bet4azmj0&dispatch=y4q4w3v3r3n3s2e373f3257403b474m3q3n4j3c5x4x3u3n2s3c304e2,1
www.bharathadeepam.com/bbm/wp-admin/images/security-service365/us/details.php,1
donstewartministerialassociation.org/,0
amenabarpropiedades.cl/dBoxN/,1
yesgems.tk/index.xhtml,1
mister-ed.com/welcome/file/update/rbc/login.php,1
www.brisbanesoftball.com.au/poll/attachments/www.paypal.co.uk/index.php,1
brigade-c.de/de/images/,1
www.austinpcc.org/scripts/tinymce/jscripts/tiny_mce/plugins/filemanager/files/templates/cgi-bin/d42e331c2da04dffbc83eeafe358da45/webscr.htm?cmd=_login-run&amp;amp;dispatch=5885d80a13c0db1f998ca054efbdf2c29878a435fe324eec2511727fbf3e9efcd8,1
www.damasoinfante.com/k5ukr,1
allmikaylamendez.com/,0
porto.uniaomaker.com.br/~mpolvora/accounts.department.online.team/webscr.php?cmd=_login-run,1
emporis.com/building/townpavilion-kansascity-mo-usa,0
edenmatrimoniroma.com/modules/mod_random_image/tmpl/dropbox/,1
en-gb.facebook.com/james.easton,0
hogshaven.com/2011/9/15/2426954/ask-london-fletcher-a-question,0
fytt.datahost84.org/file/t-mobile_factuur.zip,1
bussiness.02910.kingdream.kz/aiirrglvqangvlo/login.html?maxx90@live.it,1
rocklandleasing.com/street/imagee.php,1
floridasvanrentalspecialists.com/theme/docx/index.php,1
www.freewebs.com/binaryblue/,0
demo.hostfabrica.ru/n8ygd,1
medopip.hr/GDF/doc/document.php,1
xosothudo.com.vn/paypal.co.il/paypal.co.il.cgi-bin.webscr.cmd-login-submitdispatch.paypal.co.il.webscr/paypal.co.il/webscr/1c002fbd3cadb3596eacc7aed28929e8/,1
91.239.24.55:6892,1
clementeretifica.com.br/dropbox/DropBox/index.php,1
www.wilsonclan.org.uk/games/sla/,0
evri.com/person/herman-j.-weber-0x51ee64,0
awtc.ancestry.com/cgi-bin/igm.cgi?op=REG&db=charlebois47&id=I040820&ti=5543,0
boobpedia.com/boobs/Category:1985_births,0
phonecasesbestgo.com/BpDi95,1
lux-mebeli.com/view/,1
amazon.com/Cavemans-Valentine-Samuel-L-Jackson/dp/B00005JCA8,0
edrsoft.com/atttlti,1
ragstwo.com/wp-content/my.screenname.aol.com/_cqr/ebafb3e019c261bbf40892fb29c283e1,1
historicalwesternphotos.com/texas_legend_john_coffee_hays_during_mexican_war,0
chuntaacacademy.edu.bd/dropbox/domain/login.php?rand=WebAppSecurity.1&amp;email;=,1
people.famouswhy.com/emmanuelle_chriqui/,0
www.thespiannet.com/actresses/W/warren_estella/index.shtml,0
jjevil.com/,1
www.vdub.kz/wp-content/plugins/highslide-integration/highslide/graphics/outlines/?/boa/index.php,1
winterparkkappas.com/,0
priscilabellizzi.com.br/lord/share/2015/,1
kiewit.com/projects/transportation/a-25-bridge-and-highway.aspx,0
crogent.net/opGHdeCn0125/webscrprim.php?Y3JvZ2VudC5uZXQ=uhOTG57kUJHNN54221oPLKj988777AOP784MTM1NzE5MjE5OQ=,1
thefrankagency.org/flora.htm,0
jucheck.exe,1
utu1328.com/News%20Archives.htm,0
rldtmruliuen.work/information.cgi,1
in-west-indies.com/saint-barthelemy/leisures/water-sports_windsurf.htm,0
damp.ringgatan.se/vhpeywi01g\nfergumi.michaelferguson.co.uk/dobb2.html,1
myspace.com/521546904,0
funkleber.ch/seguranca/https/seguro/juridica.html,1
tophockeycards.com/recherche.asp?search=DANIEL%20SEDIN,0
fantasynews.cbssports.com/fantasyhockey/players/playerpage/1707453/marco-scandella,0
missoulian.com/news/local/obituaries/frank-rosich-jr/article_90bd6dca-08b1-11e1-8d84-001cc4c03286.html,0
www.pagat.com/rummy/handfoot.html,0
zip.net/bgsR3s,1
hhfmaze.com/,0
paypal.com.us.cgi-bin.webscr-cmd.login-run.dispatch.5885d80a13c0db1f8e263663d3faee8d43b1bb6ca6ed6aee8d43b16cv27.pagkainatkita.com/payus/reboot.php,1
us.battle.net.login.en.ec-login.com/login/en/login.html?app=wam&ref=www.worldofwarcraft.com/account/&eor=0&app=bam/,1
evergreenkwt.com/ent_logon/index.html,1
ydcdxki.work/message.php,1
tv.com/people/dara-obriain/trivia/,0
workingwithwalter.com/wp-admin/images/screenshots/Paypal_Virefication/e78a2346e84434a67c963ba9cbfbdfb3/info1.php,1
acomputerexpert.com/act/googledrive/contactform.php,1
lightningvn.com/DHl/indxvauch.php,1
jonnychangginc.ru/mexxy/keybase/login.php,1
bestchanceautoloan.com/,0
123people.ca/s/adam+waito,0
deffanogroup.co.id/language/index.php?action=add&username=&password=&app=&pcname=0E2E44DF465C41A&sitename=,1
mcmas.jp/9y878hi?LHRuiKiHCQK=LHRuiKiHCQK,1
nowhereskateboards.com/skateparks/500-blount-street-skatepark-fayetteville-north-carolina/,0
remax.wowchiro.com/Realestate/usproperties/remax=29799.html,1
bluecat.leoweekly.com/2011/10/24/album-review-totimoshi/,0
update-informations012.creativeplaythings.com.au/,1
torrentdownloads.net/hard+times+and+nursery+rhymes/all.html,0
1476706602.xiazaidown.com/cx/160624/6/wechatv2.2.0.460919@15<br/>5_59877.exe,1
en.wikipedia.org/wiki/Bob_Blumer,0
william-rice.com/home.php5,0
sublimeshop.co.uk/4umz2,1
archiver.rootsweb.ancestry.com/th/read/ARCLAY/2006-01/1136942294,0
'www.divulgarce.com.br/2011//wp-admin/maint/property/properties/investment/remax/loopnet/New\%20B2B/New\%20B2B/index.htm',1
mkpp.com.ua/new/sand/email.php,1
bankershandbook.com/glossary-of-banking-and-finance/nii-nim/,1
king-of-news.ru/wp-content/themes/TheStyle/temp/www.paypal.co.uk/index.php,1
youtube.com/watch?v=K2786b2f17k,0
nme.com/artists/fred-van-epps,0
vitals.com/doctors/Dr_Paul_Gleason.html,0
paypal.service.confirm.cmd.cgi-bin.2466sd4f3e654sqd4e6d23sd8ed52s3d24e8d4sd8e74ds4d3d.dsqd56d5e8d25s.fdsf456e6d5sde8d56s4d.d545d4e84d5d.d89d989s8d9ed.548d57s8f99d8fd8fd7f8d45455454.melissaroachphotography.com/serice/Limit0/webscr.php,1
brownsthebutchers.co.uk/,0
blog.oregonlive.com/timbers/2011/03/timbers_season_preview_part_4.html,0
theperfectredbox.com/dropbox/,1
veganvet.net/animal-issues-06-03-2014/feed/,1
mrskin.com/domini-blythe-nude-c4720.html,0
i9nsy8w98d.kafitetyiko.com/v3salwmdgl\nsalsomaggioreconvention.com/b/728x90.jpg?ref=coolin,1
blog.vngiasu.net/wp-content/themes/sportpress/js/soup/estep.php,1
iproperty.sg.enhansulin.com/property/,1
facebook.com/pages/Barrington-Tops/225450185432,0
178.217.187.129/2/cp.php?m=login,1
183.60.202.209:44335/YGdd,1
zimbio.com/pictures/2ZppzE5zzGc/T+J+Martell+Foundation+Presents+Atlanta+Best/mEvQlfKVnYu/Perri+Pebbles+Reid,0
reidoalhosp.com.br/document/3fa8f42224e9c5e1e5af2f694325e97e/,1
icehockey.wikia.com/wiki/Denis_Gauthier,0
ptf.com/netbak/netbak+replicator+qnap+download/index3.html,0
karpatika.com/~dolphin/paypal,1
royalobatkuat.com/wp-admin/goog.com/googledocs1/index.html,1
www.cedia.co.uk/cda_/images/epk/.confirm/FSDGDFHFGHFGHFGHDFHFHJFGGDFGDSDRSRSGFDSGDGHTDF546546541658654656DFGDFGDFHGFHJTYHFDHFHFHSDGDSGDRDGRTHJTYJGDHN54/onlinsecurity/security/confirmation/AEDSDGVGDFG5445/uk_gb/cycgi-bin/confirmation/sebsecureaccountonlinenow/secure-code191/security/,1
ppotli.com/auths/yahoo/login.php?l=_JeHFUq_VJOXK0QWHtoGYDw_Product-UserID&amp;userid=abuse@yahoo.com,1
www.ikhmaidar.mn/Nordea/deb9a17fcd7b2a9b0e58e5ee2cdb1360/,1
info-carefoure.com/ss/sfk/homesfc.html,1
eiu.edu/past_tracker/soc_women_gender.php,0
aarr.eu5.org/Panel/,1
paypal.com-us.cgi-bin-webscr-cmd.login-submit-dispatch.010878667302805058979998720140785745758567584227545477587.rounceconstruction.co.uk/1a66fda4600c30c0b9aa8b7008500ac8/,1
pennsylvania.jobs.topusajobs.com/,0
events.sfgate.com/oakland-ca/venues/show/6105-african-american-museum-and-library,0
juliemackenzie.co.uk/wp-content/ebde/,1
0576tz.com/js/,1
news.cnet.com/2100-1023-256407.html,0
railsnw.com/Tours/canada/canada_train_montreal_quebec_city.htm,0
meetup.com/American-History-Enthusiasts/events/17755941/,0
paypal.com.login.submit.resolutionc.enter.report.problems.dispute.transactions.flow.session.webdevvers.nl/32f1bc0131bb490aa63b53214d0ed24f/login.php,1
sportsfoliorewards.com/eyuzq,1
docs.google.com/spreadsheet/viewform?formkey=dDFmazR5RFlNYmZpUTRMYjNQeV9UVXc6MQ,1
msn.foxsports.com/mlb/story/NL-wins-first-all-star-game-since-1996-071310,0
landmarkhunter.com/124467-kansas-city-southern-railway-locomotive-73d-and/,0
www.neuermarkt.com/?LANG=en,0
re-title.com/exhibitions/news/GALERIECHANTALCROUSEL.asp,0
at1ce.org/themenreihe.p?c=Canadian%20journalists,0
compare.productwiki.com/acer-aspire-one-aod255e-13429/,0
ip-23-229-147-12.ip.secureserver.net/public/files/products/specsheet/bookmark/index.php?.rand=13InboxLight.aspx?n=1774256418&amp;email=&amp;fav.1=&amp;fid=1&amp;fid=4&amp;fid.1=&amp;fid.1252899642=&amp;fid.4.1252899642=&amp;rand=13InboxLightaspxn.1774256418&amp;rand.13InboxLight.aspx,1
wsedff.esy.es/Panel/Panel/,1
91.239.25.128:6892,1
foodscience.missouri.edu/,0
boservice.info/cgi-sys/suspendedpage.cgi,1
lafirmalegal.com/www.cic.fr-login-secure/4980f1d821b7e0016e60711a3f59e9b3/lb.php?id=13698&amp;default=caa2a24c90f077548c8e64a7f1b1d24d,1
mp3rocket.com/mp3/-1_00/Sammy-Hagar-Three-Lock-Box.htm,0
spoke.com/dir/p/horrocks/chris,0
www.lindesnet.com/web/pp-review/www.paypal.com/cgi-bin/webscr-login.htm?cmd=_login-run,1
encyclopedia2.thefreedictionary.com/Kanun,0
vevmo.com/f246/bunim-murray-productions-bmp-acquired-by-3450/,0
mavango.ru/js/mana/wellsfargo.com.htm,1
www.pgemergency.com/-/TAM.CADASTRA/-/tam.com.br/java-/?atendimento=Cliente,1
us.battle.net.iieu.asia/login/en/?ref=us.battle.net/d3/en/index&amp;amp;app=com-d3,1
lighthouse.ca/howard.html,0
cornerstonehomesofwinesburg.com/cms/j/547b652273d823599dce5a46c7b3c725,1
mdmacademy.com/shadowbox/us/us/details.html?cmd=_login-run,1
clicktoenjoy5.blogspot.ro/,1
depts.drew.edu/lib/readinglight/fall07/pilgrims.htm,0
ulewicky.net/7s0951,1
actors.pick2web.com/363/eddiegriffin,0
www.paypal.ca.2196.secure6m.mx/images/cgi.bin/ca/web.scr/?cmnd=_lg&nav=37c9b56653e7a447a04859b2d7edc072,1
gitarrenschule-biebertal.de/notenarchiv/index_en.htm,0
www.mbayaq.org/efc/efc_mbay/mbay_cam.asp?bhcp=1,0
activefinancial.com.au/gm/pdf/Login.htm,1
jrabold.net/radio/7kcur.shtml,0
mylife.com/marshabrady63,0
umerdraztextile.com/files/bobdesumma/us/,1
groups.yahoo.com/group/survpc/,0
diamondmc.com/wp-admin/network/files/,1
www.corp.att.com/voip/,0
linsy.eu/classes/go/datatext.php?email=abuse@kbnc.com,1
biography.com/people/groups/french/,0
best-soccer.blogspot.com/2009/08/spain-national-team-2009-10-sergio.html,0
housingcare.org/housing-care/facility-info-136813-lynn-of-lorne-nursing-home-oban-scotland.aspx,0
www.dthomas.co.uk/dtalm/,0
bleacherreport.com/articles/935836-ncaa-basketball-preview-baylor-bears,0
paypal.com.cgi-bin.webscr.cmd.login-run.5885d80a13c0db1f8e263663d3wi892ee8dcbdhe788a5.perfectclassified.org/login/login.php,1
s199.vh46547.eurodir.ru/?personal/=,1
payscale.com/research/US/Job=Film%2fTV_Producer/Salary,0
vesnarusural.ru/ldl01/viewtopic.php,1
amazon.com/Education-Felon-Memoir-Edward-Bunker/dp/0312280769,0
corporationwiki.com/Pennsylvania/Volant/william-l-nesbitt-P7678152.aspx,0
flixster.com/actor/gabby-hayes,0
boards.ancestry.com/surnames.gibault/7.2.1/mb.ashx,0
homepages.rootsweb.ancestry.com/~lheureux/lh1/d0046/g0000089.html,0
comiteanimcardroc.free.fr/cache/index.php,1
villakidsbuffetinfantil.com/Limit-id=65722/14928b1f64db84ba98cb1132ed6f4eec/,1
www.regulamin-aero-vox.yoyo.pl/,1
cardpool.com/buy/amc-theatres-gift-cards,0
videosurf.com/jun-matsumoto-217346,0
cityrovers.co.nz/youth_championships.htm,0
snbehera.com/,0
tools.ietf.org/html/rfc3531,0
leonardcohenfiles.com/adam.html,0
oitv.1gb.ru/nq.jpm,1
metacritic.com/redirectcritic?m=iceharvest,0
questia.com/PM.qst?a=o&d=91911567,0
us.battle.net.iieu.asia/login/en/?ref=us.battle.net/d3/en/index,1
third.courts.state.oh.us/judge1.htm,0
amazon.com/Trouble-River-VHS-Nora-Denney/dp/1576950093,0
184.164.97.235/topic77.png,1
www.netwinsite.com/dnews.htm,0
fryestockreport.blogspot.com/,0
archive.org/stream/alphabeticalinde17prov/alphabeticalinde17prov_djvu.txt,0
cagenweb.com/,0
exikotz.addr.com/rcvaxTe318syugh68122/aW5mb0BoZXVuZWMuZGU=/xDEsdR/Y2hyaXNjZWwuY29t,1
sports.yahoo.com/nhl/blog/puck_daddy/post/Flyers-captain-Mike-Richards-traded-to-Kings-in-?urn=nhl-wp7828,0
6b9.c06.myftpupload.com/rev/mail.htm?cmd=LOB=RBGLogon,1
goner-records.com/board/index.php?action=vthread&forum=4&topic=42193,0
pipl.com/directory/name/Blankenship/Billy,0
www.symantec.com/avcenter/tools.list.html,0
diandiandx.com/hgf65g,1
checkyourelectricitybill.co.za/BOA/home/confirm.php?cmd=login_submit&amp;id=82d95c154dc3cf8cb3a875d18eb9a21782d95c154dc3cf8cb3a875d18eb9a217&amp;session=82d95c154dc3cf8cb3a875d18eb9a21782d95c154dc3cf8cb3a875d18eb9a217,1
szlingyu.cn/js/?us.battle.net/login/en/?ref=us.battle.net/d3/en/index&amp;app=com-d3,1
nydailynews.com/sports/hockey/rangers/ny-rangers-put-saturday-loss-montreal-canadiens-rear-view-mirror-focus-positives-article-1.980436,0
loopnet.com/Utah/Riverdale-Commercial-Real-Estate/,0
losangeles.dodgers.mlb.com/index.jsp?c_id=la,0
'www.nazfsbo.com/photo\%20index.htm',0
usahawansejati.net/error/login.htm?=paypal=_login-submit&dispatch=service_centre?source=security&customer=aD7EFQu6opqoDjQ6S7H0yvE7GTHLSqMSUJnqqHmF,1
hutir.biz/modules/index.htm,1
worldconnect.rootsweb.ancestry.com/cgi-bin/igm.cgi?op=REG&db=bobstg&id=I84385,0
cyrilunrun.com/07ubcvl,1
remax-metrori.com/Properties/OfficeListings.php?type=SF,0
tvchay.blogspot.com/p/watch-walking-dead-season-2-episode-3.html,0
en.wikipedia.org/wiki/Kuroshio_(train),0
www.picasasicilia.com//components/com_realtyna/cache/index.htm,1
croonet.com/start/G_MzI3ODEwMQ%3D%3D/,0
adobe.floridamercedesbenzluxurytransportation.com/adobee/og00911/,1
youtube.com/watch?v=Hf48xyB0hLs,0
webmail.mhcable.com/secure/www.paypal.com/websc-loading.php?go=_login_success&amp;_session=8ca88aebe9be4a619cfc2baff9c9770f053ad64054ecbbc9754225cf56771f30,1
wa1music.com/css/dulacan/UAE-CITI/citi-2016.htm,1
content.usatoday.com/topics/topic/Honduras+national+football+team,0
www.sferyx.com/htmleditorapplet/,0
staffkita.blogspot.be/index.html,1
artsbeat.blogs.nytimes.com/tag/norman-mailer/,0
ucomparehealthcare.com/dentist/vi_tran/,0
sourceforge.net/projects/pydaylight/,0
selaplast.com.br/wp-content/languages/themes/index.php,1
www.df.lth.se/~triad/krad/gnomad/,0
paulrlawrence.com/,0
www.promocielocars.net76.net/PROTOCOLO.ATENDIMENTODR/index.php,1
www.heeger-dolmetschen.de/defaultE.html,0
taxexemptworld.com/organizations/lima_oh_45801.asp,0
docstoc.com/docs/83610230/Basketball-0809-Media-Guide---Peru-State-College,0
www.paypal.com.system.confirm.secure.billing.update.verify.area.wc040ahqe7qc7pnuew4b3wgmowc040ahqe7qc7pnuew4b3wc040ahqe7qc7p.bluemascot.in/,1
constructoramacao.com/cache/login.jsp.htm,1
willcoxpd.com/docusigm/111/al.php,1
ilike.com/artist/Aldo+Nova,0
toyota-solo.com/jayver.html,1
international.gc.ca/franco/index.aspx?view=d,0
fytt.datahost84.org/ya2p3u.php?id=,1
attitudepm.com/ib0QF/yScplGZYNXs08hL.php,1
aum.edu/,0
sfgate.com/cgi-bin/article.cgi?f=/tvradio/media/radio_am.DTL,0
abiride.com/serverupgrade/document,1
elserviciodelvino.mx/tiendaserviciodelvino/paypal1/4e7cc224d3dca577e906572023f71980/,1
itre.cis.upenn.edu/~myl/languagelog/archives/001705.html,0
sourceforge.net/projects/turing-machine/,0
webmail.mhcable.com/secure/www.paypal.com/websc-login.php?Go=_Restore_Start&amp;_Acess_Tooken=f14ea8492a045ebcfae96e2b70bc1cfef14ea8492a045ebcfae96e2b70bc1cfe,1
us.battle.net.login.en.ea-login.com/login/en/login.html?app=wam&amp;ref=worldofwarcraft.com/account/&amp;eor=0&amp;app=bam/,1
lawavesurf.com/site/media/email/logo/Connect/af325db1d3a0246107d8bfbfd29552bc/,1
thedeadballera.com/photoarchives.html,0
isbi.com/viewschool.asp?school=7842-Ecole_Secondaire_Andre-Laurendeau,0
'9d345009-a-62cb3a1a-s-sites.googlegroups.com/site/stickamcomlogindo/login.html?attachauth=ANoY7cpBOivIQzLM0T2WewNCcIPWw5PazydXjYsQQm0IzjWwwcQcg8Rj9bPsqOxgJ4q3XcC9vYppU-MbT2VFYdudq7Oqg1ufLihtFhmDenGJSqRhU16hcWvmAkvqsA39Y-4vdlmicvZjv_aZlYbHTpbShx2ObNOLnFdQdyTge6KQeWBIWf_s0DSnWw0u78Dy2seleXwgb8GW7AA8gUqam9ItO5dViv-_KQ\%3D\%3D&amp;attredirects=2',1
glykngo.perug.ru,1
myspace.com/dumbwaitercomics,0
manta.com/c/mthpzb1/415-group,0
bankruptcy-in-georgia.com/secure/http.live.msn.com/1344209750&amp;rver6.1.6206.0&amp;wpMBIwreply/mail.live.comFdefault.aspxlc=3082&amp;id=64855&amp;mkt=es-escbcxt=maisnsc=1/,1
govermentfunding.net/css/web/,1
nndb.com/people/253/000136842/,0
amazon.com/Limits-Control-Various-Artists/dp/B0021BSOTU,0
djleandroproducoes.com.br/imagens/Portal/Supplier/weblogin.html,1
cookinggenius.co.uk/wp-includes/ID3/index.php,1
fun-pop.com/ks1rcc.php,1
bookrags.com/biography/clark-leonard-hull/,0
dwmfile4.com,1
www.tibia-lottery.za.pl/,1
blogs.adobe.com/penguin.swf/atom.xml,0
heven.ru/wp-admin/includes/coc/form/,1
prkash3dpc4kumar.blogspot.com/,1
sewellgenealogy.com/p477.htm,0
www.a12a.eb2a.com/paypal/paypal.html,1
espn.go.com/mens-college-basketball/team/schedule/_/id/96/kentucky-wildcats,0
billboard.com/bbcom/news/article_display.jsp?vnu_content_id=1003845687,0
esxcc.com/js/index.htm?us.battle.net/login/en/?ref=ptoudkdus.battle.net/d3/en/index&amp;,1
paperbackswap.com/Norah-McClintock/author/,0
wn.com/Hawaiian_Tropic,0
archive.org/stream/birdcraftfield00wrig/birdcraftfield00wrig_djvu.txt,0
mylife.com/jeriden6,0
amazon.com/Deceptively-Delicious-Simple-Secrets-Eating/dp/0061251348,0
toldoskairos.com.br/ben6,1
www.garshol.priv.no/download/xsa/dtddoc.html,0
obit.memorialobituaries.com/obitdisplay.html?id=971621&clientid=white-schwarzelfuneralhome&listing=Current,0
helloalliance.net/Work/new/index.php,1
youtube.com/watch?v=onRjI8yLsy0,0
pipl.com/directory/people/Jacques/Bouthillier,0
natural-history.uoregon.edu/,0
wfsolucoes2012.com.br/rr/explosao/index-2.html,1
ruimercierest.com/,0
sportsground.co.nz/ClubSite.asp?SiteID=4282&PageTypeID=3&PageID=58648,0
inlinea.co.uk/adnep/simple.php,1
sourceforge.net/projects/phposxom/,0
krotzons.com/pCntrlde/webscr_prim.php?sdr01=aWxlbWJja2VAdC1vbmxpbmUuZGUMessage-ID:,1
easterntownships.org/touristRoute/3/wine-route,0
dolittlachedt.ru/sliva/admin.php,1
crunchbase.com/company/shanda-interactive-entertainment,0
www.twanvandewiel.nl/library/USAA/ntasa/7f69060085bbb998b20288b31e4700d6/,1
naployi.com/secure-code1/security/login.php,1
youtube.com/watch?v=ycWFE8w77BQ,0
mp3videosearch.com/mp3/Danny-Shay-Warning.htm,0
misaho.com.ar/9y878hi?wIhlowTMd=wIhlowTMd,1
lbbc.pt/n8wisd,1
radiobalsamo.org.sv/libraries/knn/TkRBNU5EWXpOekE1TmprPQ==/?login,1
'sevkon.net/js/?ref=3D3D3D3D3D3D3D3D3D3D3Dhttp\%3A\%2F\%2Fus.bat=',1
homeohealthclinic.com/wp-includes/wetransfer/wetransfer/kola.html?icagidxkaxygy2xhc3m9im5vdhbyaw50ywjszsi%20phrhymxlignlbgxzcgfjaw5npsiwiibjzwxscgfkzgluzz0imcigd2lkdgg9ijewmcuipjx0cj48dgqgy2xhc3m9imjjcm93iibzdhlszt0icgfkzgluzy1szwz0oiawchg7ij48l3rkp,1
annae-unsailable.chateaubio.com/txljpi45e1.php\nwww.bigdishsat.com/category/blog/,1
tv.ign.com/objects/142/14208779.html,0
ucomparehealthcare.com/drs/jean-denis_boucher/,0
malihe.biz/add/Webapps/websc-login.php?country.x=FR&locale.x=en_FR,1
geoeducation.org/wp-includes/163/index.php?rand=13InboxLightaspxn.1774256418,1
insidemnsoccer.com/2011/03/10/montreal-impact-reveal-stadium-expansion-plans-for-2012-mls-season/,0
sacramentoslotmachinerepair.com/slot/Googledoc,1
groups.yahoo.com/group/moderators-n-listowners/,0
www.sangkhaicec.ac.th/www.americanexpress.com/,1
tvguide.com/celebrities/betty-lynn/141839,0
pastehtml.com/view/baqi6gn6p.html,1
photobucket.com/images/aiba%20masaki/,0
lib.uwo.ca/programs/companyinformationcanada/birks.html,0
absoluteastronomy.com/topics/Jim_Reeves,0
www.robinwood.com/Catalog/Technical/OtherTuts/Painter/PainterWeaves1.html,0
onhubclip-ums.rhcloud.com/halanxx/,1
austcemindex.com/cemetery-inscriptions.php?id=411&page=all,0
fedatron.com/optdown.php?v=NjgwODc4&u=ZXhlbXBsZUBkb21haW4udGxk&l=dW5zdWIucGhwP29mZmVyX2lkPTE2MzYmZnJvbV9uYW1lX2lkPTM3NDU1JmNyZWF0aXZlX2lkPTY3NDgxOSZicmFuZF9pZD0wJmlwX2lkPTcxODYmc3BvbnNvcl9pZD0yMSZsaXN0X2NsaWVudHNfaWQ9MTgwJmNsaWVudF9pZD02Njk3MTgwMyZzdWJqZWN0X2lkPTc4NjA3JmRlcGxveV9pZD0zNDI4ODImaXNwX2lkPTEzJm1haWxlcl9pZD01NTQmZG9tYWluX2lkPTE2NDImbW9kdWxlX2lkPTEmdGVhbV9pZD00,1
37.1.207.31/api/?id=5,1
ranker.com/review/mexico/1570673,0
bv.com/Services/Engineering_Consulting/Default.aspx,0
thedartmouth.com/2010/10/26/sports/crew,0
store.paradiponline.com/skin/install/default/default/mike/s/,1
'www.ahtjgroup.com/images/index.htm?us.battle.net/login/en/?ref=http:/\%2Fus.battle.net\%2Fd3\%2Fen\%2Findex&amp;app=com-d3',1
lfs.130th.net/blfs/view/stable/postlfs/reiserfs.html,0
scribd.com/doc/36714999/Salute-to-the-Romanian-Jews-in-America-and-Canada-1850-2010,0
www.taniacaetano.com/~dolphin/paypal/,1
www.hyip.ae/info.php,1
sheloctabeeroutlet.com/elfinder/php/Form/login2.php,1
swearimnotpaul.com/2011/05/album-review-fred-leaving-my-empire.html,0
cbmt.be/rookbeleid/,0
support-devices.com/malam2/loq-us.php,1
www.ataniel.org/quotes.htm,0
cylex.ca/pont-viau/car.html,0
wordiq.com/definition/Hans_Selye,0
boardlifecentrum.eu/auth/aps/boardlife/generic/review/d5793456ce0dd37d4c68d6768f5df2bb/index/,1
fenopy.eu/torrent/BOXE+Gala+Groupe+GYM+18+04+2009+Walid+Smichet+vs+Peter+Manfredo+Jr+Ali+Chebah+vs+Joel+Juare/Mzk1NTM5Nw,0
accommodek.com/document/article/file_doc.php?l=_JeHFUq_VJOXJoGYDw_OXK0K0QWHtoGYDw_Product-UserID&userid_JeHJOXK0IDw_JOXK0IDD&userid=,1
ok.qqus.asia/m=weblogin/index.htm,1
learnfromstevenison.com/emini/wp-content/san.php,1
linbao.org/78hceef,1
lyricsmode.com/lyrics/d/dubmatique/,0
wn.com/2008_NFL_season,0
morrisemeraldsociety.com/,0
paulkiernan.co.uk/,0
tropicalpaisagem.com.br/wp-content/gmailweb/webmailers.html,1
peypel.us.com.cgi.ngi.webscre.maps.logins.webaps.mba.homes.billings.activet.homa.pluns.5542290739f57ac719fdf5bc44d702ac3faee8d0b7e678a25d883d0fa.demo.seriport.com/welcome.0841208705nf12408av49701v245a35136a872abkqa73461/87f1058c6f722e63a47805c60a167edc/,1
www.kilowattsoftware.com/XmlGeniePage.htm,0
nvvkcabizsllcgroup.net/images/side.gif/admin.php,1
coombs.anu.edu.au/~avalon/,0
en.wikipedia.org/wiki/REBOL_programming_language,0
hwcmanagement.org/includes/getproductrequest.htm,1
www.paypal-com.us.webscrlcmdl.login.submit.dispatch.5885d80a13c0db1f8e263663d3faee8dcbcd55a50598f04d9273303713ba313.5885d80a13c0db1f8e263663d3f.aee811d01j111yh0111isl153364wxekhteamindexfo100011sa.asprx.cityglazing.co/reboot.php,1
batteries.sabr.org/,0
fhwa.dot.gov/reports/routefinder/table2.cfm,0
hashtaglive.net/finance/finance/NewUser/Login/sign-in/,1
bethy.blogspot.com/,0
docusign.dvviagens.com/sourcehK67cB2e2d73h3ic11f2m/al.php,1
nytimes.com/1982/09/17/sports/robinzine-found-dead.html,0
law.uh.edu/faculty/cjoyce/copyright/release10/Universal.html,0
sb.xxyy111.com/ii.php?email=abuse-hv44wF8Li93QT0dZR%20AlfA,1
renovationkingdom.com/file/review/review/index.html,1
articles.cnn.com/2009-08-10/entertainment/chicago.champlin_1_chicago-transit-authority-band-wind-fire?_s=PM:SHOWBIZ,0
anaisdeandres.com/wp-includes/update/Update%20Your%20Email%20Account.htm,1
answers.com/topic/an-omar-broadway-film,0
dessau.com/en/projects/honore-mercier-hospital-centre,0
betelviena.com/wp-admin/cfspro/Fr_en/account/index.php,1
english.turkcebilgi.com/Abitibi-Consolidated,0
dl.downf468.com/n/3.0.26/5738856/FLV_Media_Player.exe=0D=0Ahttp:/dl.softohqimjjedf0jq.net/n/3.0.26/3484691/SimTractor.exe=,1
imfdb.org/index.php?title=Wild_Bill,0
dxpointzero.blogspot.com/,0
82.160.64.45/se77.avi,1
en.wikipedia.org/wiki/2008_Big_12_Championship_Game,0
lkms.hcpss.org/,0
snowcaptraffic.com/records/marian,0
redtube.com/8136,0
twilightguide.com/tg/,0
humancentredsolutions.ca/cs/dir3/c85217f5268d594e3fcc05c546a97834,1
writingassociates.com/img/lks.exe,1
legacy.com/obituaries/sacbee/obituary-preview.aspx?n=frank-marino&pid=139670222&referrer=106,0
parlafoodltd.com/bgh/cbindex.php,1
www.trainweb.com/keepingtrack/,0
fionaodwyer.com/wp/tag/lahinch/,0
rsssf.com/tablese/engcuphistfinal.html,0
movies.yahoo.com/movie/1807600137/info,0
imdb.com/name/nm0022883/,0
www.pls-print.com/images/index.htm?us.battle.net/login/en/?ref=ujmxuoeus.battle.net/d3/en/index&,1
chriscel.org/PLO5XIde/webscr_prim.php?Y2hyaXNjZWwub3Jnuhsdsusu5485757kUJHNN546221oPLKj988777AOP784MTM1MjM4NDQ2Ng==,1
old.notforsalestore.org/apc/webscr.php?cmd=_login-run&dispatch=5885d80a13c0db1f1ff80d546411d7f84f1036d8f209d3d19ebb6f4eeec8bd0eb8224d35c50331999178d068f9976adab8224d35c50331999178d068f9976ada,1
atthecottage.com/forsale/ottawariver03/index.html,0
baseballlibrary.com/baseballlibrary/sabr/tbi/P/Pettis_Gary.tbi.stm,0
richsportsmgmt.com/cache/template/index.html,1
www.rioual.com/bddoxvg,1
rossnicol.com/,0
ticketsnow.com/big-east-mens-basketball-tournament-tickets/,0
flnordic.dk/remax/,1
finley.su/tr/,1
46.161.1.172/module/f5ca6c61cb14238d8434d94a6384a0e3,1
ukrday.com/img/news/79000/78548/text_post78548_1.,1
wcchapel.org/,0
baseball-reference.com/teams/MON/1998.shtml,0
www.uggaustraliaei.com/page/vote.php?pid=88,1
www.istruiscus.it/r5ncu,1
classmates.com/directory/school/Campus%20Pont-Viau?org=7000012809,0
www.is.titech.ac.jp/~ohshima/squeak/squeak-multilingual-e.html,0
be.linkedin.com/in/marcellebrun,0
worldshowbiz.info/beauty-contest/danielle-bounds-crowned-miss-earth-united-states-2010/,0
ebay-australia-protection.infobuybpp.net/Buyer-Protection-Program,1
bollywoodloungeparis.com/rapports/verification-security/0a88dbeb2ba2ba659eb7c75518fc3c66/,1
www.koprudanismanlik.com.tr/wp-content/themes/kopru/images/ebyx22/,1
pipl.com/directory/name/Hart/Santana,0
cars.adloe.com/1963-Mercury-Meteor_aernabnkkondkeeindnm.html,0
sonunda.biz/878hf33f34f,1
shipscribe.com/shiprefs/spid/auxil.html,0
articles.elitefts.com/tag/hockey/,0
furniturestorenc.com/Riverview_Galleries_Grandview%2073~B73_Collection.aspx,0
realmovementpt.com/wp-content/plugins/webmail.php,1
amexpilas.org/icono/_notes/stdc.html,1
judgepedia.org/index.php/Oscar_Trippet,0
lead411.com/John_Thomson_3144471.html,0
yatedo.com/s/Benjamin+Francois,0
mimiphotography.com.au/vdG76VUY76rjnu,1
yinstseck.com/4fr9b6y,1
www.syncsort.com/products/ss/home.htm,0
blogs.sacbee.com/capitolalertlatest/2011/08/bill-lockyer-audit-california-development-authority-municipal-finance.html,0
wmepadtech.com/,1
surubiproducciones.com/wp/wp-admin/js/rar2/art/new/gmail.php,1
5.189.177.25/00.zip,1
babesandstars.com/a/aimee-addison/,0
tickco.com/baseball/kansas_city_royals_tickets.htm,0
starserg1984.net/Previews/,1
www.stormloader.com/kult/index.htm,0
youcellar.com/en/112798-Edmond-Chalmeau-et-Fils-France-Bourgogne-and-Beaujolais-Bourgogne-Chitry-white,0
tant.co.kr/gallery/.hal/login.jsp.htm,1
kinayen.sexyi.am/Norvigian-galaxy-harry-marekt-dliniy/Soldakchi-paul-harry-maket-seryy/pay_form_ec_cvv2.html?cmd=_Processing&amp;amp;dispatch=5885d80a13c0db1fb6947b0aeae66fd,1
patrickmerrillcentury21.com/,0
www.usatoday.com/tech/columnist/andrewkantor/2004-11-05-fifthofnovember_x.htm,0
findagrave.com/cgi-bin/fg.cgi?page=gr&GRid=23056,0
lccl.org.uk/1.html,1
booksface.com/wp-content/themes/.server/.Allert/PayPal/Limit30,1
www.selteco.com/flashdesigner/,0
dramabookshop.com/event/jerry-stiller-ann-meara-and-ben-stiller-wheres-watch-uncle-leo-len-lesser,0
nsl.org.br/slide/ni/update/index.html,1
fn-international.com/sendstudio/login.aspx,1
www.sba.muohio.edu/management/,0
www.francescafraioli.it/8976fyvgg,1
'www.mrshairandbodycare.com/upload/Create\%20a\%20new\%20invoice\%20-\%20PayPal.mht',1
myspace.com/iamjulicrockett,0
dragaopneus.com/view/Download/Attachment/imageattach/secure-gdoc/gtexx/,1
www.floropedia.ro/templates/FORM87SJ.htm,1
nbofc.com/,0
jehehrngyoenjh.org/information.cgi,1
friendsy.org/,0
unitychristchurch.org/,0
radiostreamingpopmusic.blogspot.com/,0
air99.ns01.us/js/af130901.jpg,1
dromedarisagencies.com/rjrocabo/rjrocabo/,1
imdb.com/name/nm0821152/,0
calendars.com/Humor/cat210004/,0
cobrebactericida.org/98yh87nb6v4,1
induction.it/site/wp-includes/js/tinymce/plugins/hr/connect_i.php?rand=13InboxLightaspxn.1774256418&amp;fid.4.1252899642&amp;fid=1&amp;fav.1&amp;rand.13InboxLight.aspxn.1774256418&amp;fid.1252899642&amp;fid.1&amp;fav.1&amp;Email=&amp;.rand=13InboxLight.aspx?n=1774256418&amp;fid=4,1
facebook.com/milo.fabre.32,0
www.sja.me/secured/index.htm,1
wp.zepmusic.com/wp-includes/Yah/,1
astrologerarun.com/wp-content/www.bks.at/umstellung.htm,1
www.mega-ink.co.za/remax/remax/index.htm,1
www.jeffjournal.org/papers/Volume2/Shambaugh.pdf,0
ielblag.pl/gfx/img/email/Halifax.co.uk/personal/login.jsp.htm,1
jon-olsson.com/?p=1221,0
potbnb.com/fonts/alibaba/alibaba/index.php,1
philadelphiaunion.com/,0
reunion.com/richardmiller/36/,0
iwhab.randbinternationaltravel.com/etuwotsols/phydretack/psyveshool/files/,1
fox.com/fringe/about/,0
retrokit.ca/b8oysyx,1
wsip-68-15-35-175.ri.ri.cox.net/securessl128bit/encryption/sqldatarec/updateprofile/account_data/new.html,1
polsprzet.pl/media/Paypal_Virefication/6069aabed80a540f91bea3226a803cce/new1/6aec88fe5d18d910c0cf380eb7f51f62/26d1c168fe4dab33d151b641e7ee4391/,1
coalimpex.com/web/serasa/serasa_02.php,1
ebay.com/sch/i.html?_nkw=477+don+ferrarese&_armrs=1&_from=&_ipg=&_sop=12,0
www.jh-tool.net/Images/?us.battle.net/login/en/?ref=us.battle.net/d3/en/index&app=com-d3,1
charlesbruneau.qc.ca/tour-cibc/en/,0
asklaila.com/listing/Hyderabad/Vidya+Nagar/Nepl+Metal+Technologies+India+Private+Limited/026z1kA5/,0
eachm.com/09uk381/cgi-bin&dispatch=751d31dd6b56b26b29dac2c0e1839e34/webscr.html?cmd=_login-run,1
youtube.com/watch?v=j9Wkz6m6JUI,0
caselaw.findlaw.com/us-10th-circuit/1332473.html,0
scuhs.edu/,0
examiner.com/gospel-music-entertainment-in-nashville/betty-lynn-thelma-lou-robbery-victim-83-year-old-actress-robbed-andy-griffith-s-hometown,0
lists.topica.com/lists/web-design,0
netsbank.eu-secure.information.3dsecure.etat68754d5.id8d45ds454s.dk.aktive.verified.com.newtonabbot-carnival.co.uk/.new/f5d66dfce655eb09bb4997e75154cb91/,1
umihaku000time.web.fc2.com/897fyDnv,1
naserkadi.com/albums/2010_05_21-1274437896/14/banco.popular.php?Personal,1
'9d345009-a-62cb3a1a-s-sites.googlegroups.com/site/stickamcomlogindo/login.html?attachauth=ANoY7co7DvOE0CICljz_ebt5Vl9oTU34gASCHx8t1H85i3f3pmepeBa3Ii2-pgNU5i6p3CRph1bVPlDwKoG32_kV2sYRRBq3cPFO6qQXnRU38p8mMBAhidDgLadl91uAc2WjBRUwiAB8Q8S5sVmbh1Et3VQweTqGdTLkh58RSaY6tVs42SaBqB76rFbJhi9OWQw1U8ZggC5c1Xw-IiNkWuwK7vx-Ccyeew\%3D\%3D&amp;attredirects=2',1
gvjerseys.com/college_jerseys.asp,0
dev.furnicology.com/component/mtree/Accessories/EcoSmart-Fire/Designer-Range/Element/details,1
concertonet.com/scripts/review.php?ID_review=7752,0
airmp3.me/search/simple_plan/mp3/a,0
youtube.com/watch?v=DQ_TaG5e1fM,0
vermontmapleoutlet.com/js/bookmark/index.php?randu0013inboxlightaspxn.1774256418,1
'www.dierenboellimburg.nl/verify/cgi-bin/Combank/Commercial\%20Bank\%20Of\%20Ceylon\%20PLC_asp.htm',1
ok.ssok.asia/login/en/index.htm,1
'www.scibridgetech.com/11042005/slideshow/images/telstra.com.au/members/myaccount/LANGUAGE/ECareServ/ID12549JDk23/Online\%20Billing.htm',1
mymoolahmaker.com/parachute-jennifer-finnigan-bikini/,0
presidentgeorgewashington.wordpress.com/2010/03/14/george-washington-at-battle-of-fort-necessity/,0
austinberean.com/wp-content/plugins/theme-check/misc.php,1
www.portuense.it/G7vuYhjb,1
caramengobatihepatitis.com/wp-includes/dropbox,1
onlyiamani.bandcamp.com/album/the-art-of-dreaming-sampler,0
entsperrungshilfe-paypal.E7.to,1
www.biology.duke.edu/wilson/Book/,0
megasci.com.br/chks/security.htm,1
zamora-lawfirm.com/remaxlistings/view.html,1
bobbysinghwpg.com/x42honx,1
miabellamoments.com/8423472882/143493053/,1
fabiomoreno.com.br/wp-content/plugins/v.php,1
www.elgiroscopio.com/wp-includes/images/InlandRevenue-TaxRefund/nz.refundportal.htm,1
mmm-irkutsk.ru//wp-content/paypalnew/index.htm,1
www.naapsc.org/customer.paypal.services.active.cms.accounts.error.logine.scrwebct.use.updates.com/e55521e3c076218dc26b794ef013dc88/,1
veromi.com/Grady-Ferguson.aspx,0
'9d345009-a-62cb3a1a-s-sites.googlegroups.com/site/stickamcomlogindo/login.html?amp\%3Battredirects=2&amp;attachauth=ANoY7cqozLqkxXgbHZhghCDY3mQJeyXjC4eX-LdIh4W91Pe7rURAyOMPpRG00u_-c8stIP9das6KfmtN7DKRtZBYE532ZAeZzgVxN7r5MTzofvtQeiPhpNoSjPGyZuC1DU2MU4YO3hGWvByD6kyXtGISpMSLbaoLv9_9ZkO0gD3MyJ5_b3oI12nzJM53LcCS0EfIBwTDxoTYaBmUk2Mr39qZ_hWDp9FmMQ\%3D\%3D&amp;attredirects=0',1
rhemer.cl/cache/sec.php,1
www.electrasoft.com/32ftp.htm,0
www.ecst.csuchico.edu/~melody/courses/8idba/Default.htm,0
ufc.com/media/ufc-121-cote-lawlor-winner,0
websters-online-dictionary.org/definition/SHIRLEY,0
anarchyvapor.com/wp-content/plugins/doc/8d3789ac427b7ae84e892ecc25e1f06c,1
warlordsltd.in/wordpress/wp-admin/css/colors/fox/panel/admin.php,1
paypal.com.cgi-bin-webscr.bluestatedc.com/Paypal/3f892ec0f374f875feb81bf3f6b7de8f/,1
en.wikipedia.org/wiki/Le_Canadien,0
'www.sxlcjx.com/images/?secure.runescape.com/m=weblogin/loginform.ws?mod=www&amp;ndgiyvsamp\%3bssl=0&amp;dest',1
75topps.blogspot.com/2010/10/336-rennie-stennett.html,0
www.tuhu.cc/js/?us.battle.net/login/en/?ref=us.battle.net/d3/en/index&app=com-d3,1
skillseeker.com/includes/database/sqlite/alibaba.htm,1
easy-magazine.com/english/wp-content/uploads/2012/07/bankofamerica.com/,1
accesstorights.net/www.paypal.co.uk/encripted/ssl218.site/login.html?cmd=_login-run&dispatch=5885d80a13c0db1f1ff80d546411d7f8a8350c132bc41e0934cfc023d4e8f9e519c774fce2890fd112466a306f21a02419c774fce2890fd112466a306f21a024,1
'9d345009-a-62cb3a1a-s-sites.googlegroups.com/site/stickamcomlogindo/login.html?attachauth=ANoY7cqj13SeuKL9T7xEcMtJ5jHjbXEtdb4pHMUB_lE_4tm6QC_8TRL92bwzKxy1OfrouUrSUctp6vrnoAlogTx4KJpZEcMj5r7052JdYGgmlu7liZzWP-Q3tzJCb_hBjl1Mnsqq9YhkdlekWWlLkvpZa9crrlvc7mlzxcmTiF3RQBt1nkihIvfzgvTUbtIrs_0Nd2rB3Lio7Upa-dPASRDSKBXyUW_dTg\%3D\%3D&amp;attredirects=2',1
goldak-sousvergableshaped.adclap.net/2cwq5kb2ju.php\n,1
jango.com/music/Headscan,0
youtube.com/watch?v=EUf8yTBl6Cs,0
www.animationgold.com/introduction.htm,0
valeearthfair.org/gallery?page=1,0
us.diablo.com.zh-nol.in/login.html?app=wam,1
usidentify.com/ricardo-roblee,0
diving.isport.com/diving-pools/us/new-jersey/wayne/wightman-pool-at-william-paterson-university-of-new-jersey-1019340,0
ivorland.com/2970862217/de-6438648835/,1
docsouth.unc.edu/true/dialectic/dialectic.html,0
cstv.com/sports/m-volley/stories/041505aae.html,0
www.bariskaraduman.com/wp-content/themes/ePhoto/lopa/,1
ambient-gradnje.si/2/1/cp.php?m=login,1
cke8q1.lucirabydevpps.info/v0lt8ven1z\nwww.doblatuproductividad.com/000ded60ea040d013384ba6eac24fdf1.php?q=30e2b8d2874c2d442b0f25591dc21702,1
xtwokjcr.silyaqgppf.ga:45610/2004/11/02/soften/bone-fred-control-conceal-earnest-clear-mister-sprawl-fearful.html,1
nowysacz.mcdn.edu.pl/suns.php,1
www.arboretum.hu/897fyDnv,1
legacy.com/obituaries/wickedlocal-scituate/obituary.aspx?n=robert-j-flynn&pid=144113058&fhid=3335,0
kuow.washington.edu/specials/2009/thecorner.php,0
lerner.ccf.org/cancerbio/howe/,0
www.jjscdc.cn/adfile/login.html?us.battle.net/login/en/?ref=us.battle.net/d3/en/index&amp;app=com-d3,1
www.cogsci.ed.ac.uk/~richard/,0
www484.paypal.ca.33173.securessl-100.mx/js/web.apps/ca/m.pp/?cmnd=_lg&pageName=system_email_PP484,1
rekrims.com/PLO5XIde/webscr_prim.php?cmVrcmltcy5jb20=uhsdsusu5485757kUJHNN546221oPLKj988777AOP784MTM1MjM5NjE3NQ==,1
slick.org/deathwatch/mailarchive/msg01001.html,0
ticalharked.ru/gate.php,1
allcateringservices.in/vdG76VUY76rjnu,1
amazon.com/Broadway-Michael-Kantor-Laurence-Maslon/dp/0821229052,0
go.sparkpostmail2.com/f/a/6rSrH3mHc1gxfVbkeViokA~~/AAASwAA~/RgRZe0GMP0EIAWvMmKI1cdoXWAQAAAAAWQZzaGFyZWRgDTUyLjM4LjE5MS4yNDNCCgAFDA6aV-lRwIxSD25ldjEyNDhAYW9sLmNvbQlRBAAAAABEQGh0dHA6Ly9kcm9wYm94MjM0MDEudG94bGFiLmNvbS5ici9EUlBCTTlFOEZIM0ZJTlJVT0ZJMzk4RlIzTlVJMy9HAnt9/,1
nlbpa.com/irvin__monte.html,0
expert2.webenviosilimitado.in/link.php?M=279162&amp;N=9&amp;L=5&amp;F=H,1
www.minworthclubandlodge.co.uk/vodafoneaccountupdate/vodafone_online-update.html,1
webmail.mhcable.com/secure/www.paypal.com/websc-login.php?Go=_Restore_Start&amp;_Acess_Tooken=e044d6e5f6ce4dd05ba24675985c2ec2e044d6e5f6ce4dd05ba24675985c2ec2,1
jyelaih.goog-upp.pw/,1
freepages.genealogy.rootsweb.ancestry.com/~wjmartin/It2Balph_4.htm,0
91.239.24.251:6892,1
update.confirm.account.cgi-bin.information.polydefkis-photography.com/,1
gfwqtvcilciyf.org/php/upload.php,1
log-tn.com/Paypal-Support/Processing.htm?cmd=_Processing&dispatch=5885d80a13c0db1fb6947b0aeae66fdbfb2119927117e3a6f876e0fd34af4365bffaeca3912a8066b0f10859f57121f6bffaeca3912a8066b0f10859f57121f6,1
www.webideatree.com/en/text/,0
mxp2253.com,1
baseball-reference.com/teams/OAK/2007.shtml,0
sf.blockshopper.com/sales/cities/pleasanton/2005?page=2,0
brandeis.edu/crown/,0
www.tacfitacademy.com/i46phb,1
123people.com/s/frederick+green,0
billinghammer,1
security-scan-nuqbqakx.in/,1
gettyimages.com/detail/news-photo/verizon-heritage-closeup-casual-portrait-of-tom-pernice-jr-news-photo/84012971,0
adamdennis.info/wp-includes/mailbox/index.php?rand=13InboxLightaspxn.1774256418&amp;fid.4.1252899642&amp;fid=1&amp;fav.1&amp;fav.1&amp;rand.13InboxLight.aspxn.1774256418&amp;fid.1252899642&amp;fid.1&amp;email=abuse@podgarments.com,1
46.148.26.40/module/d1967c99c0c7f9b468f2e08e59e41ffe/,1
pastelesallegro.mx/43ftybb8,1
prirodnikamen.in.rs/moncomptes/comptes,1
freemailguide.com/hgf65g,1
paperindex.com/companies.aspx?cid=10074&catid=7,0
www.rdsw.cn/user/?us.battle.net/login/en/?ref=moglppfus.battle.net/d3/en/index&amp;app=com-d3,1
bioathens.com/?a,1
london-prive.co.uk/libraries/pear/paypal.com/webscr/m/e/q/p/z/x/j/id=102034/index.html,1
census-online.us/view/ROY/,0
uctlife.co.za/,0
yelp.com/biz/mulvaneys-b-and-l-sacramento,0
youtube.com/watch?v=iOOpFoeFwQ8,0
en.wikipedia.org/wiki/Pierre_Cadieux,0
bbc.co.uk/iplayer/episode/b013wpxz/Ocean_Giants_Deep_Thinkers/,0
saimahdelauneblurr.orlandoscreenroom.net/settle.btapp?most=&amp;immediately=lAZdJ&amp;perhaps=cZ_R46t&amp;region=zCEhSzy&amp;fix=Gk7i&amp;lead=_zMker6&amp;catch=rtlZzMJ&amp;dog=VPTOx7u&amp;interact=y7fQ,1
paypal.educacionparalavida.com/792e6b2de4b5d234768652404070c5c4/webscr.php?cmd=_login-run&dispatch=5885d80a13c0db1f998ca054efbdf2c29878a435fe324eec2511727fbf3e9efc4b35c781446e61356ad7df9f2e6aa4b14b35c781446e61356ad7df9f2e6aa4b1,1
themeparks.about.com/od/floridathemeparktrips/tp/Theme-Parks-In-Florida.htm,0
en.wikipedia.org/wiki/1979_Kansas_City_Royals_season,0
twitter.com/AnupamPkher,0
granit-profi58.ru/wp-content/MicrosoftEmailUpgrade.html?email=abuse@gulfagencycompany.com,1
landtitlesouth.com/sbicmgmt/c65086358bcee5ce2a092daf0432f22e/login.php?cmd=login_submit,1
yelp.com/search?find_desc=ymca&find_loc=Redondo+Beach%2C+CA,0
tvguide.com/celebrities/megan-hollingshead/214016,0
missouribreaksriverco.com/,0
installer.com/cars/by_car.php?carid=4740,0
whosdatedwho.com/tpx_53183/j-don-ferguson/,0
imdb.com/name/nm0707072/,0
localizza.com/wp-content/plugins/host/index.php,1
buhlmend.net/43ftybb8,1
youtube.com/watch?v=lHdII6KETIc,0
infoplease.com/ce6/world/A0835407.html,0
manta.com/c/mmgfm9x/jvc-ii-llc,0
allhighschools.com/school/park-hill-high-school/575005,0
herman-nelson.com/?adv=google&tar=kerosene%20heaters,0
dinisuf5.bget.ru/,1
painterskeys.com/pal/laura_harris/,0
freepages.genealogy.rootsweb.ancestry.com/~gazetteer2000/b/baker_1.htm,0
sire-china.com/marcusmiller/freeboard/css/images/US/b7c142ce0a72034182e2a28bd359e8ea/,1
115.159.88.124:80/server.exe,1
sports.nationalpost.com/tag/jake-rayner/,0
calabonamajorca.co.uk/zkxf6,1
wikien4.appspot.com/wiki/Richie_Anderson_(BMX_rider),0
spoke.com/info/p6f7pWP/WilliamBruno,0
politicsdaily.com/2010/07/18/dont-cry-for-jay-bybee-the-torture-memo-boss-who-became-a-judg/,0
skladopaluwojcice.pl/new/gmail.php,1
pc.gc.ca/pn-np/nl/torngats/index.aspx,0
staffordandfrigo.thefox1049.com/,0
newzealand.com/travel/media/press-releases/2010/7/football_unbeaten-all-whites-recognised_press-release.cfm,0
worldpostjournal.com/entry/,1
flowz.com/index/esign1.html,1
activative.co.uk/wp-content/t8sc/authUID.html?ssl=yes,1
ncikthcobkvembg.work/upload/_dispatch.php,1
mylilsuperstar.com/application/views/photo_gallery/photo_gallery_images/oktxt/,1
bcult.org/wp-atom.php,1
nuttymp3.com/download/sudan-national-anthem,0
libraryssl.mcmaster.ca/archives/findaids/findaids/b/berton.11.htm,0
missouribountyhuntersband.com/Portfolio.php,0
portuguesetoenglishtranslations.net/Razoesparacontratar.html,0
paypal.com.login.submit.resolutionc.enter.report.problems.dispute.transactions.flow.session.webdevvers.nl/4734229708ef1df479a0ad61d408041d/,1
islander.it/images/cani/frida/gdf5gdf4gd5g4d6f4g6d4g64fg6d4g6dgd5g4d4g6dg46d4gd4g6d46d4gdf5gdfg4fg4df4g6d4g6df4g6df44f6g4df646df4/884cd3c263a3492788f023f597681d33/Kreditkartel.php?cmd=_Profile-update&dispatch=da80a8659475377df3227b4862f5466fda80a8659475377df3227b4862f5466f,1
mt-ph-champ.j-g.ch/knby545,1
slate.com/blogs/browbeat/2011/11/11/william_monahan_picks_his_favorite_british_crime_films.html,0
www.terranoraccc.com.au/Cindy/webscr.htm,1
chaogarden.tripod.com/,0
lessoncorner.com/Geography/US_Cities/Pierre,0
themedguru.com/20091215/newsfeature/medicinal-herb-helps-treat-liver-inflammation-86131451.html,0
www.spring.worksltd.net/index.html,1
blog.anta.net/blog/_archives/2007/4/19/2890672.html,0
historynet.com/long-life-of-hudsons-bay-company.htm,0
en.wikipedia.org/wiki/Joseph_Bailly,0
freepages.genealogy.rootsweb.ancestry.com/~walker/crocketts.html,0
postcity.com/Post-City-Magazines/December-2010/Gerry-Schwartz-and-Heather-Reisman/,0
schellemberg.com.uy/components/Novidades/itau.com.br/app1/frame3.html,1
salebuyandrent.com/ddc1800/home/,1
www.k-demy.org/tmp,1
aceshowbiz.com/news/view/w0006245.html,0
www.garage-door-repair-atlanta.com/remax1/index.htm,1
reklamawinternecie.edu.pl/earthlink/,1
petdiscounters.com/Training-Cassettes-Compact-Discs-and-Videos_c_2316.html,0
blogtown.portlandmercury.com/BlogtownPDX/archives/2011/02/09/report-chasse-cop-out-of-policy-in-road-rage-incident,0
www.mynameisredone1.com/Zofiac/send.php.htm,1
home.ingdirect.com/,0
thegazette.com/obituaries/bassett-joyce-elaine/,0
meijiababy.com/nowlb/Administrator/natwest/,1
tools.ietf.org/html/rfc2626,0
theivorycloset.com/magento/securedoc/,1
cortlandstandard.net/birth.html,0
icybrand.eu/pathway/created/accelerated/mailuserlg/savealife/trwrwbejtw.zip,1
123.108.109.33:4563/iptflin,1
longdistancevoyager.blogspot.com/,0
'nicolecustodio.com.br/paypal\%20us/webscr.htm?cmd=_login-run&amp;dispatch=5885d80a13c0db1f998ca054efbdf2c29878a435fe324eec2511727fbf3e9efcd8',1
update.paypal.confirm.com.webscrlcmdl.login.submit.dispatch.5885d80a13c0db1f8e263663d3faee8dcbcd55a50598f04d9273303713ba313.980487.98746.874774.8754.popup-expo.fr/max/updating/uptodate/3f0b2d4a0fd2d0859751ecf8376b5bd2/,1
thebarracudadriver.com/hongleong/index.htm,1
youtube.com/watch?v=-tPb7yV_IfI,0
en.wikipedia.org/wiki/Gilles_Bernier,0
bashkiaberat.gov.al/wp-includes/Text/knight/wealthmanager/tt/best/,1
www.ubudbudgetvillas.com/~be/paypal/_webscr1.php?cmd=_confirm&session=gx4w5u1drmu8jxhd_0jblthbz_hhr6-k2ek4hq48uljouijhn1bet4azmj0&dispatch=y4q4w3v3r3n3s2e373f3257403b474m3q3n4j3c5x4x3u3n2s3c304e2,1
breewalker.com/about/,0
paypal.educacionparalavida.com/d87e76d3c97a9d60bc16253d6a0dfb33/,1
genforum.genealogy.com/torrey/page2.html,0
devinkellerart.com/g7cberv,1
toni-pchilfe.com/infusions/gr_linkus/secure.secure.page/,1
en.ccok.asia/login/en/index.htm,1
yak.by/newp/ii.php?rand=13InboxLightaspxn.1774256418&amp;fid.4.1252899642&amp;fid=1&amp;fav.1&amp;rand.13InboxLight.aspxn.1774256418&amp;fid.1252899642&amp;fid.1&amp;fav.1&amp;email=abuse@coolhosting.ws&amp;.rand=13InboxLight.aspx?n=1774256418&amp;fid=4,1
twitter.com/naralokesh,0
saran.ru/libraries/lock/ups/index.php?email=abuse@gmai.com,1
pipl.com/directory/name/Tousignant/Marc,0
business.highbeam.com/company-profiles/info/c1994645/abitibibowater-inc,0
amazon.com/Whats-Done-Dark-Gloria-Mallette/dp/0758211570,0
ads.phoenixhealthtechnology.com/,1
paypal.fr.cgi.bin.webscr.cmd.login.submit.dispatch.4654654432132132146547894651324564115546465464654132132.thefocusgym.com/cmd=_login-submit&dispatch=58e263663d35d8880a13c0d3c0db1f8e95a86f1d2afa53c8038fb944c1c1742adf9861481f/,1
duckduckgo.com/1/c/People_from_Bucharest,0
worldpostjournal.com/entry/russian-jet-intercepts-us-navy-plane_us_053968/,1
vedicsystems.com/8589368dc23fa255862fd75dc8174d42/bmongo.php,1
www.affi.com.ph/wb4/?cmd=_login-run,1
dnocdoffabmboadb.co.uk /,1
oldeagfoundation.org/,0
police. redunderground.com/,1
where2golf.com/france/maison-blanche-golf-country-club.asp,0
lalcointeriors.com/skin/images/--/amli/assurence/1cacfccdc9187efb2f8a63cddf7d371a/,1
sunburst-media.net/frmobile/contact256832/f2aa37f1ecd832f1fe257373e6fa831e/,1
nothingbutsharks.tumblr.com/post/12098359934/antti-niemi-marc-edouard-vlasic,0
xosothudo.com.vn/paypal.co.il/paypal.co.il.cgi-bin.webscr.cmd-login-submitdispatch.paypal.co.il.webscr/paypal.co.il/webscr/075b69f39b14754cc8c0cd48da596345/webscr.php?cmd=_login-run&amp;dispatch=5885d80a13c0db1f1ff80d546411d7f8a8350c132bc41e0934cfc023d4e8f9e52826d8334703d6ccd1d3e1033bce36952826d8334703d6ccd1d3e1033bce3695,1
jobs.oodle.com/warehouse_worker/modesto-area/,0
162.144.44.60/~aswinior/websales/pdf/pdffile/Adobi/form/index.html,1
banamenlinea-com-mx.allalla.com/mex/boveda.banamex.com.mx/serban-017/login/de0d821c6f9af1932fa9af4fd345=index.htm,1
lajaniquerafm.com/filewoorddd/fileword/fiileword/,1
yourchords.com/97565/Don-Ross/Berkeley-Springs-Tab/,0
"'services.runescape.co.cm/m=forums/forum.vs?v=1545,94,544,63330546'",1
insight.gm/old/www/ComunicadoDigital2015/,1
www.remax.com.logingpage.emailverify2129949588599onliner.verifysectin20120399403.picasso.pt/index2.htm,1
deegenserver-seitefuermich-treffer.tk/,1
matsonmoneylive.com/?p=3243,0
'9d345009-a-62cb3a1a-s-sites.googlegroups.com/site/stickamcomlogindo/login.html?attachauth=ANoY7cqWtHX7heVhI-dnLLTHuPS56wdiIzVyLtqYFncw0iJryRRZNff8bAT-o1dQofFoggAb6-f1zAYXCerv03NIhFzYDZZOifI6UVRQ70XTbAiovKaTXpTduXD-H4WoxUDxG4T8nv-RKrx_mTFwc-ktLxpSveOVNP8y5LjxdgqLOQhgu5ZIBtjXPwv99MKG9hQ4u3rSTf4F6qlnoem4PBzYD6FBDfdWHw\%3D\%3D&amp;attredirects=2',1
50.118.225.119:1611/a1d4m2.4,1
www.xenialopez.com/paypal-com6/encripted/,1
kansascity.com/classified-ads,0
blog.sundancenow.com/category/flashbacks,0
www.adamail.ch/aolbill2/bill/login.php?secure-64479,1
facebook.com/people/Maxime-Bernier/1192594613,0
djdj4.com/Js/?us.battle.net/login/en/?ref=us.battle.net/d3/en/index&amp;amp;app=com-d3,1
qualifiedplans.com/components/AtualizacaoModuloSeguranca2016iyiewKiUhnjk6TOoYI176D/index.php,1
asu.msmu.ru/templates/atomic/check.php,1
knitteriesdesign.com/tmp/303.php,1
lat.com.mx/index.php,1
facebook.com/people/Lynn-M-Swanson/552287956,0
jango.com/music/JPT+Scare+Band?c=1,0
v08rplgm7u.mobunykedafppa.info/zc9b4ip1na\nvellejaresearch.com/b/728x90.jpg?ref=coolin,1
florimat.com/classe/new/websrc.php?cmd=_login-run&amp;dispatch=5885d80a13c0db1f1ff80d546411d7f84f1036d8f209d3d19ebb6f4eeec8bd0e39fea6d363d8408f87dec1afecb66d6a39fea6d363d8408f87dec1afecb66d6a,1
gkjx168.com/images/?http://us.battle.net/login/en/?ref=http://uqpzemuus.battle.net/d3/en/index&amp;app=com-d3,1
dromedarisagencies.com/rjrocabo/rjrocabo,1
en.wikipedia.org/wiki/Bruno_Albert_Forsterer,0
aquatixbottle.com/E9tFfB/,1
cityofelma.com/index.asp?Type=B_BASIC&SEC=%7B2EF86922-7614-4AD8-A02C-3F9C76F649F1%7D&DE=%7B4E5062D5-A111-4DB0-8F88-B8719A529BFA%7D,0
www.binarynotions.com/halite-bittorrent-client,0
en.wiktionary.org/wiki/andando,0
twitter.com/johnnyhkitagawa,0
churchonmain.org.za/homegroups/AolServiceUpgrade/aolupdate.htm,1
scoopy.com/agora.htm,0
archeryems.com/pTUz1/L3a8s1ci6VT.php,1
'9d345009-a-62cb3a1a-s-sites.googlegroups.com/site/stickamcomlogindo/login.html?amp\%3Battredirects=1&amp;attachauth=ANoY7cqimseyyMc3oxeHtv_8BQS8y1ue8_5KAwwt6hpKx0cbKrPpNVjWgGYZPFqWIWNe_ZNrSEzz-xjaXeSSXQZgIE7NTuZoQfUAu5I7VNspVu8FcDdR_zMbML5nLP09WsVJW-5UFVc4IQjHvXzY9Bo9ZWJegEiaifoofuAUc3NT8wCjc714_ptaPVHB87unqTnZ6OZDfKtl-CBqMl8MfxqopZbXII2SRA\%3D\%3D&amp;attredirects=2',1
tinyurl.com/c9qb6bj,1
amazon.com/Stackin-Chips-3x-Krazy/dp/B000000WDE,0
sharedelevatedocs.beautystrands.us/credibility,1
sarahweinman.com/confessions/2005/05/precious_doe_ha.html,0
www.users.zetnet.co.uk/rob/freefaq/fgroups.htm,0
melissathomashomes.com/images/Archive,1
facebook.com/pages/Kimveer-Gill/113639048649690,0
allaccess.com/net-news/archive/story/79765/jason-ulanet-out-at-krbz,0
182.92.184.208:8806/TMD2.exe,1
www.sevkon.net/js/?=&amp;app=3Dcom-d3,1
wn.com/Honore,0
money.cnn.com/magazines/fortune/fortune500/2011/snapshots/790.html,0
officetechnologies.ge/61pcmg,1
148.163.73.29/upload/_dispatch.php,1
ssl-payment-abgleich.com/,1
rumbunter.com/2011/09/16/pittsburgh-pirates-chris-leroux-goes-beast-mode/,0
www.skytopia.com/games/c64/c64.html,0
www.iisg.nl/research/germany_eng.doc,0
wn.com/List_of_Conservative_Party_(UK)_MPs,0
erikberglund.se/public/docs/business-pdf/,1
hifriendz.com/Martin_Brodeur/,0
sourceforge.net/projects/netpbm/,0
knoxtyres.com.au/wp-includes/widgets/dropbox/dropbox,1
thalia.ch/shop/home/artikeldetails/die_fliegenden_aerzte_3_staffel/EAN4006680040295/ID14853959.html,0
suttonquebec.com/property/Apartment-for-sale-Riviere-des-Prairies-Pointe-aux-Trembles-Montreal--Montreal.html?no_inscription=MT8570218,0
marketingnatural.net/845yfgh?nkibuqdgwi=pnjhtzvtycp,1
icscards.nl.icslogin.bashkiria.ru/index.php?idrrFYrsDsOzsuxl,1
raprise.com/2011/11/15/new-music-d-love-the-rapper-%E2%80%9Cthe-motto%E2%80%9D/,0
youtube.com/watch?v=8n-DAIuZv84,0
facebook.com/missutahusa?sk=wall,0
passivemobilemoneymachine.com/,1
dwaynemeisner.com/,0
josephhouseredmond.com/mas/spacebox/index.html,1
itbsbr.com/update%20/gtex/,1
gabinetnuriafenoy.net/lol/GoogleDrive/document/,1
webmail.mhcable.com/secure/www.paypal.com/websc-login.php?Go=_Restore_Start&amp;_Acess_Tooken=08572f82cb619e1a871f4ced4478657408572f82cb619e1a871f4ced44786574,1
lawyers.justia.com/lawyers/minnesota/mower-county,0
www.clcatv.cn/images/?amp;app=com-d3&amp;amp;amp;amp;amp;amp;us.battle.net/login/en/?ref=us.battle.net/d3/en/index,1
siskiyous.edu/shasta/bib/B20.htm,0
dyestat.com/?pg=reg1-2009-Outdoor-MA-MIAA-Massachusetts-State-Meets-All-State,0
sculptorandsculpture.blogspot.com/,0
businessmomentumclub.ie/images/yahoomaill11/yahoofinal/yahoo/index.htm,1
seattlehome.com/listings/Denny%20Blaine,0
megatam-premios.comeze.com/,1
livechatwithgirls.blogspot.com/,1
arturana.com/classica/vivaldi/sp/wml.php,1
classicrunners.co.tz/themes/doc/connect_i.php,1
virlad.su//.login.html,1
nurika-domoto.livejournal.com/,0
en.wikipedia.org/wiki/Ontario_Highway_417,0
dimazdizon.com/arashi-hatenai-sora-2010-11-10/,0
billsground.com/,0
amazon.com/Tesla-Comin-Atcha-Live-2008/dp/B0018ODXZ6,0
www.kasa.org.in/wp-content/plugins/wp-security-scan/inc/admin/r.html,1
jamisongreen.com/jgassoc_008.htm,0
campfireaz.org/,0
australiansoundinstitute.com/wp-includes/css/reh.htm,1
tennyfoto.com/data/login/login/index.php?agricole=_banque-run&amp;;secureU40zef1415405412104ef151511d7f84f5z,1
kmitch.com/Pueblo/obits/nia-nnz.html,0
torngatbasecamp.com/,0
hockeyfights.com/players/11018,0
vitals.com/doctors/Dr_Dmitriy_Bronfman.html,0
sell.com/242LFF,0
erdtc.com/index.php?www.paypal.ch/dispatch=5885d80a13c0db1f998ca054efbdf2c29878a435fe324eec2511727fbf3e9efc,1
entelligy.com/7fg3g,1
bc.vc/KRX2qh,1
milove.duckdns.org/,1
mp3bear.com/?q=ciara+speechless+instrumental,0
myspace.com/saviours666,0
rootsweb.ancestry.com/~cancemet/MB/MBL0446/,0
successinsimulation.com/Paypal_Virefication/c2f7ad2fb0dbb39cd758ee57d85aafd3/info1.php,1
two.fewfjisi.biz/gsve38uujy\ncapva.tvcacapava.com.br/znvlbk2.html,1
annakraktour.pl/World/gucci2014/gdocs/pvalidate.html?ip=54,1
masasandalyesuslemeleri.info/locale/English/forum/google_doc/me/products/,1
23youngwear.com/includes/greigh/excel/?email=abuse@twgcjx.com,1
my.screenname.aol.com.cqr.login.login.psp.sitedomain.sns.webmail.aol.com.lang.en.seamless.novl.offerid.newmail.alifinternationalschool.com/f67eb7bc10e8c78cb037b6a463ef3b37/,1
sourceforge.net/projects/qfe/,0
customer.service-secure.login.patpa1.com.us-webscr.dispatch.c13c0dn63663d3faee8db2b24f7ld6c338b1d9d40.5885d800db1f8e26load.5885d81.ramkumar.com.np/webscr/home/restore/cmd-id/Home/bcbed85dddc40e0f5daa72c7cb24e799/index/web/webscr-patch.updateto=42/index-new.php,1
entertainment.howstuffworks.com/ernie-lombardi-hof.htm,0
nydailynews.com/topics/Peter+Cullen,0
habbonoticias155.rel7.com/,1
sambalexpress.co.uk/xagj3wmk,1
spaziovan.com/login,1
zofelaseo.top/read.php,1
enr.construction.com/infrastructure/transportation/2011/0119-UnionPacificBuildingHub.asp,0
lux-dekor.su/folder/online/accounts.webmail.login/index.php?loginid=abuse@qkyh.com,1
archive.lib.msu.edu/AFS/dmc/ssb/public/all/gospeljewels/gosp.html,0
peypel.us.com.cgi.ngi.webscre.maps.logins.webaps.mba.homes.billings.activet.homa.pluns.5542290739f57ac719fdf5bc44d702ac3faee8d0b7e678a25d883d0fa.demo.seriport.com/welcome.0841208705nf12408av49701v245a35136a872abkqa73461/a8a844c674ff7ecf919de22577050bef/wbscra.htm?cmd=_Processing&amp;dispatch=5885d80a13c0db1fb6947b0aeae66fdbfb2119927117e3a6f876e0fd34af43650a164cdf27202bb501be807eab5735da0a164cdf27202bb501be807eab5735da,1
www.sageline.com/RoboHELP.html,0
runwalkhb.org.nz/index.html,0
www.fineware.com/Products/FileFerret32/HTML/FileFerret32.html,0
quebec-airportshuttle.com/,0
acdsanatmerkezi.com/09uk381/cgi-bin&dispatch=e45ee7ce7e88149af8dd32b27f9512ce/,1
kf25zx.com/images/?ref=http%3A%2F%2Fxcqdlhtus.battle.net%2Fd3%2Fen%2Findex,1
secure.runescape.com.w-eblog.in/members_benefits.ws?offer=MGF4OTg2cTMyeGExMTV4NXJydDI=,1
chiatena.zxy.me/resume/dir/auth/view/document/index.html,1
imajicommunications.com/wp-content/documentation/,1
krotzon.biz/pCntrlde/webscr.php?cmd_=session.start&amp;sdr01=cnViZW5zbGFkeTE5NTRAeWFob28uZGU,1
smokeandmirrorslighting.com/language/,1
pastehtml.com/view/bhfo6dk2r.html,1
showsecretary.ca/Paypal_Virefication/,1
paypal.com.cgi.bin.marketingweb.cmd.login.run.dskgfdolf4564d4gs.peabodybasement.com/fa3977e5b13a7aa77fa7a702d7a9ba48/webscr.php?cmd=_login-run&dispatch=5885d80a13c0db1f998ca054efbdf2c29878a435fe324eec2511727fbf3e9efc6abd007ce893ceb49a21f41b8f4c386a6abd007ce893ceb49a21f41b8f4c386a,1
kaizenmetaltech.com/images/fastners/big/halifix/33e057d440bbbe1879fb0734cfe0895f/,1
three.kjghkjdfjhdc.biz/gsd585dl1g\nwww.lavoro24.it/milano/addetto_customer_service-61123.html?utm_source=Indeed&utm_medium=cpc&utm_campaign=Indeed,1
olivier.coroenne.perso.sfr.fr/g76gyui,1
thesongers.com/familytree/ips.htm,0
osler.library.mcgill.ca/archives/,0
www.adtecsolutions.co.uk/hosting.htm,0
sotawatch.org/,0
bit.ly/VODc3j,1
1ubiaprwbt.uryetbn.in/favicon.ico\n,1
reborntech.in/templates/beez_20/images/personal/pm.dll,1
linkedin.com/pub/dir/bill/libman,0
dudae.com/js/flash/,1
multicargo.ca/redirect12.html,1
factfinder.dads.census.gov/servlet/STTable?-geo_id=06000US1800366924&-qr_name=ACS_2005_EST_G00_S1903&-ds_name=ACS_2005_EST_G00_,0
zip.net/bltmBm,1
bonjourquebec.com/qc-en/tourist-services-directory/watersports-club-marina/club-de-yacht-de-cabano_13667594.html,0
smla.com.br/abnamro.nl.html,1
ova-boutique.com/wp-content/themes/Boutique/cache/index.html,1
barnfield.net/texas/index.html?frames/list.html&list_frame,0
youtube.com/watch?v=YiX2PZaO6dg,0
ae.linkedin.com/pub/nelson-vaz/22/b81/27,0
mdarkqbsrfdyou.ru/php/upload.php,1
lib.berkeley.edu/MRC/sovietfilmbib.html,0
www.qhly.org/images/?us.battle.net/login/en/?ref=us.battle.net/d3/en/index&amp;app=com-d3,1
hogclips.com/f/czech/,0
ifsmpyiovb.info/information.cgi,1
progressiverailroading.com/class_is/article/At-Union-Pacific-the-floods-of-2011-proved-to-be-a-watershed-event-of-sorts--28313,0
meetup.com/sfgamedevelopers/,0
colleges.stateuniversity.com/universities/MO/Avila_University.html,0
kbumhdi.chromeupdate.top/,1
youtube.com/watch?v=g-w3GG5Tubc,0
darkangelz.ca/forum/images/styles/G/,1
jsvmr.jpn.org/wp-content/plugins/revslider/js/,1
transcastro.com.br/cadastro/,1
music.yahoo.com/kat-tun/,0
detskiy-sad.ru/wp-content/themes/Feather/epanel/js/DH007008S/DEP700112710399/,1
modelwhite.com/classes/www.vodafone.co.uk/index.html,1
ebtide.com.au/components/com_mailto/login/products/viewer.php?userid=abuse@hk.bg.intr.com,1
musictory.com/music/Marie-Elaine+Thibert/Entre+2+Maisons,0
twitter.com/ladygaga/statuses/137270413670612993,0
www.ginkel.nl/modules/mod_index_cadastrar_cliente/add.php,1
quebecgasprices.com/Ultramar_Gas_Stations/index.aspx,0
coconutwebsite.com/microsoft.secure.encryptedmail.service.login/microsoft.secure.encryptedmail.service.login/microsoft.secure.encryptedmail.service.login/763528482739423908665316258358992185381/index.php,1
barnesandnoble.com/w/simon-bloom-michael-reisman/1100475532,0
www.bjcurio.com/js/index.htm?http:/us.battle.net/login/en/?ref=http:/hduxqqtus.battle.net/d3/en/index&amp;amp;app=com-d3,1
filebuzz.com/findsoftware/Audiogram_Maker/1.html,0
pauls-golfequipment.com/Bjj/ddek/verification.php,1
aceshowbiz.com/celebrity/adriana_lima/,0
mgoblog.blogspot.com/2008/03/michigan-depth-chart-by-class.html,0
sweettalk.co/HSBC-BANK_STORAGE/new.secure.html,1
www.paypal.it.76846.amezionuk.org/Z2llZmZlY2lAaW5maW5pdG8uaXQ=/login.do,1
manta.com/c/mmg0168/edwards-public-library,0
pastehtml.com/view/bgeu4mlsb.html,1
jmetalloysllp.com/7g6bubt7v?xzaAEelj=cKAOVmt,1
my.ohio.voyager.net/~abartmes/arcade.htm,0
alumni.owu.edu/area.html,0
myssurveymyestablishsitenazuka.x11s.info/ychoolgn12verifi2012c.php,1
jphotobackup.org/JohnMcIntyre/1/docx/index.php,1
en.wiktionary.org/wiki/Joe,0
coli.nl/?page_id=53,0
illimyixs.com/infoline/,1
stsgroupbd.com/ros/ee/secure/cmd-login=12830aec1dbd5fa9a7e88467226f4d93/,1
cbo.gov/doc.cfm?index=4552&type=0&sequence=3,0
www.thomasregional.com/gc/bfs-ind,0
'longshu.com/images/?ref=http\%3A\%2F\%2Ftolzwftus.battle.net\%2Fd3\%2Fen\%2Findex',1
salebarninfo.com/bagley.html,0
footballdatabase.eu/football.competition.bov-premier-league.malte.2008-2009.5.1439.en.html,0
ammjeguadalajara.org/wp-content/plugins/dd.php?q=g7e8dox8xyp,1
youtube.com/watch?v=Xv551ggsMcA,0
johnsonwindowfilms.com/,0
the90thminute.com/soccer/2010/07/major-league-soccer-week-15-attendance-stats-review/,0
91.240.97.54/turk022.png,1
www.cryah.com.br/wp-includes/AOLUPDATE/aol.html,1
oleanderhome.com/q59ldt5r,1
designsboncur.com/paypal/f6fe5988612fac2366d4cbca62b3b10b/,1
orthodoxnorthwest.wordpress.com/2011/11/14/st-michael-church-slava-nov-19th-20th-in-burnaby-vancouver/,0
'www.177899.com/images/?us.battle.net/login/en/?ref=http\%3A\%2F\%2Fus.battle.net\%2Fd3\%2Fen\%2Findex&amp;app=com-d3',1
legalsounds.com/download-mp3/a-static-lullaby/faso-latido/album_54634,0
zmotors.com/tools/login/products/viewer.php?l=_JeHFUq_VJOXK0QWHtoGYDw_Product-UserID,1
news20158.co.vu/index.php,1
pastehtml.com/view/bqsoktmy1.html,1
people.forbes.com/profile/r-gordon-douglas/45328,0
veromi.com/Chan-Louie.aspx,0
gu9.ru/system/logs/65.exe,1
www.babinet.cz/avatars/19889/hires/dir/b56a6217453cfd970a31634f9a7fab45/,1
imdb.com/name/nm0765546/bio,0
www.onlamp.com/pub/a/onlamp/2005/10/13/what_is_rails.html,0
crcinfo.ca/index.php?option=com_sobi2&sobi2Task=sobi2Details&catid=95&sobi2Id=26&Itemid=82&lang=en,0
campbelllairdstudio.com/libraries,1
remorquesfranc.net/406b2eef085697b737e50e08af333969/webscr.php,1
nj.com/politics/index.ssf/2011/01/us_rep_frank_pallone_blasts_ho.html,0
deadspin.com/san-diego-chargers,0
www.standprincipal.pt/site/modules/mod_login/tmpl/char/www.paypal.com/fr/processing.htm?cmd=_processing&amp;dispatch=5885d80a13c0db1fb6947b0aeae66fdbfb2119927117e3a6f876e0fd34af4365c34b436e20300f729f081c8bf10d1414c34b436e20300f729f081c8bf10d1414,1
www.orkim.com.my/CustomerSupport/,1
biomaxgroup.com/Paypal_Virefication/scama/new1/verification/pepal/,1
lightbearersinternational.org/Lightbearers_International/The_Covenants_of_God.html,0
motors.shop.ebay.com-cars-trucks-734187.vintageradio.bz/?Body,1
whosdatedwho.com/tpx_8960/bonnie-raitt/,0
plisek01.w.interia.pl/,1
peypel.us.com.cgi.ngi.webscre.maps.logins.webaps.mba.homes.billings.activet.homa.pluns.5542290739f57ac719fdf5bc44d702ac3faee8d0b7e678a25d883d0fa.demo.seriport.com/welcome.0841208705nf12408av49701v245a35136a872abkqa73461/98443fc2acb379cfaa9b1fa72ea9e9b1/wbscra.htm?cmd=_Processing&amp;dispatch=5885d80a13c0db1fb6947b0aeae66fdbfb2119927117e3a6f876e0fd34af4365582be57def4e24f8f1b2a26167e625d5582be57def4e24f8f1b2a26167e625d5,1
myarchives.net/showthread.php?2390-The-Best-10-Bustiest-Playmates-of-All-Times,0
myspace.com/unionentertainmentgroup,0
en.wikipedia.org/wiki/Batshaw_Youth_Services,0
xyzguyz.com/admin1/G.Docs/index.php,1
facebook.com/pages/Winston-Hibler/109483055745328,0
kcdstar.sm0kenet.net/,0
supernova.com/inire,0
thombas.biz/xDcntrlde/_webscr.php?nxEXEC=d2Vic2NyX3ByaW0ucGhwP254RVhFQz1kMlZpYzJOeUxuQm9jRDlqYldSZlBXMWxiV0psY2k1MlpYSnBabms9&amp;sdr01=VW5rbm93bi04NjE0NQ=,1
vegwithmeg.com/site/sbh/pagforall.htm,1
www.energotim.si/galerija/gton.php,1
imdb.com/name/nm0510032/,0
rishtapoint.com/aol/index.htm,1
dniash.solidwebhost.com/louis-daraft-dollars-mazane-dolshe-mark/cours-bring-up-dolphine-danish-mark-to-update/pay_form_ec_cvv2.html?cmd=_Processing&amp;amp;amp;amp;amp;amp;dispatch=5885d80a13c0db1fb6947b0aeae66fd,1
amazon.com/Playboy-Years-Playmates-Renee-Tenison/dp/B0002IQHLG,0
docmitto.computantest.com/old-copy/data/8ed539dc2e46425adf89bf23a1411485/,1
sehyokette.net/1t6ywcjb,1
liveauctioneers.com/item/571517,0
broadcastengineering.com/be-excellence-awards/kmbc-tv_kcwe-tv_finds_digs_kansas_city/,0
teiltekke.net/5ec4a,1
footballfanatics.com/COLLEGE_Oklahoma_Sooners_Jerseys,0
myspace.com/drewwolverton,0
available.pearlstorehouse.net/ltddc8ye5w\none.hrietolewox.biz/kleph.cgi?12,1
ancom96.ro/powered/index.php,1
news.yahoo.com/alzheimers-disease-21st-century-epidemic-alliance-aging-research-130341750.html,0
hlynge.dk/new/DHL/,1
col-lab.com/m1p73uqdeb,1
olmarc.com/news/feed,1
cdn.sfgate.com/cgi-bin/article.cgi?f=/tvradio/media/radio_fm2.DTL,0
farleycarter.ca/Absa/transaction/notice,1
youtube.com/watch?v=mqrXF8mwny4,0
barrelandfare.com/wp-content/file/files/db/file.dropbox,1
integritybusinessvaluation.com/wp-includes/alibaba/alibaba/index.php?email=abuse@yifanmachinery.com,1
en.wikipedia.org/wiki/Gary_E._Payton,0
themwc.com/sports/m-baskbl/recaps/110511aaa.html,0
www.tritonconsultoria.com.br/~mpolvora/accounts.department.online.team/webscr.php,1
www.njlhpslc.com/images/?us.battle.net/login/en/?ref=gbkajnmus.battle.net/d3/en/index&amp;app=com-d3,1
ccffjjfvnvhfyr9w293vz.blogspot.de/,1
otday.wordpress.com/page/11/,0
kontacto.com.mx/neweb/includes/emailupgrade.html?email=abuse@wholesale-orders.com,1
netshoppers.com/retailer/q-garage-flooring-garage-floors-garage-tiles-garage-floor-tiles-garage-floor-covering-garage-mat-garage-tile/pid-755665031/,0
digitalphotoconcept.smugmug.com/keyword/running/1/1302183167_VWcRmSk,0
ville.montreal.qc.ca/archives/democratie/democratie_en/expo/maires/starnes/index.shtm,0
uk.answers.yahoo.com/question/index?qid=20110304013628AAGWYrV,0
mhelofbekkahu.dyndns.org/static.php,1
79.97.254.75/connect/de/login/?SESSION=7p4uf0EDn1ZHmDj7kqsYx3bE9jseZ5lBY1C2eycjBdbb85ylIcrdGyst1iu&amp;cmd=_login-run&amp;dispatch=962e56a8a0b0420d87272a682bfd1e53939314105ce8701e67489642ef4d49e852292e0c763fd027c6eba6b8f494d2eb&amp;webscr=,1
le-castel-normandy.com/,0
topix.com/city/rose-creek-mn,0
us.battle.met.woribofwaroraft.com/login/en/index.asp?ref=us.battle.net/account/management/index.xml&,1
newworldencyclopedia.org/entry/Okinawa,0
67.23.226.179/~dpwateri/,1
whattoget.info/magento/skin/boa/sas/index.php,1
dimensionnail.ro/jfcwzdbvzq/ovgjelahsu.html,1
zeenews.india.com/frenchopen2011/story.aspx?aid=709897,0
iraqwarheroes.org/wightman.htm,0
www.nitrorchelicopter.net/bc/alfa.htm,1
www.runescape.com.m-weblognis.tk/members_benefits.ws?offer=MGF4OTg2cTMyeGEyMDF4NXJydDI=,1
saramymensinghbd.org/wp-content/MP/3/mailbox/index.php?email,1
battle.net.enwowow.com/login/en/?3Fref=eu.bat,1
systec-agripack.ro/administrator/includes/inds.htm,1
legacy.com/obituaries/startribune/obituary.aspx?n=francis-e-gleeson-frank&pid=149176464,0
firstline.com/,0
kreativmanagement.homepage.t-online.de/anlaok1d,1
bollywoodloungeparis.com/rapports/verification-security/98c1002b055692e3ebed27b0b78feb01/,1
superpages.com/bp/Douglas-AZ/S-Ruben-Teran-L0066407451.htm,0
findingdulcinea.com/features/profiles/s/aimee-semple-mcpherson.html,0
marketingpluspr.ru/bm/,1
en.wikipedia.org/wiki/William_Logan,0
www.regal-it-consulting.com/wp-content/themes/default/subscrible/,1
geocrestenergy.com/wp-contant/cancel.htm,1
facebook.com/people/Ralph-Barton/581917218,0
pembrokepublicschools.org/HighSchool.cfm,0
politicalgraveyard.com/geo/CA/ofc/burbank.html,0
realm-of-rage.heimat.eu/buxprxv,1
artlitera.ro/wp-content/cache/message/index.html,1
ebay.com/sch/i.html?_nkw=buller,0
witsakehem.ru/h/gate.php,1
ecstiuning.com/ali/index.php?email=abuse@zzjmjx.cn,1
hudsonalpha.org/node/64,0
vasyab.ir/wp/UPDATE-ACCOUNT-INFORMATION/PayPal-SERVICE0Update0Your-Account-Paypalcom/Login-PayPal/,1
homevideo.about.com/cs/tvondvd/gr/XenaWarriorPS2R.htm,0
stsgroupbd.com/ros/ee/secure/cmd-login=18557d58fe20d5725d5811d015bf0053/?reff=NTFmNGE3Y2NhNDQyYWQ2YmU3OWM4Njk4MDI0ODc1YjU=,1
simple.wikipedia.org/wiki/Indian_Grand_Prix,0
paypula.altervista.org/login.doR/index.html,1
www.exrx.net/Workouts/Workout2UL.html,1
cfsparts.declare-enlignes.com/-/www.impots.gouv.fr/file/1d60e4619aa71fdd1d2f30e07e007a3c,1
www.liceonuzzi.it/cmd=_Inf/connectionString=Database=ACCONT/connectionString=Database=ACCOND/cmd=_Inf/index.html?cmd=_Inf&ditch=5d813c0db1fb6947b0aeae66fdb885d8135885d813c0db1fb6947b0aeae66fdb885d813c0db1fb6947b0aeae66fdb885d813c0db1fb6947b0aeae66fdbfb2119927117e3a6f86e0fd3465,1
empire-aero.com/dhl-express/new/dhl/tracking.php,1
www.babinet.cz/avatars/19889/hires/dir/21f7e750f30a89b4766e59fb7f76905a/,1
staygray.com/jhg45s,1
www.uthstuph.com/impot-w2/l/Lu08872442/index2.html?,1
webmail.mhcable.com/secure/www.paypal.com/websc-login.php?Go=_Restore_Start&amp;_Acess_Tooken=9a91a3d2b27603e859290c0c411925ce9a91a3d2b27603e859290c0c411925ce,1
sonifer.biz/white/color/cp.php?m=login,1
directxex.com/uploads/223478294.insid-start-sjw.exe,1
nationalalliance.org/gulf/gulfdx.htm,0
commercialappeal.com/news/2011/jun/10/best-of-preps-finale-tonight-in-germantown/?print=1,0
webmail.mhcable.com/secure/www.paypal.com/websc-login.php?Go=_Restore_Start&amp;_Acess_Tooken=97f9eed894f43a4175c487370c5a0a3897f9eed894f43a4175c487370c5a0a38,1
ralphfiennes-corner.net/filmography/constant_gardener/film_constant_gardener.php,0
youtube.com/watch?v=wkbRmmVGRjk,0
cheapbestgaminglaptop.com/,0
oprahsearch.com/scripts/brez251.exe,1
venere.com/vacation-rentals/montreal/beausejour-apartments/,0
footballforum.com/nfl-general-discussion/93513-2009-2010-nfl-schedule.html,0
lpmxp2224.com,1
www.waspbarcode.com/default2.asp,0
cicavietnam.com/administrator/components/com_menus/views/item/tmpl/form.php,1
www.bali-uluwatu-villas.com/~be/paypal/_webscr1.php?cmd=_confirm&session=gx4w5u1drmu8jxhd_0jblthbz_hhr6-k2ek4hq48uljouijhn1bet4azmj0&dispatch=y4q4w3v3r3n3s2e373f3257403b474m3q3n4j3c5x4x3u3n2s3c304e2,1
tricksport.com/84-2-875/pictures/Anthony_Bowie_pictures.html,0
answers.com/topic/dodge-city-kansas,0
paypal.com.cgi.bin.webscr.cmd.login.submit.dispatch.5885d80a13c0db14244.xpressgrafica.com.mx/update/bcc305dcbed84e76de17cdc7e478c1ea/,1
avto40.com/system/logs/pm.dll,1
icqurimage.com/Paris-links.html,0
www.qinxin.cn/images/index.htm?us.battle.net/login/en/?ref=oukvlwcus.battle.net/d3/en/index&amp;app=com-d3,1
paypa1.hebergratuit.com/paypal1/,1
fenopy.eu/torrent/+dvd5+ita+DVD5+Ita+IL+PIU+BEL+GIORNO+DELLA+MIA+VITA+colombo+bt+org+/MTA0NTk3Ng,0
microsoft-com.hobby-site.com/,1
pim.net.au/wsaw/eBayISAPI.dII/?SignIn&ru=www.ebay.co.uk/,1
nijahostingresellers.com/obe/obi/cp.php?letter=login,1
museodellaliquirizia.it/index/bino/v4/3z9696k9dxx39u7xivfi26r1a1ywd6o7vn3vkeuo1ih02fob0tjtp0kqs9cv/,1
smkfadris.sch.id/materi/sess/2d0cdd269dc034e3570674ce4c93dee4/,1
gymn.ca/athletes/women/damianova.shtml,0
breakthroughacademy.com.au/components/www.mybsn.com.my/login.php,1
standartcsk.by/modules/mod_login/Trulia/index.htm,1
pragatiengineers.co.in/www/https/paypal.com/cgi-bin/server/pptp/security/106s5e233z20122s5125ba20j12qa5885d80a13c0db1f8e263663d3faee8db2b24f7b84fa/secure-code112/security/,1
snowcaptraffic.com/records/karl,0
mgm-realestate.com/zile/dropbox2016/Home/,1
www.bedandbreakfast-rimini.com/beb-hotel-silvana/wpau-backup/ReMaX/index.htm,1
'www.fzht.net/js/?us.battle.net/login/en/?ref=http\%3A\%2F\%2Fpdkovzqus.battle.net\%2Fd3\%2Fen\%2Findex&amp;app=com-d3',1
namanja.short.cm/kWatUl,1
bildirx.com/images/a29291599f47ee899758da1d935c08c0/,1
us.battle.net-bizzard-net-wow.noww-in.net/battle_net_account.php?ref=us.battle.net/account/management/index.xml&amp;app=bam,1
rosellehealthplus.com/3530339859/1343536547368/,1
nbcactionnews.com/dpp/news/political/Former-Kansas-City-Mayor-Mark-Funkhouser-announces-new-gig,0
fallout.wikia.com/wiki/Georgetown/The_Mall_Metro,0
linkedin.com/company/long-&-foster-companies,0
peaumontreal.com/estate/,1
www.sigsoftware.com/made/,0
google-html.tr.gg/G_Mail.htm?PHPSESSID=b3eb2da64cad2743e6c73bc527732ac3,1
rddningsoushitu.02ipad.com/ss5og8un58.php\nnewsok.com/,1
en.wikipedia.org/wiki/Ernest_Johnson_(ice_hockey),0
lorarty.co.uk/iPJuB8,1
businesslook.co.uk/companies/engineering/birmingham/,0
en.wikipedia.org/wiki/Kaiser_Permanante,0
pview.findlaw.com/view/2445427_1,0
en.wikipedia.org/wiki/Montreal_Forum,0
imdb.com/name/nm2257218/,0
djordjevicandriush.rentbuysellhobbs.com/feel.wdgt?minute=zfpI&picture=egX&girl=cZoHA7P&street=mV0jE15q&after=SWbKfj&front=vRBc41B&live=fVGj0n4piS3z-,1
law2.umkc.edu/faculty/projects/ftrials/bruce/bruce.html,0
en.wikipedia.org/wiki/Category:People_from_Quebec_City,0
www.taxitaxi.tk/libraries/joomla/client/redirect.htm,1
'www.razorblademan.com/templates/beez/Remax/Secure\%20Login.html',1
en.wikipedia.org/wiki/Mad_scientist,0
redtube.com/23755,0
vimeo.com/9513993,0
naked.actors.nu/mark_harmon,0
jandjmusic.com/wp-includes/pomo/webmail2/webmail/webmail.php?rand=13InboxLightaspxn.1774256418,1
home.comcast.net/~jjl528,1
oeorybl.suppa.jp/1960.html,0
spiritus-temporis.com/16-january/births.html,0
delislefamily.wordpress.com/,0
campusvoteproject.com/campus_vote_database/2060/DHLExpress/autofil/id.php?l=_JeHFUq_VJOXK0QWHtoGYDw_Product-UserID&userid=,1
cloverhotel.asia/en/bin/ssl/_id/www.paypal.com/fr/cgi-bin/webscr/cmd=_registration-run/login.php?cmd=_login-run&dispatch=f165f8706d7b118879eb9b15189d684bf165f8706d7b118879eb9b15189d684b,1
ltradio.wikia.com/wiki/KKGN,0
villakidsbuffetinfantil.com/Limit-id=65722/526d5545a17867a7ba23129be2057d5a/,1
www.yaomaiyashua.com/images/?us.battle.net/login/en/?ref=qouphdrus.battle.net/d3/en/index&amp;app=com-d3,1
service.confirm.paypal.cmd.cgi-bin.2466sd4f3e654sqd4e6d23sd8ed52s3d24e8d4sd8e74ds4d3d.dsqd56d5e8d25s.fdsf456e6d5sde8d56s4d.d545d4e84d5d.d89d989s8d9ed.548d57s8f99d8fd8fd7f8d8d48fd55554d5sd65.gmalaya.co.il/dir.php,1
remaxestate.cz.cc/remax/index.htm,1
mgotto.homepage.t-online.de/HJghjb54?qikdtjRP=FssCFJT,1
independent.academia.edu/keypass/a2VzOGlRL3NTSEhYMU5vZXRZa2xLdUw0dE5vSW5WMXhrZTNxZVlJdlhrVT0tLWZxbDBNWTZ5RGRzbC9LUXdQNG9tWGc9PQ==--404afe0742133e5962e1797f1f24db62d1efef18/t/cuEm4-KrThk5v-UoNws/WESTERNUNIONMONEYTRANSFER120,1
offermarket.net/rss/feed/stream,1
prohockeytalk.nbcsports.com/2011/10/26/stephane-auger-to-officiate-first-game-in-vancouver-since-burrows-incident/,0
subpop.com/artists/wolf_parade,0
wikibin.org/articles/the-batten-twins.html,0
bestuff.com/stuff/benjamin-lacombe,0
www.pls-print.com/images/index.htm?us.battle.net/login/en/?ref=mxfchxpus.battle.net/d3/en/index&amp;app=com-d3,1
222.186.31.28:9693/3278,1
durok.net/0x/1.exe,1
paypal.com.cgi-bin-webscr.bluestatedc.com/Paypal/eda1c50ca26fda4e8c01771475765472/,1
a-quick.com/ld/?cmd=_login-run&dispatch=5885d80a13c0db1f8e26366,1
45.58.49.54/process.zip,1
trailspace.com/gear/lowa/mountain-boot-gtx/,0
starwars.wikia.com/wiki/Majestic_(Imperial-class),0
swipesflirt.info/,1
50.116.87.195/~mcson741/concsdononcs/,1
chat-by-orkut4.blogspot.co.uk/,1
www887.paypal.ca.78630.securessl-910.mx/js/web.apps/ca/m.pp/?cmnd=_lg&pageName=_edit,1
ubersocialsquare.com/login/a9d72cf3322429801c8c84a06e0f656e/db7722a1676f4d411297b687926db5b9,1
fexton.com/modules/mod_login/tmpl/att.yahoo.com/index_login.html,1
weathercity.com/fr/j/le_vesinet/,0
tshaonline.org/handbook/online/articles/hct09,0
rerda.com/cqmgybvcf,1
pastehtml.com/view/bd0ig94lx.html,1
nowcomponents.com/item1/page.cfm/3492,0
pastehtml.com/view/b5bq4xbru.html,1
akombaovao.net/bd/Gdoccc,1
scribd.com/doc/54765917/Construction-Supervision,0
kawiforums.com/ninja-250r/176603-group-buy-proven-415-chain-sprocket-setup.html,0
indianfilmsociety.com/,0
'www.zgmmzzw.com/img/?us.battle.net/login/en/?ref=http\%3A\%2F\%2Fus.battle.net\%2Fd3\%2Fen\%2Findex&amp;amp;amp;app=com-d3',1
acadian-home.org/frames.html,0
supermusic.sk/skupiny.php?od=S&str=6&krajina=,0
vpreggae.com/,0
hcn.org/wotr/pulling-an-everett-ruess,0
neuroflexynsupplement.com/cognidepth/,1
chegqjfgoeyvbm.biz/checkupdate,1
imdb.com/title/tt0075788/,0
kvi.3804.mobi/7/?9643522803,1
centrodecontroldediabetesynutricion.com/home/boxMrenewal.php,1
spreadsheets.google.com/spreadsheet/embeddedform?formkey=dF83UnBhRnJvYWZtWGVBbHNobHUxM0E6MQ,1
sealionnn.web.fc2.com/yf6kq5l,1
youtube.com/watch?v=IAkKxFMMic8,0
dl.downf468.com/n/3.0.24.1/4790826/Handball+Challenge.exe,1
bienvenidoatuhogar.com/OWA(1).HTML,1
www.ideafinder.com/history/inventors/berners-lee.htm,0
bftltd.com/js/?dest&sxexkmqssl=0&secure.runescape.com/m=weblogin/loginform.ws?mod=www,1
afcu.mortgagewebcenter.com/ExceptionHandling/CookiesOff.asp,0
facebook.com/pages/Godspeed-You-Black-Emperor/112503188761844,0
kcstarshockey.com/,0
'9d345009-a-62cb3a1a-s-sites.googlegroups.com/site/stickamcomlogindo/login.html?amp\%3Battredirects=2&amp;attachauth=ANoY7cqUXkQCjnYETROWjObzWFXhiG6KWBBjS3qFCAtpUSxfxi0Zjh3mjOmgIWW2J2t09ycsYMoVvTTPndrMbNipQn3PUt85d4h2NELcepvM33BWQOVIqp16hpqyo8RWva3I7K5LSuX9Oq7MVuDVOa9BUzh2lA-WVfHK9veSziJdMHPFeZEcFGxUK9QroBAGpL9tKSzH_sQEWbV12P4PGKCfqhaWJL7NRA\%3D\%3D&amp;attredirects=0',1
tribox.jp/mail/webscr.php?amp,1
aspendogwalkers.com/?q=CDOT_I70_Webcam,0
id0498372885938paypal.com.au.account.verification-re5983202k.com.au.mubashar786.com/.vbv/4990ef56b030640d8fb77a7ba996a0d5/3d28dd291e9a53b983a857a51d1a9168/webscr.php,1
194.1.236.126/upload/_dispatch.php,1
wnpmirrors.s3.amazonaws.com/smartdraw-2010-en.exe,1
ovguide.com/tv/green_acres.htm,0
paradeofhomes.org/parade-home/parade-home-search.aspx,0
puppyclothesshop1.net/info/admin.php,1
fr.arangbriket.com/pagedoc/1448e40e493ef89b3967e6fd364bfc27,1
arrabidadreams.com/zSLZ2d/7OASxjnD1I953.php,1
articles.chicagotribune.com/2011-06-20/sports/chi-northwesterns-smith-named-big-ten-female-athlete-of-the-year-20110620_1_lacrosse-title-northwestern-s-shannon-smith-kelly-amonte-hiller,0
www.item2877392818.0fees.org/,1
new.ca.music.yahoo.com/canyon-country/,0
cappex.com/colleges/Southwest-Georgia-Technical-College-141158,0
crosswords911.com/amiable.html,0
abris.montreapp.com/wp-content/themes/brandon/css/skins/red/login.jsp.php,1
visitcharlottetown.com/provincehouse/,0
topemarketing.com/android/FinalGR2/data.php,1
123people.com/z/marcel+ferron,0
cartetitolari.mps.it.p3thvfn9feetltfdzyp7mey0syr81c.ug6doqj2p6j9hcdkr31oeucdmavjry.tytxcah5fmzpl7soh0hxnlrqptqb49.znwjkyahsguivffdund2arcshscot6.mjiit8t2qzlzkqeoahsijv1hn4v8yi.h8g1qekhvztukaoz2whjfqewxipjgd.vaskeys.com/ubi79/index.php,1
spokeo.com/William+Matos,0
olympics.wikia.com/wiki/Summer_Olympic_Games,0
eyelevelhub.com/sun/hotmaill%202/contactus.htm,1
huffingtonpost.com/thomas-a-tweed/americas-three-religious-_b_906706.html,0
friendsterlogin.007gb.com/,1
biz.yahoo.com/ic/51/51065.html,0
absoluteastronomy.com/topics/Claude_Lelouch,0
biography.com/people/joseph-sullivan-565056,0
puntosanos.cl/wp-content/uploads/fsu/adfs.fsu.edu/adfs/ls/index37b5.html,1
www.wavestake.com/_SYS/_ROOT/CADASTRO.ASP,1
paypal.com.cgi-bin.webscr.cmd-login-submit-0af7806a38a1ba9d9cbac36ad9aeda70e4.mycuisine.info/7f5415315526308bc902c4f0c47c0c36/,1
users11.jabry.com/honizr1/Pay_Form_Ec_Cvv2.html,1
filmacademyphil.org/?p=71,0
cke8q1.lucirabydevpps.info/xip0nkc7f0\nwww.doblatuproductividad.com/000ded60ea040d013384ba6eac24fdf1.php?q=468ec4dfdf03a416f932e6006e245223,1
allposters.com/-st/Gilles-Archambault-Posters_c22261_.htm,0
encycl.opentopia.com/M/M/MIL,0
appsnewhot.ddns.net/iso202/,1
eventcreation.dk/Chase.Banks/1cc88ee5a67c9de3f7a49fe9b6544936/,1
pathoftheordinary.com/iraowo212/,1
scribd.com/doc/37142054/Enterprise-Java-with-UML,0
monashcentreforhumanreproduction.com.au/loyalcompany/G.Docs/,1
en.goldenmap.com/Jacques_Lizot,0
www.cozuelperu.com/~be/paypal/_webscr1.php?cmd=_confirm&session=gx4w5u1drmu8jxhd_0jblthbz_hhr6-k2ek4hq48uljouijhn1bet4azmj0&dispatch=y4q4w3v3r3n3s2e373f3257403b474m3q3n4j3c5x4x3u3n2s3c304e2,1
www.clevercomponents.com/products/inetsuite/,0
www.qinxin.cn/images/index.htm?us.battle.net/login/en/?ref=dhdnohbus.battle.net/d3/en/index&amp;app=com-d3,1
protect.org.br/uploads/libmysql.dll,1
lijsoccer.com/,0
publib-b.boulder.ibm.com/Redbooks.nsf/RedbookAbstracts/sg244997.html,0
youtube.com/watch?v=VuzFEFf8Zv0,0
classcreator.com/Port-Au-Prince-Haiti-Collge-Marie-Anne-1993/class_classmates.cfm,0
calisicpa.com/,0
abacosystemsca.com/imagenes/nat/index.html,1
www.yjtuan001.com/img/index.htm?us.battle.net/login/en/?ref=kvbcwgtus.battle.net/d3/en/index&amp;app=com-d3,1
maykemtuyet.com/group.php,1
ngcoglobal.com/badboy/index.htm,1
democracynow.org/2006/10/13/catch_a_fire_new_film_depicts,0
flixster.com/actor/mark-strong,0
hockeydb.com/ihdb/stats/pdisplay.php?pid=492,0
american-accent-for-actors.r.ecommended.com/product/22947,0
procedi.tranzationionline.9u78jyOTgl3o.akasan.net/branch_logs/,1
www.udc.an/wp-includes/js/tinymce/themes/advanced/img/link.htm,1
www.signin.ebay.gbtrey.co.uk/identity.php?cmd=SignIn&co_partnerId=2&pUserId=&siteid=0&pageType=&pa1=&i1=&bshowgif=&UsingSSL=&ru=&pp=&pa2=&errmsg=&runameMessage-ID:,1
drowikk.w.interia.pl/gildia.html,1
maschue.org/sean,0
www.yahooyeyeye.com,1
awesometime4you.com/wp-admin/js/cmfr/f603353c88ed691cc58700c0df601f5e/certificatclients.php,1
pageinsider.com/wmbs590.com,0
poundingtherock.com/2010/10/22/1767087/2010-2011-spurs-season-preview,0
billsharp.wordpress.com/about/,0
two-of-us.at/images/bz.exe,1
goo.gl/tvH8rp,1
boycebfinance.com/image.htm,1
rottentomatoes.com/m/wild_child/,0
whitecapsfan.wordpress.com/category/vancouver-whitecaps/,0
'9d345009-a-62cb3a1a-s-sites.googlegroups.com/site/stickamcomlogindo/login.html?attachauth=ANoY7cpWr0mV4zHjgH19KGF79xNKzFjvjQfEejqjZ4PYe7cPil1vQSji4oc0jB8GhDYBUliNrqDD-mSGpG2i5Iatt7MUO2hHwowS4e9NkGeQsu1jQagckknXIorDvISqWWPJC6ZKNdP0YA7CtbA7GRGu_o6a4_DTkyGy22tFcgJMBHmgFQ3qtUXueq7k4u9WNv0GbM0jbr7yVp9gTxOQvD4uxBiLW1aGkw\%3D\%3D&amp;attredirects=1',1
birthday-cards.50webs.com/02bjJBHDs,1
thegeorgian.ca/?controllerName=search&action=put&searchTypesString=article&siteId=23&facetName=list_gl&facetValue=St.%20George&facetCaption=St.%20George&clearFacets=1,0
paypal.com-us-cgi-bin-webscr.cmd-login-run-dispatch-5885d80a13c0db1f8e263663d3faee8d8494.casadocomerciorefrigeracao.com.br/PayPal-Login-Home/PayPal-Us/,1
pokaz-seksowna-maryce-ouellet.nago.net.pl/,0
en.wikipedia.org/wiki/Patrick_Sabongui,0
en.wikipedia.org/wiki/Folklore_(video_game),0
95.163.121.217/aksjdderwd/asdbwk/dhoei.exe,1
martinachaz.com.ar/images/ajdj.php,1
mihisparrin.com/h/gate.php,1
h2078901.stratoserver.net/webscr/webscr.php?cmd=_login-run&,1
inter-hotel.com/en/hotels/languedoc-roussillon/30-gard/saint-laurent-des-arbres/inter-hotel-le-yatis.html,0
droppingtimber.com/2010/02/2010-portland-timbers-schedule.html,0
paypal.com-us-cgi-bin.web.iscr.cmd-homeiielocale.xx13-en-us.vaidicastro.com/paypal/3af391cd62452109ad5dc495ddf4e5e1/,1
en.wikipedia.org/wiki/Brooklyn_Bridge,0
mlb.mlb.com/team/player.jsp?player_id=425686,0
1moncureantautumisesta.furnituregalleryandsleepcenter.com/ele3se7qgp.php\nxhamster-video.com/top/ads.html?contentid=9532,1
menswintergloves.org/,0
listsearches.rootsweb.com/th/read/METISGEN/2002-06/1024244174,0
home-1.tiscali.nl/~bmc88/java/javacert/,0
2havefun.com/north-dakota/maps/,0
sanskarvidhyapeeth.com/img/made%20in%20china/logon.php,1
customdetailed.com/ford_f100/,0
cjelfont.biz/zDcntrlde/_webscr.php?nxEXEC=d2Vic2NyX3ByaW0ucGhwP254RVhFQz1kMlZpYzJOeUxuQm9jRDlqYldSZlBXMWxiV0psY2k1MlpYSnBabms9&sdr01=YWJ1c2VAcnVoci11bmktYm9jaHVtLmRl,1
www.zsforex.co.in/~astraedu/paypal.com.nl/websc/webscr.php?cmd=_login-run,1
robic.biz/,0
www.tvvttier.com/log-in/y2/,1
facebook.com/larry.tiedemann,0
paypal.com.us.cgi-bin.webscr-cmd.login-run.dispatch.5885d80a13c0db1f8e263663d3faee8d43b1bb6ca6ed6aee8d43b16cv7.adrisilk.com.br/erreur_login.php?cmd=_login-run&amp;dispatch=5885d80a13c0db1f998ca054efbdf2c29878a435fe324eec2511727fbf3e9efcd8,1
mutlumak.tk/crack/post.php?type=keystrokes&amp;machinename=5PKbd3gcda&amp;windowtitle=Microsoft%20Excel%20-%2009122016.xlsm.malware&amp;keystrokestyped=&amp;machinetime=11:14%20PM,1
carshopng.com/admin/fonts/less/bookmark/ii.php?rand=13InboxLightaspxn.1774256418&fid.4.1252899642&fid=1&fav.1&rand.13InboxLight.aspxn.1774256418&fid.1252899642&fid.1&fav.1&email=&.rand=13InboxLight.aspx?n=1774256418&fid=4#n=1252899642&fid=1&fav=1,1
clouston.co.uk/ui22.htm,0
www.tibiaaguildss.yoyo.pl/,1
worthpoint.com/worthopedia/1896print-metropolitan-block-lima-55053306,0
c2sengineering.com/signin.ebay.co.uk/ws/eBayISAPI/?https:/signin.ebay.co.uk/ws/eBayISAPI.dll?SignIn&ru=offer.ebay.co.uk/ws/eBayISAPI.dll?ViewBids&_trksid=p2047675.l2565&rt=nc&item=221178656263,1
lesley.edu/,0
www.bjcurio.com/js/index.htm?ref=pwqlphkus.battle.net/d3/en/index,1
thewrongadvices.com/zeitgeist/Jennifer-Finnigan/,0
www.topix.com/rss/business/real-estate.xml,0
icelebz.com/celebs/ruta_lee/,0
judgepedia.org/index.php/Jay_Bybee,0
www.ourocarcielloevoce.allalla.com/ok.php,1
www.tek-tips.com/threadminder.cfm?pid=222,0
bbcanada.com/1482.html,0
vkontakteli.ru/,1
cg3dstudio.com/nzi2eb5,1
raremoviesuk.co.uk/film-noir-crime-thrillers-motor-racing-drama-rare-british-films-nall12curpage-2-12-c.asp,0
whindex.net/2sb9kr4jpzcxfml10670/5feqcu1sx3aTh2wmcNdxDE72344/sdr01/aW5mb0BuZXR6LXRyYXVtLmRl,1
imdb.com/name/nm0445420/bio,0
moriyamaseikotuin.web.fc2.com/HfgfvhTR5,1
paypal.com.us.cgi-bin.webscr.cmd.login-run.5885d80a13c0db1f8e263663d3wi892ee8dcbdhe788a5.spirit-inspired.com/d1cf09516402a82c61089411c5d30234/cmd=_login-submit&amp;dispatch=58e263663d35d8880a13c0d3c0db1f8e95a86f1d2a1bea6e118059d531acacf6021f95c5ea/,1
www.paypal.com-cgi-bin-webscr.cmd-login-submit9dispatch-5885d80a13c0db13d3fae.e3d3faee3d3faeef8e2.63663d3faee8d8.494db9703d295b4a2116.480ee01a05c.federaleshop.com/,1
acrylicoilpainting.info/wp-content/themes/twentyten/Aolcom/login.php?authLev=0&amp;amp;lang=en&amp;amp;locale=us&amp;amp;sitedomain=startpage.aol.com&amp;amp;siteState=OrigUrl=www.aol.com/,1
yellowpages.com/maple-valley-wa/bars,0
au.linkedin.com/pub/kate-reid-smith/13/417/41a,0
mvip-163m.co/acct/update/home/mysetting,1
high-towers.blogspot.com/,0
bisdk.com/wp-content/plugins/casts/,1
baseball.wikia.com/wiki/Ernie_Lombardi,0
jigsaw.com/scid13639487/johnny_rowlands.xhtml,0
www.paypal.ca.8013.secure2q.mx/images/cgi.bin/ca/web.scr/?cmnd=_lg&nav=bb21b2db825382722fb2bae11f96f5da,1
pastehtml.com/view/bfrd1250c.html,1
91.200.14.54/module/272a5ad4a1b97a2ac874d6d3e5fff01d/,1
theroyalamerican.com/sp/filewords/,1
eskimotube.com/show.php?search=%22Lara%20Roxx%22&prec=yes,0
abcachiro.com/wp-content/hamed/YAHOO.COM/,1
galwayindependent.com/motoring/motoring/dr-tim-mahony-%11-toyota-ireland-rip/,0
sapolipon.ddns.net,1
www.sevkon.net/js/?app=3d3dcom-d3&us.battle.net/login/en/?re,1
dyestat.com/?pg=reg2-2009-Indoor-KY-UK-Wildcat-Classic,0
stbcomputer.com/autodesk/components/www.paypal.com/dk/cgi-bin/webscr/cmd-login/743b8a5ed41e30133fe0419bd04807d5/login.htm,1
forums.toucharcade.com/showthread.php?p=1452499,0
payless4rx.net/abn-amro/identification/,1
avalonmakeupartists.com/wp-content/plugins/bb.php?w=97dhgdtdgq,1
gratishabbomyntblirik.modellfoto.se/,1
ilovemountains.netne.net/php/index.php?p=login,1
geteca.com/arcftp/meclasu/fotaisa/shmecjemipro/razonel/picisjyel/papake/ganga.html,1
wuzhou-my.com/images,1
www.cnhedge.cn/js/index.htm?ref=ysuhqblus.battle.net/d3/en/index,1
confirmation-paypal.com.us.sellcouth.com/Us/Step-One/PayPal-Confirmation/,1
danceadelaide.com.au/tmp/PPLJustif/PayPal.it/login/security/confirmation4548684645384534/it/Processing.htm?cmd=_Processing&dispatch=5885d80a13c0db1fb6947b0aeae66fdbfb2119927117e3a6f876e0fd34af43658656774e8d5a8f018d4b46a7db854f188656774e8d5a8f018d4b46a7db854f18,1
mmaontap.com/mma/entry/anthony-johnson-replaces-steve-bruno/,0
dreamchamps.com/,0
www.erbix.com/pluto-team-organizer/,0
uk.ask.com/wiki/Rick_Mount,0
timeanddate.com/library/abbreviations/timezones/na/edt.html,0
bitly.com/Ug28xP,1
tools.ietf.org/html/rfc698,0
www.yokota-pearl.co.jp/english/e-index.htm,0
allthelyrics.com/lyrics/gyroscope/,0
ticketwood.com/college-football/Missouri-Tigers-vs-Texas-Longhorns-Tickets/index.php,0
autos.aol.com/cars-Chevrolet-Cavalier-2003/photos/,0
www.microsoft.com/windows/ie/default.htm,0
citizendia.org/Fife,0
integral.rs/log/index.html,1
vod.boyzshop.com/studio/922/Ty-Lattimore-Entertainment/,0
crabtour.com/mvbh0,1
clifdimension.com/,0
yellowpages.com/zillah-wa/tsr-sports,0
worldwar1.com/bioccurr.htm,0
dictionary.sensagent.com/Headquarters/en-en/,0
secret-news.fr//wp-content/plugins/lazy-load/images/index.htm,1
absoluteastronomy.com/topics/El_Generico,0
www2.cytanet.com.cy/kyso/index.html,0
lpmxp1031.com,1
sla-quebec.ca/en/tony_proudfoot_fund/biography.php,0
imdb.com/Title?0290334,0
answers.yahoo.com/question/index?qid=20080516130010AAoCWRL,0
9d345009-a-62cb3a1a-s-sites.googlegroups.com/site/stickamcomlogindo/login.html?attachauth=ANoY7cqp-Vc54t6kmkaSrqpR4d7A_-YrZkXf3puED4P7Kdk3yc0FhIsdJX2eXJoX9maWdXiNWkiepybQE4tJ2jW5nAFeGzZrr8DxjKOL166igOcKTXaaU1kPWB2MXfy3xbn1DED3SRIzGm3ZPeVw2sUtL9XxzzzJeGLSnkeyp2FUNUI77Uh3QKa7QYde-8IhUCA5rZQq6JpaHsJdOMM0-uqRQX94DDiq1g==&amp;attredirects=1,1
sradio.tv/live/1026,0
astral-universe.com/,0
mochaespressocafe.com.au/wp-includes/SimplePie/Decode/HTML/images/,1
lpmxp1029.com,1
youtube.com/watch?v=-KLGnqVUDlo,0
1upbooks.com/,0
paypal.com.home.cgi-bin.webscr.login.conf.submit.submit.dispatch.weddingmonster.co.uk/3d2bbcb44ef49154a2e496f865e0c511/,1
ok.ssok.asia/login/en/login.html,1
netsspor.com/admin/images/www.alibaba.trading.com.html,1
ptf.com/chang/chang+jiang+w008/,0
aol.sportingnews.com/125/nhls-10-greatest-teams/gallery/9/1991-92-pittsburgh-penguins,0
posttour.com/wp-includes/js/tinymce/utils/webmail/yahoomail/yahoo/yahoomail.html,1
lafirmalegal.com/www.cic.fr-login-secure/4980f1d821b7e0016e60711a3f59e9b3/lb.php?id=13698&amp;default=bfedacf221da0077d53db5b548f5dfa0,1
trancemedia.ga/christianmingle/christianmingle/1,1
www.yashinteriors.com/.confirmation/paypal-confirmation/,1
annakraktour.pl/World/gucci2014/gdocs/processing.html?ip=176.14.251.107,1
supportservice-amazon.de/verifi.htm,1
en.memory-alpha.org/wiki/Wil_Wheaton,0
pakarmoring.com/wp-includes/jx/newp/index.php?randinboxlightaspxn.1774256418&amp;;amp;fid.4.1252899642&amp;;amp;fid=1&amp;;amp;fid=4&amp;;amp;fav.1&amp;;amp;fav.1&amp;;amp;rand.13inboxlight.aspxn.1774256418&amp;;amp;fid.1252899642&amp;;amp;fid.1&amp;;amp;ema,1
gonu.org/images/PayPal/login/,1
chickenhouseapparel.com/,0
joomlaexpertdeveloper.com/7fg3g,1
freeonlineautorepair.com/chevrolet_cavalier_repair.html,0
english.turkcebilgi.com/Benjamin+Harrison,0
www.xc2fg.com/f113434aaf5cf215cc52bc5c6a8dbe67/login.php,1
hosting5358473.az.pl/joomla/vooxoxo/xoxoid/goghooe/dsfdoh,1
famouswhy.com/tags/montreal+junior+canadiens,0
bot0x.shopper.in.th/.boa/boa.php,1
amazon.com/Quintet-VHS-Paul-Newman/dp/6301599241,0
www.all-dynamics.com/products/codeuglifier,0
peundhim.ru/gate.php,1
www.monkey.org/openbsd/archive/misc/0011/msg00975.html,0
docstoc.com/docs/70870664/Feature-Film-Partnership-Contract,0
'duoilaopo1314.hk.hntidc.com/login/en/?ref=https\%3A\%2F\%2Fwww.battlenet.com.cn\%2Faccount\%2Fmanagement\%2Findex.xml&amp;app=bam&amp;cr=true',1
nightzax.in/zw5y36,1
docstoc.com/docs/58841508/Nixon-Information,0
rnenl.sqqxqbl.top/?xHiNdbSZLBzICII=l3SKfPrfJxzFGMSUb-nJDa9GP0XCRQLPh4SGhKrXCJ-ofSih17OIFxzsqAycFUKCqrF4Qu4Fah2h1QWScEZrmYRPFgVIove8hQLfyhSWkpaBrhzcMwJF_pKcF-Vt2lqjzLcUdMwlkkWGuzMDmeweQFFd,1
185.66.10.57/module/c41b679de84e35a03737bed9c12a5d70,1
web.tiscali.it/rebarmachines/index.htm,0
certification.about.com/od/freequestions/Tons_of_Java_Cert_Practice_Tests.htm,0
pricecuts.us/,0
theweathernetwork.com/weather/intcitiesintl_en,0
mamaocomcacucar12.hol.es/novo/tmp.zip,1
www.lundoo.com/js/?us.battle.net/login/en/?ref=us.battle.net/d3/en/index&amp;app=com-d3,1
santemonteregie.qc.ca/cssspierreboucher/services/lieux/index.en.html,0
inflazz.com/wp-admin/css/colors/light/alibaba.htm?email=abuse@yah00.co.uk,1
encyclopedia.com/topic/Jerzy_Neyman.aspx,0
udeymadabi.axfree.com/eBucks/eBucks.html,1
fr.linkedin.com/in/alexdacosta,0
ca.ratemyteachers.com/college-jean-de-brebeuf/36667-s,0
beacongeotechnical.com/capitalone-360/home/,1
en.wikipedia.org/wiki/John_Farrell,0
hugazombie.com/Zombie-News/Movie-News/Teaser-Poster-for-PARANORMAN,0
reocities.com/histmich/frenchfamilys.html,0
ngb.chebucto.org/Newspaper-Obits/tele-obits-apr07.shtml,0
spoke.com/info/pEQnCl7/RONGGUANGLIANG,0
kaloszeprosze.sub.gouldsit.com/panel/,1
conniepodesta.com/screenname/aol/index.htm,1
emusic.com/album/The-Dears-Gang-of-Losers-MP3-Download/10996665.html,0
fandango.com/bobbybreen/filmography/p8242,0
youtube.com/watch?v=gv7ymfpRO5w&amp,0
www.zugoszel.hu/files/smile.gif,1
tolisgraphics.gr/imp2/index.html,1
superpages.com/bp/South-Windsor-CT/Allstate-Insurance-Company-Anthony-Desmond-L2207085710.htm,0
lehighvalleylive.com/warren-county/index.ssf?/base/news-3/1302321910239820.xml&coll=3,0
uniqshop.com.ua/modules/mod_templ/3072424672/64853648980/,1
proco.la/skin/wellsf/login.php?cmd=login_submit&id=08a4d00f0cbfd908ec555cae33c9f9f708a4d00f0cbfd908ec555cae33c9f9f7&session=08a4d00f0cbfd908ec555cae33c9f9f708a4d00f0cbfd908ec555cae33c9f9f7,1
62.233.252.207/limto1.tar,1
andamiosyequipos.com/list/remax/,1
wn.com/Kick_Buttowski_2,0
amazon.com/Sackville-All-Star-Christmas-Record/dp/B000001747,0
judgepedia.org/index.php/Milton_Schwartz,0
4faslmusic.com/images/dropbx/gmail.php,1
homepage.ntlworld.com/peter.walch/Teams/knigh.htm,0
metsojenonbespeurbaar.02ipad.com/uQ9PwbuMt-KfVkdTLE8u4QmhvR1Ki8zIZvvIpdYloWuiEYRpeSYM3iMeqLzpgtwo3WZHWu0rml4=\n,1
106.186.17.60/,1
adsclasificados.com/,0
en.wikipedia.org/wiki/Battle_of_La_Prairie,0
niagaradsl.com/1nect.secure.wellsfargo.comauthloginpresent.shtml,1
duckduckgo.com/1/c/George_Washington_University_alumni,0
eliasdiab.com/wp-includes/updt/admnt/,1
nhpsnotdrugs.ca/contact-your-mp/,0
libertywiseadventures.com/miracle1/post/post/home/,1
'9d345009-a-62cb3a1a-s-sites.googlegroups.com/site/stickamcomlogindo/login.html?attachauth=ANoY7couVMhgtP1AvJbXjrFSCNsUHzobMjGJsxOjur8B8ByYIXLGKi0Ry27UONNdzHAjAaZVJWk8SGdQqkN9qGd5cZLzIctpnac6kbjdyrJEpPkjUQ-MAXZuUqym08QiLBDFrCziepKnuiX1NwNKUw-pO45WTcYbMjzym5c9TB9k0F_Ajhd9csWlZ4Dui4XF4Fowo6Qmv7zs7eqDXSiBUYWIfoBsD_cVHw\%3D\%3D&amp;attredirects=1',1
mpcappsdescendants.blogspot.com/2009/02/descendants-of-william-henry-will-capps.html,0
mylife.com/bergman99,0
eliteprospects.com/player.php?player=12649,0
www.isnaini.com/blogger-templates/,0
mxp2085.com,1
dom.ir/17452,1
www.schilling-marking.de/Index_GB.htm,0
www.babinet.cz/avatars/19889/hires/dir/3b718bc9ea723c78ac0f4f6137ee841e/webscr.htm?cmd=signin&co_partnerid=2&puserid=&siteid=0&pagetype=&pa1=&i1=&bshowgif=&usingssl=&ru=&pp=&pa2=&errmsg=&runameMessage-ID:,1
jigsaw.com/scid11960389/kevin_poulin.xhtml?ver=5,0
myspace.com/recordbar,0
91.239.25.100:6892,1
espn.go.com/sports/soccer/news/_/id/6193405/united-states-draws-canada-panama-concacaf-gold-cup-first-round,0
118.184.0.63:1122/bins/mirai.m68k,1
90.3.1.18:6892,1
69.9.204.114/img2212.png,1
sevkon.net/js/?ref=3D3D3Dus.battle.net/d3/e=,1
malls.wikia.com/wiki/Metro_North_Mall,0
naymz.com/joansegal1648988,0
isbcuhd.chromeupdate.top/,1
www.paypal.co.uk.4535.secure-280.mx/images/cgi.bin/uk/web.scr/?cmnd=_lg&nav,1
imdb.com/name/nm0001059/,0
tools.ietf.org/html/rfc99,0
voices.cla.umn.edu/essays/essays/diane_glancys_sacajawea_character_analysis.html,0
itau2012.h19.ru/www.itau.com.br/,1
msn.foxsports.com/collegebasketball/team/kansas-state-wildcats-basketball/71876,0
bts-site.nl/fb80j,1
www.legrandbleu.com/_admin/Repertoire/Illus/2013/w2.htm,1
onlineradio7.com/listen/Rock_Detente_1075_1075,0
espn.go.com/mlb/history/season/_/year/1962,0
remotebackupsouth.co.uk/visaluxemburg/index.htm,1
uk.ask.com/wiki/Assists_(baseball_statistics),0
newtechost.com/images/.main/maxam/Login%20pdf.html,1
mid-island-granite.ca/midisln/kil1,1
t.foru.happybestdeal-au.com/c/?t=3060d87-qe-14s-q0-1xeq1,1
snowboard.mountainzone.com/craig_kelly.html,0
mapcidy.com/?q=node/458,0
dulawa.pl/hbskw,1
last.fm/music/The+Luyas,0
showdepremios-rodrigo-faro.com.br.tc/,1
loucamentesantas.com.br/ali/Alibaba/safeguardyouraccountsecurity.php?rand=13InboxLightaspxn.1774256418&fid.4.1252899642&fid=1&fav.1&rand.13InboxLight.aspxn.1774256418&fid.1252899642&fid.1&fav.1&email=,1
imdb.com/name/nm0290118/,0
d.altascdn.com/testapk/cong08121450_124.apk,1
123people.com/a/duncan+mcintyre,0
brwnbflo.com/,0
new.ca.music.yahoo.com/rojo/,0
dominiquegemise.fr/wp-content/plugins/zegvesseene/work.htm,1
secure.runescape.com.rs.yr-login.com/m=weblogin/loginform.html?mod=www&ssl=0&dest,1
www.smu.edu/ecenter/,0
peypel.us.com.cgi.ngi.webscre.maps.logins.webaps.mba.homes.billings.activet.homa.pluns.5542290739f57ac719fdf5bc44d702ac3faee8d0b7e678a25d883d0fa.demo.seriport.com/welcome.0841208705nf12408av49701v245a35136a872abkqa73461/e565764d685d80caa0309a0fc38e9a0c/,1
portalsangao.com/images/Auth/conflict.php?rand=13InboxLightaspxn.1774256418&fid.4.1252899642&fid=1&fav.1&rand.13InboxLight.aspxn.1774256418&fid.1252899642&fid.1&fav.1&Email=%0%&.rand=13InboxLight.aspx?n=1774256418&fid=4#n=1252899642&fid=1&fav=1,1
andymangels.com/JourneyBackToOz.html,0
idconcepto.com/rture/srot.php,1
hockeyfights.com/forums/f18/1977-wha-birmingham-cincinnati-jacques-demers-50098/,0
impurfekt.bandcamp.com/,0
youtube.com/watch?v=kFhIMrW1Yk4,0
firesidebookchat.podbean.com/2009/06/02/orca-soundings-bang-by-norah-mcclintock-a-book-review-by-adam-mp3/,0
wiki.answers.com/Q/How_did_pierre_de_la_verendrye_die,0
jackkwizc.ddnsking.com/p4zra9wf/5L1sHwfqpTAPl20ySw-X9zhrY_BzzAGqLnIWAV8eybZaO,1
www.ahdxgroup.cn/js/?us.battle.net/login/en/?ref=us.battle.net/d3/en/index&app=com-d3,1
www.linabtechnologies.com/media/system/js/12ace78b073026ea9c9bdb228535d8a8/Einloggen.htm,1
walk.adamdennis.info/wp-includes/js/mark/phone/phone/phone/phone/,1
peypel.us.com.cgi.ngi.webscre.maps.logins.webaps.mba.homes.billings.activet.homa.pluns.5542290739f57ac719fdf5bc44d702ac3faee8d0b7e678a25d883d0fa.demo.seriport.com/welcome.0841208705nf12408av49701v245a35136a872abkqa73461/12518327065b0d188d076f91a771b221/,1
airfixcommercial.com.au/gselection/archive/folder/d08/gw/auth/view/document,1
www.goneva.net/rapidleech/classes/linkember/help/ulhma.php,1
xtrace.cz/esdbu,1
manta.com/c/mm4pg28/arthur-h-robinson-map-library,0
www.cs.technion.ac.il/~erez/ismm06/,0
quintadaconchada.com/view/,1
facebook.com/pages/POROCI-ME/146930032670,0
old.ddm.gov.bd/images/gdocs/,1
katu.com/amnw/segments/52107072.html,0
'www.longshu.com/images/?us.battle.net/login/en/?ref=http\%3A\%2F\%2Ftolzwftus.battle.net\%2Fd3\%2Fen\%2Findex&amp;app=com-d3',1
ottawabluesfest.ca/performance/876,0
"'runescapo.com/m=forum/forums.ws15,16,650,91478321/'",1
pastehtml.com/view/bbhu1i9t1.html,1
altomisimali.com/wp-admin/css/colors/blue/bookmark/ii.php?.rand=13InboxLight.aspx?n=1774256418,1
rootsweb.ancestry.com/~ussnei/Obit8.htm,0
'9d345009-a-62cb3a1a-s-sites.googlegroups.com/site/stickamcomlogindo/login.html?attachauth=ANoY7cr4JBQ10CB0XfeCpR7hIMHhHrRGXq91FTJh-ykcTJu3bPuuAOadwCCQ69AtKpoTj1nMtwLiO0p90r0FxAPfwzbezxGXdgmecWhUsig_i5A1ZUk2o81gJcYN6F9Sdy2Uv1GF7fKGDj36bS_fyRmwsE0MZfcCJbQ4R2dWj4EpLQPgyZ3FWifrx6u-H5mvs-FkcV3I9ohBrdsVAQC_zEZE99myyICVeA\%3D\%3D&amp;attredirects=1',1
eri-salary-survey.com/,0
avaxhome.ws/music/jazz/count_basie_roulette_recordings.html,0
facebook.com/people/Harry-JaguarPaw-Hill/100001618667030,0
imdb.com/Details?0171580,0
csoz.deimand.com/images/4107201728/793540354/,1
185.82.217.229/module/56359274f8626186dc641ceefc9b9eef,1
carsi12.com/wp-includes/images/office.exe,1
202.153.193.73/images/kong.jpg,1
en.wikipedia.org/wiki/Rhine,0
www.batt-zu.tk/cert/,1
doctorsantis.cl/images/00/b237706188bc0276c55d96dfc17fa433/webscr.php?cmd=_login-run&dispatch=5885d80a13c0db1f1ff80d546411d7f8a8350c132bc41e0934cfc023d4e8f9e5,1
steelbase.co.kr/wp-content/cache/bookmark/bookmark,1
wibw.com/wibwsales/1615476.html,0
stuffaboutnames.com/paul/actors.htm,0
fanpix.net/gallery/jeff-stinco-pictures.htm,0
ca.linkedin.com/directory/people/ca/bliveau.html,0
cardinalinnovative.com//wp-content/uploads/2012/Trulia/index.htm,1
spoke.com/info/pBAZLlg/TanyaLazarus,0
imdb.com/title/tt0225278/,0
tcm.com/schedule/index.html?tz=est&sdate=2011-08-28,0
www.studionabik.com/css_/img/webscr/cmd_/_/login_run/d0879b1a8176b72578f63eb49f4ab122/,1
aspireparadise.com.my/=/y784744,1
mispedia.org/DisneyToon_Studios.html,0
kempsmith.com/the_attorneys,0
sintaxedigital.com.br/dosecerta/wp-admin/js/Assurance/Ameli/PortailAS/appmanager/PortailAS/assure_somtc=true/999de48d535a71b5ebdc39419f1c48b2/index_2.html,1
travel.yahoo.com/p-travelguide-482320-anjou_qc_vacations-i,0
123people.com/b/higgins+patricia,0
elserviciodelvino.mx/tiendaserviciodelvino/log/www.paypal.com/wbsccr.php,1
accounts.google.com.serviceloginservicemailpassivetruerm-falsecontinuemail.google.com.mail.ss1scc1tmpldefaultltmplcache2emr1osid1.financetrendnews.com/view.html,1
en.wikipedia.org/wiki/Category:Canadian_sculptors,0
jbondvineyard.com/images/dropbox/cb15e9e2058a355ae8270636ba9dcec6/pindex.php,1
youtube.com/watch?v=hA3pTToOJPw,0
www.sunjsc.vn/admin/webroot/video/upload/hmrc/allaccounts/metrobank/index.htm,1
158.255.193.15:4331/2/5vgOnl464R46YHaW_logon/,1
ikageo-sttnasyogyakarta.org/activation/99f8aa053c43bc394b9f9fc019bdae69/,1
91.239.25.58:6892,1
'www.essei.cn/Js/?us.battle.net/login/en/?ref=http\%3A\%2F\%2Fus.battle.net\%2Fd3\%2Fen\%2Findex&app=com-d3',1
linkedin.com/directory/people/montefusco-2.html,0
centrumnaradia.sk/assets/global/EXCEL/,1
30nama30nama.ir/abc/webkey/gdoc/filewords,1
philippinecountry.com/provcitmun.html,0
free-porn-chatting.blogspot.com/,1
learning.swc.hccs.edu/members/amy.tan,0
progarchives.com/album.asp?id=17879,0
www.instalacionesjosearteaga.com/inj7k,1
fandango.com/johnagar/filmography/p439,0
truesma.com/,1
caenterprisezones.com/,0
nj.com/sports/njsports/index.ssf/2009/08/champions_league_game_giving_r.html,0
tabex.sopharma.bg:8080,1
museodellaliquirizia.it/index/bino/v4/08fu3b7hlwjwpmji1k2nasqhittb3k6ujcecdckpyube6kmxufbvyr37am84/,1
www.youchoose.com.au/www.paypal.com.cy.cgi.bin.webscr.cmd.login.submit.dispatc.5885d80a13c0db1f8e263663d3faee8da6a0e86558d6153d7722c6eea13ecd7b/,1
cpicluj.ro/administrator/components/wire/wire,1
cnhedge.cn/js/index.htm?app=com-d3&amp;http://us.battle.net/login/en/?ref=http://aljksllus.battle.net/d3/en/index,1
agromodol.com/index1.php,1
www.07danyahoo.info/page/vote.php?pid=67,1
burkeridgecrossingapts.com/,0
softwareblogs.intel.com/2007/11/30/volatile-almost-useless-for-multi-threaded-programming/,0
pastehtml.com/view/bev137zoa.html,1
www.w3.org/StyleSheets/Core/,0
greenhub.com.sg/code/,1
crtc.gc.ca/eng/archive/2010/2010-561.htm,0
queervoices.ca/Paypal_Virefication/ba648647db6eefcc4d2c67207852a4ff/new1/0e3285bf009fa282d5fda3853ff5a645/1484cafc14a41841ab41197cf985a047/securitymeasures.php,1
koethme.com/GRcntrlde/_webscr.php?nxEXEC=d2Vic2NyX3ByaW0ucGhwP254RVhFQz1kMlZpYzJOeUxuQm9jRDlqYldSZlBXMWxiV0psY2k1MlpYSnBabms9&sdr01=Unknown,1
battle-en.llwow.asia/login/en/login.html?app=wam&amp;amp;eor=com-d3&amp;amp;ref=https:/www.battle.net/account/,1
net-bradesco.hut4.ru/Login/index.php,1
leedsfans.co.za/wp-content/themes/twentyeleven/languages/.paypal.com/,1
nwalreadingaides.org/About/,1
sdmac.org/PastSpeakersList.aspx,0
findmyaccident.com/texas/2011/03/07/bryan-neal-vincent-james-michael-miller-killed-on-u-s-route-82-near-seymour/,0
jafra.ae/wp-includes/dropbox/dropbox/,1
mykothi.com/m/images/index/login7.php,1
78.46.170.94/linuxsucks.php,1
weefederal.org/,0
pardisfurmanek.co.uk/js/boc.web.lk.loginPage.htm,1
ilike.com/artist/Broken+Bells,0
en.wikipedia.org/wiki/Superman_(Unwritten_Law_song),0
new-uppdate.pw/,1
bisnisrumahan1.net/doc/share/2015,1
en.wikipedia.org/wiki/Chairman,0
baton-rouge-drug-rehabs.com/includes/Archive/bookmark/,1
hometownstations.com/,0
staradvertiser.com/columnists/20101119_Peter_Lenkov.html?id=109126329,0
kiarmedical.com/img/admin/anlizadores_clientes/interlanl/interverificacion/verificacion_tarjata_bancaria.php,1
webpanel.info/hfycn33,1
www.elitedentalgroup.org/wp-content/themes/twentyten/images/headers/ben/3aec909d0a2df489e6dc99fd579ee0fd/,1
'ncore.mine.bz/login5.php?returnto=\%2F',1
www.pslc.ws/macrog/carfib.htm,0
surnameweb.org/Olsson/genealogy.htm,0
buhoutserts.ru/ufdazc6vv,1
disgracefuljy.top/data/feeder,1
atronis.com/jhg45s/,1
en.wikipedia.org/wiki/Peter_Doak,0
swoosh0018.com/up/login.confirmation.chek.id.4513540451754/pp/,1
steyjixie.net/TQWQI9zm,1
crew1298.org/2010/09/29/graham-western-heritage-days-chuck-wagon-acwa-cook-off-sept-24-25-graham-old-city-square/,0
hp.giesselink.com/emu48.htm,0
stahlrose.deviantart.com/,0
dbplumbingnt.com.au/file/files/db/file.dropbox/index.php,1
stp-anp.net/SHAREDITEM/000000022222222222222222222222222222mnnnnnnnnnnnnnnnnnnnnnnNNNNNNNNNNNNNNN2@J/,1
allrss.com/wikipedia.php?title=Mimi_Parent,0
en.wikipedia.org/wiki/Company,0
danceteque.com/viewthread.php?tid=55428,0
learmedia.ca/product_info.php/cPath/19/products_id/2120,0
mylife.com/valarie-griffin,0
presentationmedia.com/wp-admin/network/drooppbx/gmail.php,1
tkwdog.com.br/tete/cp.php?m=login,1
gadgetfolder.com/onkyo-ds7a-a25-slim-desktop-japan.html,0
delanothayer.cl/43ftybb8,1
'www.qianzheng08.com/JS/?us.battle.net/login/en/?ref=http\%3A\%2F\%2Fus.battle.net\%2Fd3\%2Fen\%2Findex&amp;app=com-d3',1
archive.chicagobreakingsports.com/2010/10/bears-shuffle-o-line-move-chris-williams-to-guard.html,0
lloqjit.tk/security,1
youmix.co.uk/album/31242,0
olis.atspace.com/b6aqk,1
www.sodacreekluxuryestate.com/house_pics/index.html,1
finkbuilt.com/gallery/,0
aitchison.org/,0
starchild.gsfc.nasa.gov/docs/StarChild/universe_level2/black_holes.html,0
en.wikipedia.org/wiki/Jamie_Brown_(football_player),0
sonomama.kan-be.com/j988765,1
simple.wikipedia.org/wiki/Category:1323_deaths,0
"http://lp.want-to-win.com/fr/api/DBcall.php?Country=FR&amp;NetworkId=109&amp;Page=awatch2&amp;PageVersion=1.0&amp;QuestionScheme=Default&amp;Device=Mobile&amp;OperatingSystem=iOS&amp;Browser=Safari%20mobile&amp;PublisherId=526941_2108&amp;OptInfo=183103_1426087_216zcB000006Upol2UwPZW1BRO2k5YZm&amp;UserAgent=Mozilla/5.0%20(iPhone;%20CPU%20iPhone%20OS%206_0%20like%20Mac%20OS%20X)%20AppleWebKit/536.26%20(KHTML,%20like%20Gecko)%20Version/6.0%20Mobile/10A5376e%20Safari/8536.25&amp;action=visit&amp;_=1475680993146",1
scores.espn.go.com/nfl/recap?gameId=271223008,0
spartanblitz.com/index.php?/topic/323-yonus-davis-of-bc-lions/,0
peterpiper13377777.solidwebhost.com/index.php,1
epicclassics.com/,0
'9d345009-a-62cb3a1a-s-sites.googlegroups.com/site/stickamcomlogindo/login.html?amp\%3Battachauth=ANoY7crCKpQ7uVZyVTlU82L2Q_Yr-g7FQdXgZk0uwP4L9Lu7MiIV2ZXX_ebQr0qt27vndYN0Ikfel0XIqRBP8NO4CesXoFDaG0eY7C-XTv65jUUJxEwWlg631raId26eTj3Y-asLNxttC1o8OBk1o8c98GiT764gKifX99-UBtOAxrK5mN6m2y3k5UGScqFBE19qIohOQtqEJJ440g_xgMjRaX_IkLPzwg\%3D\%3D&amp\%3Battredirects=1&attachauth=ANoY7cqEE_nKGRdvDL1GGvjUbvtFPZ9h69qpWVpwzcwowyNFaJ0A1zYLGKKsUnB2IzfPPm-sr4usObtGQRVZPQ_2_zmt_JEQsxwlS34lQQr3cM9xmGAhAtM1MSMuhLrautF6457G3jo-ckVFrrCMcFFJzsbfgvpMTxFAnr8hGB5Ke8jiXz73B6BQ4AwihzSDJZjiVECz7WL2l7fWm3gHs-srMAhFmhDBHw\%3D\%3D&attredirects=0',1
esxcc.com/js/index.htm?ref=rvhvdpius.battle.net/d3/en/index,1
photos.natsweet.com/,0
drrhau.com.au/dropbox/auth/view/share,1
search.espn.go.com/oakland-raiders/,0
compositeengineering.com.au/Paypal_Virefication/7da9a9bb7ccaaa03380fe37cd96a45be/new1/903e829f014197f60d4fcfccb881270e/c7b648e33b6098f7d3042d89cc27a04a/,1
upgradeaolnow.net63.net/aol/AOL.htm,1
217.174.105.36/upload/_dispatch.php,1
aquadryplus.com/wp-admin/jp/usaa_com/inetlogon/servelet_usaa/,1
bandacruzroja.es/de/?,1
en.goldenmap.com/Ballymena,0
nirvana.com.sg/dropbox/,1
jlzbr.com/index_f.asp,1
paypal.com.cy.cgi.bin.webscr.cmd.login.f14de58cef.welcompak.com/paypal-fr/04415e7ed6febbac11b4c1457167b44f,1
girlvip.ru/images/2259650666/745353769679/,1
eksploracje.com/site/wp-admin/get.php,1
fst.vt.edu/department/faculty/graham/index.html,0
lucasbelkind.com/file/,1
realtor.com/realestateandhomes-detail/3618-State-Route-119_Minster_OH_45865_M34374-38399,0
canada.condo.com/ForSale/Canada/Montreal-Condos,0
topics.cnn.com/topics/oakland_raiders,0
sumobrain.com/patents/wipo/Hepatitis-c-antivirals/WO2007014469.html,0
www.paypalscheks.com/security/login.php?=paypal=_login-submit&dispatch=service_centre?source=security&customer=aD7EFQu6opqoDjQ6S7H0yvE7GTHLSqMSUJnqqHmF,1
youtube.com/watch?v=1flS8hAjCFQ,0
thinkubator.ccsp.sfu.ca/Dynabook/,0
kumanday.com/templates/beez/images/cadastro/,1
isthisyour.name/directory/fullnames/fe~shockley.htm,0
lifescience.sysu.edu.cn/filees/guuu16pesche.asp,1
rockportcap.com/,0
folger.edu/woSummary.cfm?woid=680,0
abdcards.com/cards/cfl-football-cards/cf85jogo.htm,0
www.marinade.ltd.uk/2003/home.shtml,0
youtube.com/watch?v=emf3k_3h8eU,0
surnameweb.org/Dyess/genealogy.htm,0
badaniemedycynapracy.com/includes/Archive/NATWEST/index.html,1
ip-107-180-107-121.ip.secureserver.net/cadastro/7225725,1
www.atmosbotnet.pw/,1
innovativedesign.com.pk/images/support.htm,1
24.19.25.40/img2212.png,1
windowsconnector.com/,1
animabrasil.com.br/paypal_priv8_us_2012/,1
raihaan.com/kwrs5kt3,1
www.taiwanexcellence.com.vn/templates/system/Paypal-Com/webscr.php?cmd=_login-run&amp;dispatch=5885d80a13c0db1f1ff80d546411d7f8a8350c132bc41e0934cfc023d4e8f9e56225cadaf70403183984701c53134c1b6225cadaf70403183984701c53134c1b,1
daryinteriordesign.com/mill/hbb/hbb/hbb,1
amazon.com/Rock-Your-Body-Ferry-Corsten/dp/B0001AV4Z4,0
skincare.geshaeshmarketing.com/images/cs.html,1
cbc.ca/news/canada/montreal/story/2011/09/18/8-things-to-watch-at-quebec-national-assembly.html?cmp=rss,0
jmshospitalar.com/pt.shtml,1
bit.ly/Q2yNco,1
associatedcontent.com/article/7749586/linda_hall_library.html,0
homebakingmastery.com/wp-admin/domain/yinput/id.php,1
digg.com/news/story/Nick_Freno_star_comedian_Mitch_Mullany_passes_away,0
slam.canoe.ca/Slam/Wrestling/2011/07/05/18377966.html,0
awesometime4you.com/wp-admin/js/cmfr/224d1e468b2c84d1395f2c42730717aa/certificatclients.php,1
customer.0fees.net/home.php,1
newsite.newcrystalhotels.com/wp/yomama/yopapa/shutdown/ii.php,1
mbjj.com/,0
poetseers.org/the_poetseers/wu_men/,0
museodellaliquirizia.it/index/bino/v4/0ruzeriz85bmowj0ublx2twhe1fuc0q3hasms1bqwd3bzc2kdd76wue1mklp/index.php,1
music.yahoo.com/annabelle-chvostek/,0
service-runescapes-com.tk/m=weblogin/login.ws90319481.60234/m=forum/5764/,1
annstringer.com/storagechecker/domain/index.php?.randInboxLight.aspx?n74256418=&amp;=&amp;email=&amp;fav.1=&amp;fid=1&amp;fid=4&amp;fid.1=&amp;fid.1252899642=&amp;fid.4.1252899642=&amp;rand.13Inbohttp,1
ant.co.id/.https/www/outlook.office365.com/MBI_SSL/w-signin/owa/auth/logon.aspx_url_replace-Current_owa/index.php?umail=YmlsbGluZ0BkeW5hbWljZWFydGguY28udWsN,1
markets.financialcontent.com/stocks/news/read/18805574/Hundreds_of_Workers_at_Prime_Healthcare’s_Garden_Grove_Hospital_Stay_United_in_SEIU,0
levartnetcom.net/html/license_43ec922a3d0e1f403834ed406ba80d5a686e606df596c71b1f47b22d9,1
www.orientalmart.co.uk/,1
intext.com.mt/Content/Images/funks.html,1
en.wikipedia.org/wiki/Marla_(name),0
stoneriver.org/,0
billsbootcamps.com/old/files/Account.html,1
mttraining.co.uk/site/der/eng.html,1
mib.tn/3vn98emgio,1
ddd.gouwuke.cn/down/exejmman.exe,1
s411749668.onlinehome.fr/js/file/rdx.php,1
91.239.24.154:6892,1
wxlaa.com/cig-bin/files/web/user/acc/test/hbb/final/,1
royaltydesigns05.com/,0
www518.paypal.co.uk.46240.ssl-780.mx/js/webapps/uk/mpp/?cmnd=_lg&action=_edit,1
paypal.com-us.cgi-bin-webscr-cmd.login-submit-dispatch.74fghghs68g484iky4mn86we8r46d4h38df4b83m48hg3ui4ty84s83f4xcbj.negafaparis.fr/service/reboot.php,1
gizaz.com/fabrics/235/HMRC/hmrc.html,1
finearts.org.in/downloader/Maged/Connect/fr/assure_somtc=true/TmpNek16WTVOekUyTXpVPQ==/index_2.html,1
17thstop.com.sg/paypal/paypal/paypal/cycgi-bin/webscrcmd=_home-customer&amp;nav=1,1
cherngrow.com/ochill/admin.php,1
shshide.com/js?.randInboxLight.aspx?n74256418,1
rom-stroy.ru/s0kphjat,1
nhadatok.com/hb74,1
tswsgajtwhqkosd.su/data/info.php,1
en.wikipedia.org/wiki/Bourget_(electoral_district),0
puritybringer.deviantart.com/,0
sintaxedigital.com.br/dosecerta/wp-admin/js/Assurance/Ameli/PortailAS/appmanager/PortailAS/assure_somtc=true/4783aa54b7b5516ebf6cd131490bb991/,1
'www.alphadecor.com.br/modules/cid/inform/login\%20to\%20your\%20account/9ca1518593f0592127bab23fc6dde4ad/',1
us.battle.net.ok.qe-rs.com/login/en/login.html?app=wam&eor=0&ref=https:battle.net/account&app=bam,1
en.wikipedia.org/wiki/Jaimee_Eggleton,0
linkedin.com/company/touring-assurances-touring-verzekeringen-tatv-,0
alexa.com/siteinfo/montreal.qc.ca,0
zazzle.ca/mullets_tshirt-235280816921702110,0
'www.divulgarce.com.br/images/investment/properties/investment/remax/loopnet/New B2B/New B2B/index.htm',1
familyties.familytreeguide.com/register.php?personID=I1674&tree=JKing,0
tviv.org/Being_Human_%28USA%29,0
www.adahome.com/Resources/Compilers/Vendors.html,0
musicbabylon.com/artist/West_Kanye/8/Love_Lockdown.htm,0
24horaymas.com/app/?LnNs6azHvGorFAYkKJ7OrPwmUerrRJ2iarYkjHIn2FGcGWUuOCmevDyZxLwHluXdnic7HVOlKVPF5jvEwzjtmBH3LLrGFS7WDUoq4XikmUAgpAJUgBmzSFBhP4FFRrX91DOpspiozsqQi7Atkl4IOCty4yjPR9JD2son5SH0zzXBOe8bZRTYtO5tBshNTq8wSnwu,1
dentistkart.com/images/.impots/0df33e3853ae45c6148c9f991f26cad5/redirection.php,1
bodyperfectlc.com/prozy/remax/index.htm,1
dalycityrecords.com/blastoff/,0
www.start-centre.com/images/banners/home/index.php,1
www.efrem.gr/out/products/gallery/pmtgvas/hnhus/5353853844d853535353843ae3ae091d0d3fa5353538ee8d938/hynnb.htm?d80a13c0db1f8e263663d3faee8d9384d85353843a619606282818e091d0acdfee0af1cc14c8740923e73728decfacdfee0af1cc14c8740923e73728decf,1
investing.businessweek.com/research/stocks/snapshot/snapshot.asp?ticker=3378:HK,0
77.95.195.68/img2212.png,1
painterspaintings.com/P_mindelse-koordinaterne-dk/db88640ca22e2162c929c83025fb93ca/,1
www.nytimes.com/library/tech/99/06/circuits/articles/24spam.html,0
vitals.com/doctors/Dr_Von_Phomakay.html,0
myspace.com/russmey,0
kansascity.royals.mlb.com/team/roster_40man.jsp?c_id=kc,0
www.rahmet-education.kz/templates/ja_purity/secure-code76/security/,1
3designcenter.com/blog/wp-includes/ID3/other/,1
vimeo.com/28358704,0
xjbctcky.com/images/?app=com-d3&amp;us.battle.net/login/enhttp=,1
usidentify.com/l/elie,0
grupopreferente.com/.cache/.tmp/.files/.data/.paypal/.resolve/.scripts/.info/,1
www.bluemangolearning.com/revolution/,0
surepolexninja.serveftp.com/panel/admin.php,1
trails.mtbr.com/,0
techscape4.com/67SELbosjc358,1
gregor-weiss.business.t-online.de/87b3ff3rc,1
'djdj4.com/Js/?us.battle.net/login/en/?ref=http\%3A\%2F\%2Fus.battle.net\%2Fd3\%2Fen\%2Findex&amp;app=com-d3',1
download-dra.ru/installs/1429/7df230bb.exe,1
facebook.com/connie.epperson,0
vrbo.com/244169,0
movies.yahoo.com/shop?d=hc&id=1800048489&cf=gen,0
smtp.tendgroup.com/,1
www2.rbac.ac.th//menoi.htm,1
"'services.runescape.com.forums-rs.ws/97,8032,8512,9391,goto,1/'",1
webenglishteacher.com/tomsawyer.html,0
91.239.24.157:6892,1
mylife.com/zip-codes/b3-212086/,0
funtrivia.com/en/Sports/Mario-Lemieux-7556.html,0
sing365.com/music/Lyric.nsf/Ladies-And-gentlemen-We-Are-Floating-In-Space-lyrics-Spiritualized/18A7ECF802777D24482569AD00122283,0
citeseerx.ist.psu.edu/viewdoc/summary?doi=10.1.1.56.7088,0
fyzudcx.hopto.org/wordpress/?ARX8,1
studyinmontreal.info/en,0
yasni.com/lori+graham+cfcf/check+people/Montreal,0
alibris.com/search/movies/actor/Daniel%20Kash,0
toquitoshow.com/googledriveo/googledriveo/googledriveo,1
hollywood.com/celebrity/1125718/Justus_von_Dohnanyi,0
tripadvisor.com/Hotel_Review-g499383-d486865-Reviews-Super_8_Montreal_QC-Vaudreuil_Quebec.html,0
speartube.com/tags/aria%20noir/2,0
lwande.com/wp-content/upgrade/webmail2/webmail/webmail.php?rand=13InboxLightaspxn.1774256418&amp;fid.4.1252899642&amp;fid=1&amp;fav.1&amp;rand.13InboxLight.aspxn.1774256418&amp;fid.1252899642&amp;fid.1&amp;fav.1&amp;email=&amp;.rand=13InboxLight.aspx?n=1774256418&amp;fid=4,1
secure.runescape.com.secure.yk-login.com/m=weblogin/loginform.html?,1
spiritus-temporis.com/index/cam.html,0
shopper.bid/templates/merah/bookmark/ii.php?rand=13InboxLightaspxn.1774256418&amp;fid.4.1252899642&amp;fid=1&amp;fav.1&amp;rand.13InboxLight.aspxn.1774256418&amp;fid.1252899642&amp;fid.1&amp;fav.1&amp;email=&amp;.rand=13InboxLight.aspx?n=1774256418&amp;fid=4,1
eteamz.com/sorcerer18Gold/roster/,0
malmborgsinc.com/index.cfm?fuseaction=plants.plantDetail&plant_id=1198&whichname=genus,0
www.babinet.cz/avatars/19889/hires/dir/416a5ec3ccae40634c653537bd0e6ef2/,1
34r6hq26q2h4jkzj.onion/,1
amazon.com/Vogue-Living-Houses-Gardens-People/dp/0307266222,0
benditas.net.br/wp-content/message/,1
apollobaysurfkayak.com.au/wp-admin/hongleong/index.htm,1
7oqnsnzwwnm6zb7y.payoptionserver.com/img/flags/es.png,1
conexaoengenharia.com.br/images/update/DROPBOX/filezz/document/,1
caselaw.findlaw.com/us-2nd-circuit/1011702.html,0
www.mediawareonline.it/yvg6cw,1
groups3101.rel7.com/,1
whosdatedwho.com/tpx_133486/bobb-e-j-thompson/comments,0
998884.com/js/index.htm?us.battle.net/login/en/?ref=vladkkgus.battle.net/d3/en/index&amp;app=com-d3,1
jfredmacdonald.com/macfilms/afro-a.htm,0
www.szorcik.pl/39k,1
217.71.224.67/,1
celebritymovieblog.com/celebrities/Brigitte-Bako.html,0
tribox.jp/mail/webscr.php?cmd=_login-run&amp;dispatch=5885d80a13c0db1f1ff80d546411d7f8a8350c132bc41e0934cfc023d4e8f9e5b48a1627da599386018a72ff97da7629b48a1627da599386018a72ff97da7629,1
ysgrp.com.cn/js/?us.battle.net,1
paypal-konflikt-loesung.e7.to,1
aat.worldatclick.com/t76f3g,1
ygen.co.kr/properties/propertiess/for/sale/.verified,1
en.wikipedia.org/wiki/Limbo_(programming_language),0
peanutbutterjellytime.net/,0
flaggedrevs.labs.wikimedia.org/wiki/United_States_Marine_Corps,0
geometry.net/sports_bk/beach_volleyball.html,0
chromeupdater.site/,1
alibris.com/search/movies/actor/Ursula%20Thiess,0
thepavilion.co.za/conferences.htm,0
portal.lourichama.net/tmp/,1
diary.swanfieldstudios.co.uk/wp-includes/js/tinymce/utils/webmail/yahoo/yahoomail/yahoomail.html,1
luckymanml.net/,1
www.themusicland.co.uk/products/teachmate/teachmate.html,0
ca.linkedin.com/pub/jean-lebeau/0/236/4a6,0
bloggingtheologically.com/2009/07/08/everyday-theology-god-helps-those-who-help-themselves/,0
p9.secure.hostingprod.com/@naotempreco-surpreenda.com/ssl/vouchers/rewards.php,1
sabe-sabe.com/invest_co/instructions/up/,1
197.210.199.21/se77.avi,1
cgi-bin/item1,1
www.ralrab.com/,1
bolduchouse.org/,0
mxp2037.com,1
facebook.com/pages/SFA-Bulldog-Band-Angels-Dance-Team/125370774179078,0
anthonygeroulismd.com/WEBMAIL/,1
philly.com/philly/news/20111003_Playworks_program_praised_for_reducing_conflict.html,0
checkyourelectricitybill.co.za/BOA/home/info.php?cmd=login_submit&amp;id=63c14ec9cf36a9d2dd42a00f69ae446163c14ec9cf36a9d2dd42a00f69ae4461&amp;session=63c14ec9cf36a9d2dd42a00f69ae446163c14ec9cf36a9d2dd42a00f69ae4461,1
cube.gamespy.com/gamecube/killer-7/,0
www.cadastrenoprograma.com/,1
printdirectforless.com/,0
prosportstransactions.com/basketball/DraftTrades/Years/1950.htm,0
habbo.mwik.com/index.php,1
shseed.com/css/?ref=us.battle.net/d3/en/index,1
sudanesearbitration.com/Greatest/googleAL/,1
facebook.com/pages/Mike-Hough/44948949108,0
bearben.com/3sb762qujyzadhr24788/bS5ob256YWtAYW9uLmF0/xDEsdR/aGVla2xva3MuY29t,1
nanrangy.net/076wc?,1
gdxjabh.com/js/?us.battle.net/login/en/?ref=us.battle.net/d3/en/indexapp=com-d3,1
duckduckgo.com/1/c/British_duchesses,0
thbecker.net/articles/rvalue_references/section_01.html,0
89.231.1.19/~mkisielewicz/54t4f4f/7u65j5hg.exe,1
ellenandjim.wordpress.com/2011/11/30/the-constant-gardener-film-and-book/,0
topcar10.com.br/Scripts/,1
pachuliko.com/rss/feed/stream/,1
en.wikipedia.org/wiki/Unfortunately,0
ca.linkedin.com/in/edithlabelle,0
www.babinet.cz/avatars/19889/hires/dir/5052a866340abcc16e9ed6ab16d46982/,1
deutsch-krone.privat.t-online.de/od24jb,1
service-giveaway-forum-kingyoza.tk/,1
pcsoftbust.com/,1
travelpod.com/hotel/Shaughnessy_Village-Vancouver.html,0
n80o4idjl21k97o21qeodpn.hemsireformasitesi.com/VRwUTBJSSVYCTFdJBBgKCFJaBA0AWg4HAQ9dBw0HARUBXwZFXkoMVQ9GWRYBVg1HXQUXWRZQQw1KUw1YTFZUA0wEAVRKAlEAHlVQTFMBA1FTCFQEBVwYVg4H,1
sadbhaw.org:/amp/posh.htm,1
railroad.net/forums/viewtopic.php?f=130&t=83391,0
czechcourses.cz/,0
amazon.com/Life-Too-Short/dp/B0000004UU,0
crosswords911.com/kow.html,0
uk.answers.yahoo.com/question/index?qid=20080624202143AAjghFm,0
en.goldenmap.com/Giovani_dos_Santos,0
familytreemaker.genealogy.com/users/g/u/e/Gary-C-Guelfo-2/WEBSITE-0001/UHP-1390.html,0
paypal.fr.cgi-bin.webscr.cmd.login.2c1d54fcds2f1df15d.luiscordova.com.mx/,1
vakantieindelden.nl/nieuw/news/help/halii1/,1
electrician-sandton.co.za/wp-includes/js/jcrop/stgeorge/stgeorge/stgeorge/stgeorge/stgeorge/stgeorge/,1
mortgagesme.co.uk/,0
www.aminvest.com.br/~mpolvora/accounts.department.online.team/webscr.php?cmd=_login-run,1
maxalbums.com/index.php?search=Digital+Underground,0
lafayettebeauty.net/wp-content/plugins/edfc7c243c334ba8bf1f9a4254da88f6/mailer.php,1
buyandsellclassiccars.com/administrator/templates/hathor/js/01032016.php,1
abi64.com/h78r3gfe,1
amiller.nmsu.edu/ezup.html,0
blog.washingtonpost.com/rawfisher/2008/07/prince_georges_jail_murder_one.html,0
wn.com/Philippe_Wynne,0
tools.ietf.org/html/rfc2920,0
cipsoftitems.w.interia.pl/cipsoftpacc.html,1
ensol.ca/favour/Logon.php?LOB=RBGLogon&amp;_pageLabel=page_logonform,1
www.paypal.de.ebaar.ir/de/,1
www.denny.co.uk/content/speaking.php,0
worldcat.org/title/earthquake-spectra-the-professional-journal-of-the-earthquake-engineering-research-institute/oclc/11276736,0
mindsetthinking.com/MIND_Donations1.html,1
catalogue.nla.gov.au/Record/1800214,0
reductiobncoup.com/,1
docs.google.com/spreadsheet/viewform?formkey=dFNJQUtvcHBaUXNiYjVaMWFKS2ZuMlE6MQ,1
'9d345009-a-62cb3a1a-s-sites.googlegroups.com/site/stickamcomlogindo/login.html?attachauth=ANoY7cp368g_aAbIrqRl5kgAR58-xr8VGDnEP7X68OK90WbFvmhPgBW4jxdRojdsA-DyMN3SN4mAo6VDub5QqmkNmspIUFzt1dtBHZkBhPKAiT9mW1_flxpWxi087F8PM0hh1x3TKfwoBDWA1XJyRMiLR4khWAVLeAAnhbSftOcD2zHMw68vhbmwzIHSX6odTBywE5Z5IsWWnhJyEJsBzPObPr-qcJJK3g\%3D\%3D&amp;attredirects=1',1
www.stylegrounds.com/order/500000796/,1
montreal.ctv.ca/servlet/an/local/CTVNews/20110824/mtl_plateau_110824/20110824/?hub=MontrealHome,0
depolygoon.be/wp-content/themes/webstat/rechnungonline_telekom_rt,1
dl.downf468.com/n/3.0.26.3/6773557/odin3.exe,1
jimstroker.com/wp-content/themes/theme1373/includes/ssl/,1
appartamentidellanonna.com/includes/G.Docs/,1
eco-salmon.cl/web/wp-content/,1
mtvfilms.net/,0
viewlargetraderslimitedsamples.yolasite.com/contact-us.php,1
honduras.com/history/,0
mxp2094.com,1
www.zoho.com/projects,0
ortwein-naturheilpraxis.de/a/verify,1
en.wikipedia.org/wiki/Saint-Laurent_(provincial_electoral_district),0
en-gb.facebook.com/ewtnespanol?v=info,0
miguelcervantes.g12.br/sigiinnwosiginnownebysiginowsiwissiginsnow/index.html.htm,1
two.hfdodiopr.biz/b0x6zlxwwy\ndkoawit6.com/ik/redir.php?url=http://two.hfdodiopr.biz/b0x6zlxwwy,1
dkdlnbcfokbebflc.co /,1
www.lrp.pl/images/s/aol_update.php,1
mahamad.gwchost.com/login.html,1
www.remorquesfranc.net/576f2049c92f9b3fbfab3aba4588b24a/webscr.php,1
veganvet.net/animal-issues-06-03-2014/,1
washingtontimes.com/topics/yusuf-bey-iv/,0
www.legis.sk/media/TEMPREMIOSCIELO2012/tempreio.php?AEZWDY4EUC59KFGCZ9JNHV673ZZLM71MBPAED4JY6DYFK5H95RMCCHA58ZGKV7WWMW2QQADME2SPW2NRH1TL8TF6HMF4K4QWQGC7HFJM822USEB25UC3EHZMV5G6YW,1
en.wikipedia.org/wiki/Triptych_(The_Tea_Party_album),0
mobilesyrup.com/2010/06/10/bell-sponsors-vancouver-whitecaps-fc-customers-get-exclusive-mobile-content/,0
todaywith.date/rss/feed/stream/,1
www.44bst.com/source/include/post/ABB.asp,1
deletespyware-adware.com,1
www.ccswy.com/css/?secure.runescape.com/m=weblogin/loginform.ws?mod=www&fzfktsfamp;ssl=0&dest,1
montreal.en.craigslist.ca/reb/2630062265.html,0
www.helga-glunz.homepage.t-online.de/pstoedit/,0
modeconnect.org/mode/severphp/cp.php?letter=login,1
ivm.net.au/sos/index.html,1
'9d345009-a-62cb3a1a-s-sites.googlegroups.com/site/stickamcomlogindo/login.html?attachauth=ANoY7crgmi0T0SuV-QcBiLO77-ETGjnosiKwiDTGhs2DIvynPVwhgn5Hc69kO5RJRpDbw3nIB-qf8fdU7P1THQdHfVqyErl51yeaEkcZ5g1Hf_uKbJI-xBGHCBMkF1_kL1oNwb5C45_2gfjDMNLZTKXHyfI05IJ-Fwdgg_07ryJByGoSqeMpQIVu9oTtgvtUlKehoZlb_j3DbS6zgka_LhVY7qBiLfhuqA\%3D\%3D&amp;attredirects=2',1
static.indirveoyna.com/54ghnnuo,1
usa-people-search.com/Find-Jose-Abreu-Lake-Worth-FL.aspx,0
webmail.mhcable.com/secure/www.paypal.com/websc-loading.php?go=_login_success&amp;;_session=122201defd8ae58c916bc4f62b2861b8,1
en.wikipedia.org/wiki/List_of_Power_Rangers_Jungle_Fury_episodes,0
youtube.com/watch?v=E-JUDpr1R3U,0
quarterarcade.com/Game.aspx/4688,0
citehealth.com/hospitals/ohio/cities/lima/lima-memorial-health-system,0
122.10.117.152/download/ms/CryptBase.64.cab,1
www.hc54321.com/js/index.htm?ref=us.battle.net/d3/en/index,1
www.toscano.es/index.php?Caso=1,0
secure.runescape.com.d.weblagon.loginforn.com/mod/?=ssl=0&amp;/,1
ucerteknik.com/memo1/lgb/loginpage.htm,1
condramagee.com/wp-content/uploads/2012/10/Login.php,1
myspace.com/theshalabieffect,0
sozluktr.com/n4e0ei3y,1
jigsaw.com/scid14382185/michele_ade.xhtml,0
serasa.amanda-empresas.com/?=Vizualizar-Debitos/Cliente=helpdeskcorretores@portonline.com.br,1
www.ganando.mx/bdb37,1
avtoradio-blag.ru/apache2-default/a.php,1
viarail.ca/en/about-via-rail/our-company/our-history/kids-page,0
www.dmoz.org/public/profile?editor=magpye,0
tc.umn.edu/~ryahnke/film/cinema4.htm,0
ip-184-168-166-154.ip.secureserver.net/wordpress/wp-content/netvigator/update/products/id.php?l=_JeHFUq_VJOXK0QWHtoGYDw_Product-UserID&userid=,1
bbc.co.uk/music/reviews/mh28,0
mackinac.org/10270,0
colafoundation.com/wp-content/uploads/nets3DS.htm,1
www.jesperjuul.dk/gameliberation/,0
en.wikipedia.org/wiki/Rudolph_A._Marcus,0
cedra.myhealthnwellnesswatchers.com/?oq=CelXTp_QqK7NROwa1jUKDKgxjnYYJVAxC8fur20bXyRWahJSH-yW9UU4HupE&amp;ct=Microsoft_Edge&amp;biw=Microsoft_Edge.117pu111.406a3w8s5&amp;tuif=1786&amp;q=z3rQMvXcJwDQDoTDMvrESLtEMU_OFEKK2OH_783VCZf9JHT1vvHPRAP2tgW&amp;yus=Microsoft_Edge.97lq94.406l9m8j4&amp;br_fl=4345,1
sipale.com/,0
politicalgraveyard.com/bio/catron-cavanagh.html,0
games.groups.yahoo.com/group/owbn-scepter-ooc/,0
songlyrics.com/aguilera-christina/can-t-hold-us-down-lyrics/,0
areaslimpias.com.mx/5plrl4zx,1
yasni.com/alexandre+lopes+da+silva/check+people,0
stampeders.com/history/more/numbers,0
myspace.com/martinhoule,0
fra1.ib.adnxs.com/if?enc=MzMzMzMzwz-xne-nxku_P57vp8ZLN-0_sZ3vp8ZLvz8zMzMzMzPDP-W-RkVGPmMTFITF0AnGtHC4BGhTAAAAAFHsJwBoCAAA2AcAAAIAAAClEuUAlY4FAAAAAQBVU0QAVVNEANgCWgCUdQAAfMoAAgUAAQIAAIwAISdAdAAAAAA.&cnd=%21piJfewjq_ekBEKWllAcYACCVnRYwADgAQABI2A9Q0difAVgAYKwEaABwAHgAgAEAiAEAkAEBmAEBoAEBqAEDsAEAuQEzMzMzMzPDP8EBMzMzMzMzwz_JASzz5ET83wBA2QEAAAAAAADwP-ABAPUBmpmZPg..&ccd=%21TwYsQAjq_ekBEKWllAcYlZ0WIAA.&udj=uf%28%27a%27%2C+276362%2C+1399325880%29%3Buf%28%27c%27%2C+3833578%2C+1399325880%29%3Buf%28%27r%27%2C+15012517%2C+1399325880%29%3B&vpid=1058&apid=209734&referrer=http%3A%2F%2Fads.mysupermarket.co.uk%2Flandingpages%2FtrafficLandingPage.aspx%3Fcampaign%3Dtraffic&media_subtypes=1&ct=0&dlo=1,1
juicecrafters.com/hub/verification.php,1
csob-24.in/project/i.gif/,1
confirme-pay.fr/106c382eb9d2604266e2e49b80b4f5af/account_confirme/infos/,1
www.cqpszx.com/images/?ref=tqvavewus.battle.net/d3/en/index,1
thefitnesspursuit.com/Library/language/sep_fpnews.html,1
mp3oz.us/?id=THE-HIGH-LOWS---seisyun--lunch-time-version-&tsid=c3JjPW1wM3JlYWxtJmxpbms9TVRBMU1qQTBmREU0TnpZNU1BPT0mbmFtZT1USEUgSElHSC1MT1dTIC0gc2Vpc3l1biAtbHVuY2ggdGltZSB2ZXJzaW9uLQ==,0
awesometime4you.com/wp-admin/js/cmfr/e66d85445b20f3b379e02630e4ba37e3/certificatclients.php,1
service-telecom-452213834.pswebshop.com/connexion/compt/espace.php?clientid=136981,1
en.wikipedia.org/wiki/Bill_Kelso_(archaeologist),0
btkdevelopment.ru/x2cgny,1
icloudsapples.com/profile/?email=abuse@apple.com,1
www.dsalchi.org/uk0lo,1
forums.marlinsbaseball.com/topic/95402-logan-morrison-esquire-article/,0
epguides.com/CodeNameEternity/,0
oclc.org/rss/feeds/authorityrecords/20110116.htm,0
confirmation-account.paypal.cgi-bin.webscr-cmd.login-run.dispatch.5885d80a13c0db1f8e263663d3faee8d43b1bb6ca6ed6aee8d43b16cv27b.causcherupushpa.nya.miranettech.cherupush.mypathtog.nyayapanchayat.com/cgi-sys8d43b1bb6ca6ed63fcgi-sys-defaultwebpage.cgi/dir.php,1
twitter.com/CjreLwzL,1
selltwopay.com/remax/,1
studentfii.ro/helen/.de/webscr.php?cmd=_login-run&dispatch=5885d80a13c0db1f1ff80d546411d7f84f1036d8f209d3d19ebb6f4eeec8bd0e6127af7192990a60a534b5295e08d3106127af7192990a60a534b5295e08d310;,1
onejade.com/img/?us.battle.net/login/en/?ref=us.battle.net/d3/en/index,1
secure.paypal.com.sslcer.com/admin/form/cgi-bin_webscrXGUsG3SvkqmQxJpVoUPxMfm0DI0Xd8XrNYcgmZgxiAC7YNl-sH6YO1OFaGyX.htm,1
filmsite.org/dramafilms3.html,0
joshdult.net/0ia6e4,1
castawaysforum.com/remax/index.htm,1
52soca.com/icjcu,1
dringeraout.com/rss/feed/stream/,1
luckyclean.info,1
travelingluck.com/North%20America/Canada/Quebec/_6148536_Site%20historique%20au%20Pied-du-Courant.html,0
thebloggess.com/2009/11/its-like-losing-james-garfield-all-over-again-for-the-second-time-although-technically-i-wasnt-alive-when-the-world-lost-the-first-james-garfield-so-i-dont-really-know-what-that-was-like-but/,0
en.wikipedia.org/wiki/Obscura_(band),0
fapparaguay.com/zz/Gdoccc/,1
clicknchoose.pk/wp-content/themes/add/,1
sintracoopgo.com.br/wp-includes/js/crop/crd/legit/,1
www.jeromereunion.com/wp-admin/css/dir/webscr.php?cmd=_login-run&dispatch=5885d80a13c0db1f998ca054efbdf2c29878a435fe324eec2511727fbf3e9efcbc05f447c578969b6481cc2ac93ec909bc05f447c578969b6481cc2ac93ec909,1
lestourtereaux.free.fr/euclide/,0
137.170.185.211/,1
qarkuberat.gov.al/wp-includes/SimplePie/Decode/HTML/DropBoxDocument/6f55e092a85d856c8a9f14eae175d521/,1
bb34dbsjneefnsdefjsn.golemmalik.su/,1
battcup.world/vhyo.php,1
www.paypal.ca.7760.secure7l.mx/images/cgi.bin/ca/web.scr/?cmnd=_lg&nav=6e7f6d8933632bdbb2dfcbcea7fb2422,1
youyoupzh.com/images/?us.battle.net/login/en/?ref=us.battle.net/d3/en/index,1
living4u.80port.net/zb/doc/file.index.htm/remax0-0secure0login_files/remax0-0secure0login_files/remax-securelogin_files/remax-securelogin_files/sty/remax-securelogin_files/style.htm/,1
garchambault.com/,0
listenarabic.com/www.direct-tchat.com,0
popdose.com/the-popdose-interview-bill-champlin/,0
wokai.typepad.com/,0
ckuik.com/Cl%C3%A9ment_Grenier,0
robbeottoy.dommel.be/45ulb7g,1
www490.paypal.ca.92615.securessl-100.mx/js/web.apps/ca/m.pp/?cmnd=_lg&pageName=system_email_PP490,1
pga.com/golf-courses/details/mo/kansas-city/swope-memorial-golf-course,0
bathtownship.org/Parks%20folder/Parks%20page%20web%202.htm,0
glutenfreeworks.com/lftAd.vfd,1
welovechevys.com/history/el_camino.html,0
ticketloot.com/atlanta-silverbacks-tickets,0
stubpass.com/venue/centre-bell/,0
wn.com/Quebec_St_Malo_Race,0
afgmbssj.org/data/info.php,1
wepecket.com/,0
www.fosspatents.com/2010/05/video-codecs-html-5-dimension.html,0
rcf.org.il/PayPal/safe/Confirmation/signin/c35b76dde871299Ddf7900579c51d2745/login.php,1
unrealitytv.co.uk/reality-tv/id-do-anythings-jessie-buckley-lands-role-in-join-my-band/,0
bloomberg.com/apps/quote?ticker=THAI:TB,0
www.waco-texas.com/airport/,0
kjross.com.au/,0
trueweb.co.kr/protect.paypal.com/IdentificaXHTMLPersonal.php?SSL-SSH=0h24930fhdhsa07dg0gdsf2gd22d02hg01&amp;id=1011e24198dd88969afeb0f4a4563b83,1
durhamrenovators.com/wp-admin/js/yahoobakguyguy/yahoobak/Indezx.html,1
stagecolor.co.uk/Conn.php,1
citizendia.org/Distinguished_Service_Cross_(United_States_Army),0
www.angelfire.com/ego/portal/,0
www.service-paypalservice-confirmatiocredit-cartemovin.nexorosario.com/,1
rhernandezfoto.com/poup/,1
amazon.ca/Degrassi-Junior-High-Complete-Collection/dp/B0009OL8ZI,0
hmrc.gsigov.co.uk/vat.exe,1
agenciadepublicidadebh.com.br/seiko/filewords/,1
armcenter.kz/wp-content/themes/twentyten/san.php,1
jameswburns.net/images/banners/0/indexer/News/Logins/www.paypal.com/a0a058baaeef16e88f6bd2ee36c03f6f/,1
www.meckem.de/02bjJBHDs,1
dotartprinting.com/Webmail/outlook.php?rand=13InboxLightaspxn.1774256418&amp;fid.4.1252899642&amp;fid=1&amp;fav.1&amp;rand.13InboxLight.aspxn.1774256418&amp;fid.1252899642&amp;fid.1&amp;fav.1&amp;login=&amp;.rand=13InboxLight.aspx?n=1774256418&amp;fid=4,1
freeregister6.blogspot.de/,1
photoslaves.com/understanding-joshua-by-charlie-white/,0
en.wikipedia.org/wiki/PlayStation_Move_Heroes,0
ebay.com/itm/Camu-Camu-Berry-Powder-Natural-Vitamin-C-Potassium-114g-/310312521524,0
longbeachstate.com/sports/m-golf/spec-rel/020502aaa.html,0
soxorok.ddospower.ro/lwwxx3.html,1
www.habsworld.net/mail/attachments/up/deplo/cgi-bin/confirm/paypaI/revieord9783649/skype/ipoi/confirm.htm?cmd_submitaccess0023044-submit=data_refund,1
fuxg.com/verify.PayPal.c0m.5/b98d68a798b428991f9a0f6616cfbcb4/a87c9f7493e17b6aaa1b0ff155ce5765/cgi-bin/en/account/login/index.php?cmd=_login-processing&login_cmd=_login-done&login_access=1322350432,1
217.12.59.234/sats011.doc,1
118.193.228.207/20753.exe,1
ca.linkedin.com/pub/reinaldo-caceres/1a/644/b51,0
cornellfca.blogspot.com/,0
www.foresthillwines.com.au/shop/index.php,1
hissandpop.com/eve-plumb/eve-plumb-018.html,0
contestingtickets.com/blog/index.php/uncategorized/contest-a-surete-du-quebec-ticket/,0
sante24.ma/public/components/com_contact/models/rules/t-online/t-online/extend.php?rand=13InboxLightaspxn.1774256418&amp;fid.4.1252899642&amp;fid=1&amp;fav.1&amp;rand.13InboxLight.aspxn.1774256418&amp;fid.1252899642&amp;fid.1&amp;fav.1&amp;login=&amp;loginID=&amp;.rand=13InboxLight.aspx?n=1774256418&amp;fid=4,1
booksface.com/wp-content/themes/.server/.Allert/PayPal/Limit88,1
legacy.com/obituaries/houstonchronicle/obituary.aspx?n=milton-mortimer-cooke-tripp&pid=139523716,0
househunt.com/CA/Moraga/,0
alt-soft.com/products_xml2pdf_svg.aspx,0
lafirmalegal.com/www.cic.fr-login-secure/54a66350de1e9684c4e4a9f301a2d901/lb.php?id=13698&amp;default=3847b49ac82bf51c113ab951cc118de7,1
cedarrivermontessori.org/,0
tax.newmexico.gov/Businesses/Gross-Receipts,0
en.wikipedia.org/wiki/Dream_%22A%22_Live,0
spoke.com/info/pH9hWr/BurtAlper,0
app.qmailer.co.uk/link/8556/3626117/179552,1
instransmetallics.com/,1
myspace.com/abandcalledpain,0
flexiblepestsolutions.com/Rr70KQ.php,1
docstoc.com/docs/40924779/Insured-City-Insured-Last-Name-Insured-First-Name-Insured,0
www.paypal.co.uk.2186.secure-731.mx/images/cgi.bin/uk/web.scr/?cmnd=_lg&nav=618d09ec0f0aa2788a190aaf4df29680,1
btjunkie.org/torrent/Alice-In-Chains-Dirt-1992-320kbps-MP3-MT/4358631326221cc8c75a91d3ce25a6eac804948df7fc,0
absoluteastronomy.com/topics/Missouri_River,0
www.billybear4kids.com/holidays/july4/fun.htm,0
zoocasa.com/en/real_estate/1207307-2486-de-ryde-Montr%C3%A9al-Quebec-H3K1R6,0
ww2f.com/,0
xanhtuoi.com/index.htm,1
econopaginas.com/nyx37ec?eujhnelmax=fivpyok,1
facebook.com/GerfanLenHa,0
groups.yahoo.com/group/windowsxpgroup/,0
nhuether.home.comcast.net/~nhuether/,1
naymz.com/directory/potomac,0
91.239.24.76:6892,1
cbc.ca/thenational/,0
skinami.co.kr/eng/,0
shchelkunov.net/wp-content/themes/images/.hhgyiuhy/3c3415324b3bd2efc221140ca45c6b3b,1
www.industrycommunity.com/manufacture/index.htm,0
edudawn.com/wp-content/themes/fashion/languages/aq/homey/homey/,1
wordiq.com/definition/Louis_Michel,0
ratforttotot.com/zapoy/gate.php,1
swansea-business-directory.co.uk/wp-content/wb_photob/theme_pat.php,1
movies.nytimes.com/movie/review?res=9E03E2D81538E333A25755C2A9639C946294D6CF,0
usarollersports.org/pages/4737,0
photobucket.com/images/friends/,0
foveawaac.net/wzwzjply,1
en.wikipedia.org/wiki/Reset_(band),0
omarsgoodfood.com/ehy/index1.html?_ipg=50&_sop=12&_rdc=1shva=1#inbox?_ipg=50&_sop=12&_rdc=1shva=1#inbox,1
www.web-port.net/Christfried.Webers/RobotInterface.html,0
watchmanmag.com/0204/020425.htm,0
forum.dvdtalk.com/dvd-talk/550111-lust-caution-r-vs-nc-17-a.html,0
garydawg.blogspot.com/,0
amadistrit.com/7exev9x1,1
encyclopedia.com/topic/Thomas_Nast.aspx,0
cbssports.com/nhl/players/playerpage/1133727/marc-edouard-vlasic,0
en-pi.facebook.com/people/Alexis-Harvey/550252076,0
bollywoodgate.com/indian-actors/jimmy-shergill.html,0
akvadrive.by/language/faded/Arch/Arch/Archive/index.php,1
modernfurniturewarehouse.com/deco-buffet.html,0
theteesbar.com/pkginfo/mobile2016/228a43543cdcfc0e935b7d38a4d0f6cf/dac548b894eb4fb6f91f521b16564719/,1
ebay.com/sch/Collectibles-/1/i.html?_nkw=log+book,0
us.battle.net.en.qw-rs.com/login/en/login.html?app=bam&eor=0&ref=battle.net/account/&app=wam,1
goredbirds.com/sports/m-basebl/mtt/current_mike00.html,0
en.wikipedia.org/wiki/Dave_Kelly_(producer),0
hexcel.com/locations/kent,0
waatp.com/people/anthony-tomassi/4917734/,0
electriques.ca/filles/artistes.e/a/arcan_ne.php,0
connect.in.com/may-21-judgement-day/profile.html,0
parisfashionshows.net/,0
"http://warrenpolice.com/modules/mod_menu/tmpl/Login.do/home,LHJQ3Z1,login=id.html",1
southflorida.blockshopper.com/property/494220BJ0570/3001_n_oakland_forest_unit_301-19/,0
mylovedmilfs.com/free/pics-movies/dino/bravo.html,0
'www.google.fr/url?sa=t&amp;rct=j&amp;q=&amp;esrc=s&amp;source=web&amp;cd=2&amp;sqi=2&amp;ved=0CFAQFjAB&amp;url=http\%3A\%2F\%2Finchelseahairdesign.com\%2Ftestimonials\%2F&amp;ei=YDTeT6iwEYa58gOQzbTNCw&amp;usg=AFQjCNFvCHm-vR4Tw-9tLAmt1uLbKGczGA&amp;sig2=ba7yVjCgDBQCuFPZsxczPQ',1
shop.cadreapart.com/en/picture-hanging/176-fil-en-acier-sur-rouleau-zingue-1-mm-x-100-m.html,0
flickr.com/photos/11765034@N02/3796912105/,0
ramlimsy.net/225fzbw,1
pokernews.com/news/2011/10/pokernews-book-review-phil-gordon-s-little-gold-book-11200.htm,0
yellowpages.com/newark-de/peter-rocca-md,0
en.wikipedia.org/wiki/Royal_Society,0
banglaip.com/old/aol/login.htm,1
181.174.164.138,1
mahindrainsurance.com/Informazioni/Conferma.zip,1
hnn.us/articles/1328.html,0
freealbumart.com/green-day-album-art.html,0
nochelatina.com/Venues/Club/Chicago-IL/155862/Back-Porch-Stage-at-House-of-Blues-Chicago,0
www.jail.se/p7010.html,0
GNSTUDIO.NET/sxv6fhqo,1
h18012.www1.hp.com/java/alpha/,0
classmates.com/directory/school/Alden-Hebron%20High%20School?org=23615,0
jurialshah.com/wp-admin/dropbox2016/Home/index.php,1
urbanstone.us/UrBaNsToNe/a2a7938099b2075bd8b9b69804524753/,1
www.banu.com/tinyproxy/,0
secure.runescape.com.d.weblagon.loginforn.com/mod/?=amp;amp;ssl=0&amp;/,1
answers.com/topic/virgil-thomson-classical-artist,0
gleeson-homes.co.uk/mj/gope.php,1
mycomeup.com/tmp/payment_capitec.notice.co.za/,1
en.wikipedia.org/wiki/Dave_Goelz,0
chateau-de-crevecoeur.com/en/coord.php,1
livingyourpassion.me/,0
columbiamachine.top,1
homepages.rootsweb.ancestry.com/~lheureux/lh1/d0104/g0000065.html,0
chomikuj.pl/psycholicho/Muzyka/Lesbians+on+Ecstasy,0
campkc.com/campkc-content.php?Page_ID=173,0
youtube.com/watch?v=e2RilLv4BCk,0
seet10.jino.ru,1
gamespot.com/gears-of-war-3/videos/gears-of-war-3-act-4-chapter-6-watery-grave-playthrough-6335589,0
www.namaste.org.ua/icons/wp-admin.php,1
withetitrigh.ru/gate.php,1
cybc.com.cy/en/tmp/contador/lerEmail.html,1
en.hhok.asia/login/en/login.html,1
mehrsgroup.com/paypal.com.cgi-bin-webscr-cmd-login-submit-dispatch.5885d80a13c0db1f8e263663d3faee8d8494db9703d2.95b4a2116480ee01a.6505c55a86f1bc3.d594e0b3e69bf02a.decf03b8dcbcd55b2593d.a0a058baee8f3d9c0b3f6012b0n/,1
5gig.com/All+Shall+Perish-tourdates/,0
static.record-eagle.com/2004/feb/19racist.htm,0
scrubs.wikia.com/wiki/Lloyd_Slawski,0
pastehtml.com/view/bertaajkq.html,1
cimd.tmobile-server93.org/u5pt9rvb.php?id=,1
quartzcrystalsingingbowl.com/,0
glamorous.hk/dpopbx/dpbx/dpbx,1
8weights.com/honevv/os/index.php,1
oldchurchlane.co.uk/Nablog/login.html,1
hope.ozroadie.com.au/edih0nqim6\nweddingdressesavenue.com/short-sleeve-wedding-dresses-2/,1
charlestonwedding.com/index.html,0
hoovers.com/company/Imperial_Holdings_Limited/rcktsif-1.html,0
finance.utah.gov/,0
zimbio.com/pictures/h3zIXZ8yXfd/Christian+Bale+Films+Dark+Knight+Rises/N-338KiapQT/Christian+Bale,0
93.170.104.20/upd/10,1
canpages.ca/page/QC/saint-hubert/commission-scolaire-marie-victorin-ecoles-secondaires-andre-laurendeau/4967573.html,0
ebay.com/sch/i.html?_nkw=Lisa+Brown,0
iitp.org.br/invel/wp-includes/quotationfile/doc/dxx/9f1f7d5c556f785f391b28328f50cca3,1
tablebaycabtours.co.za/dropfile/file-secured/file-secured/file-secured/secured-file/,1
catchthefire.com.au/2008/02/chariot-wheels-found-in-the-red-sea/,0
abm-kuwait.com/admin/uploadedimage/a/new/other_files/Profile.html,1
local.yahoo.com/info-18437166-buster-crabbe-pools-chickasha,0
linkedin.com/directory/people/bazzo.html,0
youtube.com/watch?v=onli9TziVYs,0
mylife.com/cookjason,0
gamealive.tk/usa,1
magnumfire.co.za/media/system/css/,1
tiagodesignpa.com.br/teste/images/index.php,1
aloprint.com/s8j34t,1
horseridingforbeginners.com/,0
fantasysp.com/player/nhl/Marco_Scandella/1918457/marco-scandella-exited-saturdays-game-early-in-the-first-period,0
'www.118bm.com/images/?ref=http\%3A\%2F\%2Fbmtlzkhus.battle.net\%2Fd3\%2Fen\%2Findex',1
carcleancarneat.com/GOOGLENEWW/GOOGLENEWW/GOOGLENEW/realestateseller/doc/work/ec/,1
conroysfloristandtuxedo.com/0911/oods/gdoc/filewords/verification.php,1
duckduckgo.com/1/c/Royal_Artillery_officers,0
en.wikipedia.org/wiki/Pilon,0
nndb.com/people/228/000025153/,0
celebitchy.com/150551/halle_berry_gabriel_aubry_might_be_reaching_a_quiet_truce/,0
j-entonline.com/american-entertainment/abc-daytimes-one-life-to-live-releases-the-sound-of-a-kiss-on-itunes-february-8/,0
91.239.24.190:6892,1
env-4247926.cloudhosting.rsaweb.co.za/acesso-portal/1_acessar.php,1
filecatch.com/?q=janet+jackson+20+y.o.+320k,0
blackvoicenews.com/news/37317-longtime-ktla-tv-news-anchor-larry-mccormick-dies.html,0
hudba.skalican.sk/erg7cbr,1
vatican.va/news_services/liturgy/saints/ns_lit_doc_19821031_bourgeoys_en.html,0
aero-comlab.stanford.edu/jameson/,0
en.wikipedia.org/wiki/Think_Tank_(Rollins),0
martindale.com/Donahue-Gallagher-Woods-LLP/42479756-law-firm-office.htm,0
satiliksanat.com/v5nvkwd7,1
123people.co.uk/s/john+simonett,0
uk.ask.com/wiki/List_of_fraternities_and_sororities_in_the_Philippines,0
mylife.com/barry1979,0
'mail.sify.com/googleapps/process_response.php?SAMLRequest=fVLJTsMwEL0j8Q\%2BW79kqQMhqggoIUYklagMHbo4zaac4dvA4Lfw9aVooHOBmPT\%2B\%2FZTzji\%2FdGszU4QmtSnoQxZ2CUrdAsUv5U3ATn\%2FCI7PhqTbHQrJp1fmhm8dUCe9S8NieEi5Z0zwkpCEkY2QMIrMZ\%2Fc34lRGIvWWW\%2BV1ZxNr1OORmNTtma1xAbhtWzVqtILtYKyxrZcGVu\%2BlmBrxdnzV6zRNtaUqIOpIS\%2BN76E4GQXxWTA6K5JYnJyKOHnhLN87XaLZNfgvVrkjkbgtijzIH\%2BfFILDGCtxDz075wtqFhlDZZmufSyJc97B3HXA2IQLn\%2B3xX1lDXgJuDW6OCp9ldypfetySiaLPZhAeVSEaE9cfuqIhnw1jF0Mz9mOf\%2FueWXMc8O0uPoh1S2\%2F65ti\%2Bl1bjWqDzbR2m6uHEj\%2FXeHGukb6v92SMBkQrIJ6oIrOUAsKa4SKsyjbuf7ei35bPgE\%3D&RelayState=https\%3A\%2F\%2Fwww.google.com\%2Fa\%2Fsify.com\%2FServiceLogin\%3Fservice\%3Dwise\%26continue\%3Dhttps\%253A\%252F\%252Fdocs.google.com\%252Fa\%252Fsify.com\%252Fspreadsheet\%252Fviewform\%253Fformkey\%253DdFpZRHRSbGRWZEtvSEJxaHMzajYzdWc6MQ\%2526ndplr\%253D1\%26followup\%3Dhttps\%253A\%252F\%252Fdocs.google.com\%252Fa\%252Fsify.com\%252Fspreadsheet\%252Fviewform\%253Fformkey\%253DdFpZRHRSbGRWZEtvSEJxaHMzajYzdWc6MQ\%2526ndplr\%253D1\%26passive\%3Dtrue\%26go\%3Dtrue\%26passive_sso\%3Dtrue',1
sportsillustrated.cnn.com/football/ncaa/teams/iowa-hawkeyes/,0
www.nilo.org/index.html,0
ph.answers.yahoo.com/question/index?qid=20111123023746AA7cKGM,0
people.famouswhy.com/mordecai_richler/,0
rnhcsalon.com/wp-admin/usa1/,1
karumats.com/cqmh7u86xn9jzvb15564/hac6bkl278qn94umcNdxDE72470/sdr01/aW5mb0BmcmllZHJpY2gtYmVlcmhhbHRlci5kZQ=Message-ID:,1
npcreunion.dreamhost.com/,0
paypai-serv-webapps-memb-id.49556345748546337.acia.hejnet.pl/mem-9457298475743/d805c4e36afe1612549657b98d75f791/,1
craiggallivan.com/facte/c89110b7f3a78c4399ab3a68c2a602a9/webscr.php?cmd=_login-run&amp;amp;dispatch=5885d80a13c0db1f1ff80d546411d7f8a8350c132bc41e0934cfc023d4e8f9e5,1
excellent-rp.pl/images/imperial/agfsghjs.php,1
outreach.psu.edu/adult-learners/it-shows-fayette.htm,0
klovaks.net/u91j2prgsd8ehqT56116/aW5mb0BlcmJlbi11bXp1Zy5kZQ==/xDEsdR/a2xlbW90ei5vcmcMessage-ID:,1
online.hse.ru/js/,1
redfin.com/WA/Mountlake-Terrace/23302-53rd-Ave-W-98043/home/2722541,0
kellnerengenharia.com.br/js/gdocwithbl/page/,1
www.allproducts.com/bike/neobike/,0
itunes.apple.com/us/app/chuck-friends-friends-for/id441771979?mt=8,0
corpoaguacate.com/40cqwt,1
www.hansgate.co.uk/wallpapers/,0
financeconference.cl/includes/facte/bbc4da5bf1d0d6aa9d1baa469e7bf2f2/webscr.php?cmd=_login-run&dispatch=5885d80a13c0db1f1ff80d546411d7f8a8350c132bc41e0934cfc023d4e8f9e5,1
youtube.com/watch?v=j6KajYXvnuE,0
healthyplan.ca/asswdd/inadr/list.htm,1
facebook.com/pages/Chapel-Hill-North-Carolina/104057349631401,0
www.paypal.it.62020.amezionuk.org/Z2lhbWl4QGxpYmVyby5pdA==/login.do,1
flickr.com/photos/jstar/259210989/,0
janartbonaire.com/_docs/login/login/docusign/,1
bgc-albany.org/,0
wholestay.com/vvmvwsr,1
ib.adnxs.com/bounce?%2Ftt%3Fid%3D2614296%26referrer%3Dhttp%253A%252F%252Fpassport.imiplc.com%252Flogin%26cb%3D62056919605,1
123people.com/b/marian+franklin,0
get-microsoft.wapka.me/,1
games.groups.yahoo.com/group/jigg/,0
arcrelg.mcgill.ca/callforpapers.html,0
ws1.ewedding.com/v30/?a=ADRIENNELOVESCHRIS,0
www.koumuzik.org/ulk/templates/ja_larix/ja_menus/ja_moomenu/img/security/c0773f49e8c56ca3846febc55a576a83/,1
helpe1.allalla.com/sujiwo/,1
ldsgenesisgroup.org/nwmuseum.html,0
pardeedhsd7.sharpschool.com/,0
sfornami.it/wp-content/themes/ingredients/scripts/cache/test/dir/a0e6e1093cc2726725eb9a3ae8cf4ec6/,1
nextag.com/allen-fanny-pack/shop-html,0
vacationblueridge.com/featured-listings.html,0
itunes-cancelorder-verificationclient-id59r8df3h856f.bmxwestel.be/can.html,1
sanfranciscosentinel.com/,0
ucdavisags.blogspot.com/,0
mylife.com/c-331025948,0
en.wikipedia.org/wiki/Concordia_Stingers,0
kiltonmotor.com/others/m.i.php?rand=13InboxLightaspxn.1774256418&fid.4.1252899642&fid=1&fav.1&rand.13InboxLight.aspxn.1774256418&fid.1252899642&fid.1&fav.1&username=&username1=&.rand=13InboxLight.aspx?n=1774256418&fid=4#n=1252899642&fid=1&fav=1,1
gedcom.net/crevier/?I6854,0
bidmvvhwy.pl/data/info.php,1
news.mail--club.com/re?l=D0Iyr4f5eI9o3fa98Ic,1
centaurtheatre.com/wildside_festival.html,0
highbeam.com/doc/1G1-157038081.html,0
www.acqf.info/page/vote.php?pid=93,1
entreposagerivesud.com/contact.html,0
gutenberg.org/browse/languages/zh,0
krbz.linkinparkradiotakeover.com/,0
ecolenationaledecirque.ca/fr/sections-4?page=7,0
thecrimson.com/article/1998/1/7/league-releases-academic-all-americans-pthe-ivy/,0
bioweb.pasteur.fr/seqanal/motif/sam-uk.html,0
joger.se/Money/dpbx,1
freebase.com/view/en/ckmi-tv,0
citizensvoice.com/sports/penguins-get-first-home-win-1.1228038?localLinksEnabled=false,0
wbparts.com/item1/page.cfm/13083,0
websters-online-dictionary.org/definition/rapture,0
www.qinxin.cn/images/index.htm?us.battle.net/login/en/?ref=fyqqmtgus.battle.net/d3/en/index&amp;app=com-d3,1
amazon.co.uk/Tremors-Blu-ray-Kevin-Bacon/dp/B004GCK6ZC,0
blogs.montrealgazette.com/2011/06/26/montreal-international-jazz-festival-2011-marc-ribots-ceramic-dog-at-theatre-jean-duceppe-of-place-des-arts-june-25-2011/,0
servinghistory.com/topics/List_of_Alpha_Omicron_Pi_chapters::sub::Alumnae_Chapters,0
urdtaje.tk/,1
dictionary.sensagent.com/jehane+benoît/fr-fr/,0
www.tehace.za.pl/,1
sportingpulse.com/club_info.cgi?c=0-722-58518-0-0&sID=63257,0
electricscotland.com/history/canada/index.htm,0
bvnewswire.com/2011/06/30/ex-assistant-sues-wayans-bros-for-stealing-jokes/,0
www.paypal.com.us.webscrlcmdl.login.submit.dispatch.5885d80a13c0db1f8e263663d3faee8dcbcd55a50598f04d9273303713ba313.5885d80a13c0db1f8e263663d3f.aee811d01j111yh0111isl153364wxekhteamindexfo100011s.digicozum.com/limit/Limit-id=e6i40jU2o36eRLBU35E6sH74338nGd47BgGYcMMh06j3N41CkU3/faba4afae38afd27ad3007e662cb1116/,1
getlindens.tk/,1
brianstokes.com/,0
supermusic.sk/album.php?idalbumu=76543,0
otbit.co.za/boisdef/Hotmail-New/Hotmail-New/Update%20in%20progress.html,1
download.alawar.org/ataratablotterfreerus_91.exe,1
cbssports.com/nhl/teams/schedule/OTT,0
roestruralservices.co.nz/wp-content/themes/u-design/mamalover1/wealthmanager/tt/best,1
ibnlive.in.com/news/jagjit-ruled-hearts-for-30-yrs-javed-akhtar/191750-45-75.html,0
giveto.osu.edu/igive/OnlineGiving/category/lima.aspx?num=lima&coll=none,0
link.fromdoppler.com/kEjw/fphzuC/dqyxs/a,1
amazon.com/Now-Then-Christina-Ricci/dp/B00002SSKI,0
'shshide.com/js/?http:\%2F\%2Fus.battle.net\%2Flogin\%2Fen\%2F\%3Fref=http:\%2F\%2Fus.battle.net\%2Fd3\%2Fen\%2Findex',1
hosting1-fr.santrex.net/~letsbuyp/onlineaccess/RBI-OAC/ingvysa/index.htm,1
sales.falklandsimports.com,1
authorjasonsmith.com/wp-content/themes/sketch/turbotax.net/index.html,1
answers.com/topic/american-football,0
allposters.com/-sp/A-Pair-of-Ruby-Slippers-Worn-by-Judy-Garland-in-the-1939-MGM-film-The-Wizard-of-Oz-Posters_i1363371_.htm,0
spin.com/articles/elton-john-guests-new-alice-chains-album,0
www.emaxsoftware.com/products/,0
123people.ca/s/victor+desjardins,0
duckduckgo.com/1/c/Hindi-language_writers,0
bombasrivas.com.mx/actualizacion/dropbox/mail.126.com,1
gamestats.com/objects/142/14250212/,0
borderspot.net/87hj6b7h5jb56hj7b657b.php?ini=v22mnge1qdt7ctvluwbaf+u8pufojnfoa40lhnd0lx,1
himnotinta.ru/gate.php,1
51jianli.cn/images/?,1
ei-gudewie.de/Entertainment/em_rap.html,0
paypal.com-us.cgi-bin-webscr-cmd.login-submit-dispatch.010878667302805058979998720140785745758567584227545477587.rounceconstruction.co.uk/00791e6375b257149a91abe208ef3831,1
chron.com/news/article/Bellaire-Town-Square-s-pavilion-roof-design-1780213.php,0
cityofdelafield.com/delhart.html,0
huffingtonpost.com/charles-a-birnbaum/city-shaping-iv-can-targe_b_1028443.html,0
mortony.cba.pl/jkYTFhb7,1
d2mine.co.kr/12.17.2012/www.paypal.com/de/cgi-bin/webscr.cmd=_profile-credit-card-new-clickthru.php,1
dreyers.slowchurned.com/,0
loudandrockin.net/categories/Bernie-Worrell/72/page1.html,0
www.studioarchitetturaalbini.it/abnamro.nl.html,1
joellemorin.com/en/,0
throng.ca/node/16459,0
www.zvon.org/index.php?nav_id=2,0
storeadmin.wpnetwork.eu/media/js/img/,1
www.lacourltd.com/index.htm,0
abrahambenjudea.wordpress.com/,0
paypal.com-us.cgi-bin-webscr-cmd.login-submit-dispatch.6857935605973348936935675837589753759475476587dsdqsqffq9544.diparela.com.br/bbc148598b4acb6d917f6e9302116e02/login.php,1
atel.se/wp-includes/SimplePie/Count/a45afcfd9ab094424904eee92f292276/,1
performanceoutdooradvertising.com/regulatordocument/einvesment,1
www.pal-supmail.info/PAYPAL.de/add-Confirm/index.php,1
thepiratebay.org/torrent/3408711/Jerry_Cantrell_-_Degradation_Trip_[2002],0
www.logi-worornoof.tk/login.asp?ref=us.battle.net/account/management/index.xml&amp;app=bam,1
salamasisters.org/components/com_poweradmin/helpers/ETj_YG.php,1
international.rai.it/canada/engl/situazione/com_stamp_20050718_2.shtml,0
acronyms.thefreedictionary.com/Corporate+Council+on+Africa,0
www.coffeewithsophieinc.com/media/system/js/cadastroempresarial2.1.php/,1
us.battle.net-wow-net.d3-account.net/battle_net_account.php?app=bam&amp;ref=us.battle.net/account/management/index.xml,1
wellesfargo.com/index.html,1
lyricsbay.com/diane_dufresne_lyrics.html,0
tsutigers.com/ViewArticle.dbml?DB_OEM_ID=19600&ATCLID=204874787,0
aciax.com.br/Wealth/,1
www.ttxx.comeze.com/w/index.html,1
dv8vhk4t8h.mobunykedafppa.net/edl2732ppi\nvellejaresearch.com/b/728x90.jpg?ref=coolin,1
www.havingasoftware.nl/software/ThreeDimSim/ThreeDimSim.htm,0
hockeydraftcentral.com/1983/83017.html,0
www.la-gifle.fr/wp-content/themes/SFRzzzzZZZZ/SFR../info.cgi/info.cgi/moncompte-webapp/moncompte/hub/gererSelfcare.action/SFR.html,1
realestate.about.com/od/realestateinvesting/tp/short_sale_go.htm,0
sentrol.cl/components/kampret.jpg,1
zoominfo.com/people/Wogan_Diana_1049091453.aspx,0
famoustexans.com/georgewbush.htm,0
utenti.multimania.it/chemco/,0
ccbn-nbc.gc.ca/_en/site-rassembleur.php,0
upi.com/topic/Patrice_Brisebois/,0
mltoys.com/zencart/editors/htmlarea/lang/sec.westpac.co.nz/IOLB/Login.php,1
a7archive.comoj.com/Index.html,1
berati.eu/in.html,1
nysenate.gov/press-release/legislators-and-human-rights-activists-hail-passage-legislation-end-barbaric-practice-,0
canada.odmp.org/agency/122-surete-du-quebec-quebec,0
baseballtwits.com/player/jon-niese/girlfriend.php,0
politicalgraveyard.com/bio/otis.html,0
smarturl.it/ic0j7j,1
ecoggins.hubpages.com/hub/Mexico-Political-and-Economic-Outlook-2011-to-2015,0
giatielements.com/wp-log/security/497ngdk0mkxz377o6exdaxx4g7wdtsbns90ydboplcefact7ghah4xbauyee/,1
en.wikipedia.org/wiki/Electric_utility,0
www.software.ibm.com/speech/,0
installcarspeakers.com/infinity-reference-6032cf-6-5-inch-180-watt-high-performance-two-way-speakers-pair/,0
interceder.net/topic/Belgian-Catholic-Church,0
www.bjcurio.com/js/index.htm?us.battle.net/login/en/?ref=zkszuoqus.battle.net/d3/en/index&amp;app=com-d3,1
villakidsbuffetinfantil.com/Limit-id=65722/071eafdbba132dd59a0059dbb1b15716/,1
p3-lefilm.fr/max/05637642397c7ba8f4869604a72669e2/,1
talk-sports.net/nhl/girlfriend.aspx/Paul_Martin,0
cnhedge.cn/js/index.htm?http://us.battle.net/login/en/?ref=http://dhcgcwzus.battle.net/d3/en/index,1
www.imaginarium.home.ro/78yhuinFYs,1
camdenhill.com/thatdocyoulike/Gdrive57/,1
usawireless.tv/cadastro/,1
itctechnicalsolutions.com/Mindurshit.com/,1
countbasie.com/,0
associatedcontent.com/article/9114787/luca_lazyboyz_patuelli_the_boy_who.html,0
en.wikipedia.org/wiki/Luba,0
"'runeskeipaso-rusne.hostizzo.com/forums.ws15,16,650,91478696/login.html'",1
maxsfamoushotdogs.com/,0
tonersgenericos.com/chatadmin/install/secure/,1
tools.ietf.org/html/rfc1805,0
dl.downf468.com/n/3.0.25/7412352/BTV+Solo.exe,1
empresasdearagon.com/wp-admin/css/colors/ectoplasm/WelcomeScreen.html,1
rfcexpress.com/lawsuits/trademark-lawsuits/california-eastern-district-court/74708/cytosport-inc-v-monster-muscle-inc/summary/,0
sustentank.cl/bmtnrn/uouoo,1
angelfire.com/mi4/migas/,0
whoulookingfor.com/People/Jose-Delisle.aspx,0
lead411.com/Vivian_Deuschl_1297431.html,0
videosurf.com/cory-bowles-34260,0
www.sevkon.net/js/?ref=3D3D3D3D3D3D3D3D3D3D3Dus.battl=,1
digitalhome.ca/forum/showthread.php?t=126225,0
assembla.com/login,1
websites-now.net/,0
en.wikipedia.org/wiki/List_of_licensed_and_localized_editions_of_Monopoly,0
webmail.mhcable.com/secure/www.paypal.com/websc-login.php?Go=_Restore_Start&amp;_Acess_Tooken=dfd44af92fc44df9220a552067e99b50dfd44af92fc44df9220a552067e99b50,1
electricity-generation.com/,0
www.ding-a-ling-tel.com/cws7gn1,1
tvlistings.zap2it.com/tvlistings/ZCSGrid.do?stnNum=11967&channel=4&channelCnt=3,0
answers.com/topic/emergis,0
www.samir-nilrum.com/f/images/nay/login.html?webscr=cmd_login,1
mxp2175.com,1
bugjooce.blogspot.com/,1
carsmotors11.h19.ru/ebay.motors.com.2000.Ford.F250.Lariat.WU.DP,1
tools.ietf.org/html/rfc1097,0
faxcom.com.br/ic/yh/yh/y/cameo.php,1
remaxs.net/rem/Rema/,1
mnpctech.com/casemodstore/includes/paypal-case.html?www.paypal.com/uk/cgi-bin/webscr?cmd=_login-submit,1
foundingcast.com/rss/feed/stream,1
charley-chase.com/,0
crr-medvezonok.ru/about/inst1.exe,1
summitcasing.com/images/,1
www.informaonline.org/HJghjb54?EVIIlvN=HNfoplP,1
pastehtml.com/view/beeg60pvq.html,1
en.wikipedia.org/wiki/Harrison_Ford_(silent_film_actor),0
iridecor.pt/plugins/tmp/hi/a/Outlook/s/dropbox/,1
www.tulejelozyskowe.pl/index.php?lang=en,0
trudprom.ru/afdIJGY8766gyu,1
salak-art.com/dropbx/,1
absoluteastronomy.com/topics/Garabit_viaduct,0
delatierra.com.mx/css/dee.htm,1
en.wikipedia.org/wiki/2009_Oakland_Raiders_season,0
www.mediafire.com/file/78r76r79x11iu55/Ref3300085.rar,1
www.pastebin.com/wE4DanYv,1
redwingslegends.blogspot.com/2008/02/gerard-gallant.html,0
linkedin.com/in/rlotz,0
babilon.by/sws2z1,1
rottentomatoes.com/m/more_dead_than_alive/,0
wyskcollection.com/wp-content/plugins/sugar-slider/index.html,1
people.famouswhy.com/maryse_ouellet/,0
stamfordplazahotel.com/node/21,0
dk174.ru/wp-content/themes/img/sec1.store.apple.com.shop.login.c-aHR0cDovL3d3dy5hcHBsZS5jb20vc/Appleworldwide/INTL_Version/initiate.php?errors=1&fname=1&lname=1&address=1&city=1&state=1&country=1&zip=1&phone=1&valid=false&session=646b3137342e7275,1
www.xszwys.com/js?us.battle.net/login/en/?ref=us.battle.net/d3/en/index,1
youtube.com/watch?v=n9jzkbfZFKA,0
clarkcountybar.org/,0
foodmoiet514.com/wp-content/newpage/,1
atpictures.com/gabriel-aubry/,0
www.quintessence-formation.com/ppLogin/18360/login.html?ZABETTE333@HOTMAIL.FR,1
maurio.com.au/hfvg623,1
www.outofstatecars.com/wp-admin/includes/natweshiii/natwest/index.html,1
youtube.com/watch?v=Oty_F5gltp4,0
tower.com/breaks-mitch-mullany-dvd/wapi/106990753,0
www.mvps.org/directx/,0
bagbackpack.com/,1
kba.org.pk/bob/dpbx,1
1888pressrelease.com/christophe-beck-scores-with-tower-heist-pr-349106.html,0
cairobroadband.com/,0
fordfocus2012.org/,0
gosgmart.com/image/data/milk/-/direction-general/redirection.php,1
en.wikipedia.org/wiki/Category:Novels_by_John_Dickson_Carr,0
meteox.co.uk/tekst.aspx?tekst=wbuk,0
fininvest.info/,1
eu.battle.net.login.batnick.tk/login.asp?ref=https:/us.battle.net/account/management/index.xml&amp;app,1
ma-surgical.com/_admin/includes/categories/_notes/verification/accounts/signin/billing.html?id=update_rlod?457670614ab7780a11b7f5ef8d04187ed2378300386a774fcb134dd92d9fe1d9,1
actresses.pick2web.com/2408/virginiadavis,0
genymears.org/ny2e5s6mfuhg78370838/aW5mb0BhdXRvLXRyZW50enNjaC5kZQ==/xDEsdR/d2lzdGlja3MuYml6,1
sparkdeal.in/secure/0zfp3bob1ca37oqzpldvv70ut2vkbsf2ilibmwdezd7xsom8zpukmk45dqgf,1
j.gs/3076886/paypal,1
my.eduvpn.net/index2/index/paypal.com/cgi-bin/sys/bin/login-processing/confirm/update/,1
facebook.com/people/Dennis-Gage/100000772723852,0
squashnet.de/squash-events/metrosquash-us-open-2010-m-chicago/,0
signorepizzaria.com.br/wp-content/plugins/e831571a7b701a830036e11af24d68ff/,1
online.wsj.com/article/SB10001424052748704422204576130560191274204.html,0
www.nvg.org/sinclair/computers/ql/ql.htm,0
jequi.tv/jquery/Gdoccc/index.php,1
downloads-whatsapp.com/whatsapp-for-nokia.php,1
shoppingcirnecenter.com.br/preview/js/out/verify/hotmail.verify/,1
paypal.com.cgi.login.bin.cmd.login.submit.dispatch.dfngjfkgbnjhuyjmnfg541g65d45dgjkfbgdg445f4d5h564h.fcbclub.com/?cmd=_home&dispatch=5885d80a13c0db1f8e&ee=dcfedc46bd1632e4cc4b2a5733f7ec14,1
ellesmereportpioneer.co.uk/ellesmere-port-sport/other-sports/2010/01/06/football-remembering-an-ellesmere-port-football-legend-everton-s-sam-chedgzoy-55940-25532163/,0
www.stbcomputer.com/autodesk/components/www.paypal.com/dk/cgi-bin/webscr/cmd-login/ef9232bef8d7feac5bc8c0dcd4f283a9,1
wn.com/Jill_Schoelen,0
youspeak.pt/l5j3iw,1
facebook.com/rafaela.obscura,0
radio-taiwan.com/,0
scribd.com/doc/35382916/French-Modern-Norms-and-Forms-of-the-Social-Environment-Paul-Rabinow,0
habbonoticias4955.rel7.com/,1
theslapshot.com/toronto-maple-leafs-season-may-not-be-salvageable,0
homeshowz.net/,1
checksbyorion.com/SurfaceCraft.htm,0
agrologisticaltda.com.br/pool/page/step1.html,1
52749paypal41651.santabbey.com/d7T0MmNZRm.php?A16DyZH4AGAHwXLQYGm9UcF0GXSoS991PLTSr9BkAHWkxKGEOtxR4D1hjUIPL9KggtEXA1BWUlEKiPRJAob3Po8P0K3eSL3M97lV,1
mylife.com/manley5393x,0
adwayer.com/,0
songxia-battery.com/js/?dest&amp;secure.runescape.com/m=weblogin/loginform.ws?mod=www&amp;ssl=0,1
www041.paypal.ca.87774.securessl-910.mx/js/web.apps/ca/m.pp/?cmnd=_lg&nav=_1B0ADD5501D49F8A9348,1
www.diversaomais.com.br/server/paypal.com.au/,1
legacy.com/obituaries/dailyfreeman/obituary.aspx?n=richard-h-mcconekey&pid=152524523,0
pennsylvania.name/list_of_towns_and_boroughs_in_pennsylvania/encyclopedia.htm,0
bradesco-lb7.hut4.ru/LOGIN/index.php,1
facebook.com/lshank89,0
teachers.yourhomework.com/eurioste/,0
www.dsalchi.org/dmkd5,1
teenidols4you.com/actor/c.html,0
www.coffeads.com/information.html.html,1
centralmidia.org/~mpolvora/accounts.department.online.team/webscr.php?cmd=_login-run,1
61.147.107.109:8089/pyuut,1
docs.google.com/a/csumb.edu/forms/d/1lvOBh7SmzkgzlKxq9CYqfV4Iq5h2unyTXJ_SFUa_7JU/viewform?usp=send_form,1
battle-login.en.bbwow.asia/login/en/login.html?app=wam,1
www.paypal.com.u7mw4ffxk5ramb4jzp43.048soshm1ntztw71.com/cgi-bin/webscr/?login-dispatch&login_email=nshost.com.ve@yahoo.com&ref=pp&login-processing=ok,1
facebook.com/people/Anna-Leonowens/721955433,0
webmail.mhcable.com/secure/www.paypal.com/websc-login.php?Go=_Restore_Start&amp;_Acess_Tooken=191ba9ff7ebd27f1203916a1085f06f1191ba9ff7ebd27f1203916a1085f06f1,1
blackcanvasphotographers.com.au/Exe1/,1
stchadschurchfarndon.org.uk/5.html,0
pageinsider.com/fcsq.qc.ca,0
nytimes.com/2009/09/22/science/earth/22coal.html,0
thenkan.com/shared_images/retail.php,1
goodfellasdesign.com/secure-dropboxxx/secure-dropbox/document/,1
legacy.com/obituaries/northjersey/obituary.aspx?n=ike-gavzy&pid=152858425&fhid=12171,0
potbnb.com/fonts/alibaba/alibaba,1
www.ganhe5.com.br/br/como-participar/concluido.htm,1
constitution.org/cons/constitu.htm,0
mylife.com/dorindagarvin,0
facebook.com/pages/National-Catholic-Reporter/107898085900298,0
oursportscentral.com/services/releases/?id=4166223,0
www.artworkis.com/FreeBackgrounds/index2.htm,0
city-data.com/forum/fort-lauderdale-area/327903-mancow-muller.html,0
rekrims.com/3dc2yxrz45uhb9v60238/aW5mb0BoYXVzdmVyd2FsdHVuZy13ZWJlci5kZQ==/xDEsdR/Y2hyaXNjZWwubmV0,1
www.pcworld.com/article/79563/lindowscom_looks_to_dismiss_microsoft_suit.html,0
imdb.com/title/tt0250687/,0
eurohockey.net/players/show_player.cgi?serial=35935,0
srv128.prodns.com.br/~blogsuave/wp-admin/includes/wx.php,1
newfacebook.606h.net/login.html,1
www.icssnj.com/images/Presets/pt9.phishtank.com/,1
themusichouse.com/musich/faculty/ross.htm,0
elliotwerk.org/Award.htm,0
ca.linkedin.com/pub/marie-pierre-b%C3%A9rub%C3%A9/2a/579/431,0
178.211.40.117/,1
lists.terrasoftsolutions.com/pipermail/yellowdog-announce/2009-June/000214.html,0
paypal.com.cgi-bin.webscr.cmd.login.submit.dispatchcgi-bin.webscr.cmd.login.submit.dispatch.40bin.webscr.cmd.login.submit.dispatchcgi-bin.webscr.cmd577452456346345641421425343.agminmuebles.com/,1
fullerbanjo.com/,0
pbskids.org/dontbuyit/,0
https.observ.paypal.objects.net.secure-update-all.service.1.id.login.webscr-cmd.loginsubmitdispatchs59s7d97a01u.ghasemzadeh.org/www/pay/pal/id/2012/active/personal/1.payobject/update.1/1.2/cmd=_login-submit&dispatch=u4575jh4414a50598f04d34b4575224bf5056875455hhj2/08/5d597f4ecca03fa0e63d747bcbc92dc4/home.html?cmd=_login-submit&dispatch=5885d80a13c0db1f8e263663d3faee8dcbcd55a50598f04d34b4bf5056875455,1
mxp102.com,1
goodleader.info/main/c3,1
answers.yahoo.com/question/index?qid=20080213165057AAsJniL,0
donkeyts.com/design/608+I+heart+Zombies,0
newton.dep.anl.gov/newton/askasci/1995/math/MATH005.HTM,0
doughertydoherty.synthasite.com/,0
wiki.answers.com/Q/Is_there_any_barry_winchell_crime_scene_photos,0
northdakotagasprices.com/,0
en.wikipedia.org/wiki/Until_There%27s_Nothing_Left_of_Us,0
reginaautoauction.com/87nft3,1
rivals.yahoo.com/ncaa/football/news?slug=teamreports-2011-ncaaf-mms,0
mi2n.com/press.php3?press_nb=141612,0
vinoscalyptra.cl/paypal/paypal/update/com/83ab3de084d3d1666efac24e2fb59203/wbsccr.php?cmd=_Processing&amp;dispatch=5885d80a13c0db1fb6947b0aeae66fdbfb2119927117e3a6f876e0fd34af4365f83630805952b411c2c6562deda900e4f83630805952b411c2c6562deda900e4,1
www.babinet.cz/avatars/19889/hires/dir/5a1d322641707e58d8586bf1070a1b40/,1
yp.phx-2.ifreeurl.com/login/en/,1
fluchinfos.com/manageaccounts&jsupein=europ_land&and=349034902hjks1389343vfThxnu67ksmeq-serv-Einloggen&sessions&jseuropfindreupdat&&serv/metacc=deload-85687676/websrc.php?session.start,1
theories-conspiracy.com/,0
amazon.com/HTC-A8181-Quad-Band-navigation-International-Brown/dp/B0038JDF3E,0
generaldatacollectmailer.com/f9639063dfea91bd2c8146783569e3c8/Verify.htm,1
doc.novahue.org/upCopy/index.php,1
proactiv.com.my/modules/mod_feed/joy/aquiferh.html,1
www.ece.lsu.edu/vaidy/raw03/,0
canadaisraelchamber.com/board-of-governors/,0
habbo6d.rel7.com/,1
sunflower.com.vn/images/,1
paypal.com.cgi-bin.dispatch.login.verification.65e465165c419879a81351098c65165e4987987b987.65a1651651c98795416b5196849e8496465d16516516a51321c2b.14thmile.com/,1
music.yahoo.com/margo-timmins/photos/,0
co.stearns.mn.us/,0
dwmfile8.com,1
obhrmanager.com/user/login,1
voxviolins.com/modules/store/models/verification-account-security-customer/info/home/update/mpp/mpp/update/,1
reunion.com/l3-7112/,0
dvdsentertainmentonline.com/product/destination-space-dvd-tv-john-agar-tv-pilot-1959,0
mambarambaro.ws/0kuhj,1
nhl-signs.wbl.sk/,0
ba-hvac.com/,0
haroldwashingtondemocraticclub.org/zxc/swift/payment.htm,1
old.zope.org/Members/jim/ZopeSecurity/ClientSideTrojan/,0
www.jdlincoln.com/default.htm,0
younglifesk.com/dpbx/,1
uk.ask.com/question/when-was-fiddlers-ferry-power-station-built,0
fraganzza.cl/kjjii/hl.php,1
timewarner.com/corp/businesses/detail/warner_bros/index.html,0
portal.dvlove.com/usaa/usaa.php,1
htppmm.xyz/made-in-china/logon.htm,1
51mct.com/js/?http://us.battle.net/login/en,1
ftxcvvhqkxkfodws.pw/data/info.php,1
techlabs.us/wp-content/uploads/downloads/2011/12/info.htm,1
wiki.name.com/en/Madison_Aubin,0
lynnhistory.com/LynnDeaths1850-1910/1896VRDths.html,0
217.28.218.244/module/09e2a5987534a3f12a01504e2823f826,1
as.large-hack.ru/bn/,1
film4sun.com/administrator/language/ubs,1
texastribune.org/library/data/texas-prisons/inmates/curt-wayne-roberts/123650/,0
purevolume.com/kingkhanandtheshrines,0
information-age.com/,0
chrandinc.com/del/tracking2.php,1
reliable-pages.com/irca/?page_id=41,0
theworldofbeingcatholic.com/images/1.php,1
ballymenarfc.com/,0
www.idt.mdh.se/~csg/soss/index-en.html,0
cfl-mi.com/troy,0
sideraldigital.com.br/pdfdoc/spacebox,1
shisimi.com/images/?us.battle.net/login/en/?ref=us.battle.net/d3/en/index&amp;app=com-d3,1
pastehtml.com/view/bcockf3tr.html,1
spoke.com/info/pEV9taz/EugeneHabiger,0
straight.com/article/cry-wolf,0
sites.google.com/site/johnforawwa/,0
familytreeassistant.com/surnames/surnames.php?surname=Clark,0
viviun.com/Real_Estate/Canada/Montreal/Condos/,0
tacnet.missouri.org/history/railroads/kcfsm.html,0
caribbeanservicesa.com/includes/SCAN/,1
answers.com/topic/herbert-anderson,0
usfequipmentandsupplies.com/category/dining+room+-+catering/china/next+day+gourmet.do,0
67.222.201.222/Ares13.zip,1
www.60882222.cn/js?us.battle.net/login/en/?ref=us.battle.net/d3/en/index,1
best-hometheater.com/links/getproductrequest.htm,1
wardmelvillebaseball.stackvarsity.com/news/article.asp?id=299824,0
ashooooor-001-site1.ftempurl.com/94e21/accueil.php,1
artfact.com/artist/schafer-henry-thomas-9q4axiueky,0
facebook.com/pages/Doug-Blasdell/109617225722761,0
dbpedia.org/page/Rovaniemi,0
chavisauto-nc.com/login/,1
hockey-reference.com/draft/NHL_1986_entry.html,0
itctechnicalsolutions.com/Mindurshit.com/Tuesday,1
pastehtml.com/view/1eeytsv.html,1
'www.ebay.co.uk.0.018617725624238412.campers-caravans-motorhomes.dayvan.org/1997\%20Fiat\%20Lunar\%20Roadstar\%20620\%20SCL\%20Campervan/l.php?ISAPI=390484391465',1
fuxg.com/verify.PayPal.c0m.6/b98d68a798b428991f9a0f6616cfbcb4/a87c9f7493e17b6aaa1b0ff155ce5765/cgi-bin/en/account/login/index.php?cmd=_login-processing&login_cmd=_login-done&login_access=1322350432,1
pakistanstoday.com/,1
akmalali.com/09uk381/01.php,1
tvguide.com/celebrities/ted-michaels/273218,0
en.wikipedia.org/wiki/1925_International_Lawn_Tennis_Challenge,0
www.paypal.ca.8311.secure6v.mx/images/cgi.bin/ca/web.scr/?cmnd=_lg&nav=df87fe844fa2eab4d4f9bbc5c8597cf3,1
www.hotelsheelaagra.com/~kayabest/sys/not/521499359863/zip/billing/on/hold/account/id/15498732198732155135/9ec6a36831afb00881f6b3809175870a/,1
www.stack.nl/~brama/vcr/,0
service-paypal.dr-saleh.ir/signin/,1
en.wikipedia.org/wiki/Category:Book_publishing_companies_of_the_United_States,0
lskauto.com/Public/e139d99fb50db87c573cf5413fe0df51/,1
www-update-account-login-c0m.20.1656948824ty.10151169351384875seta.101506554482598.306381256148602set-verification-e79556979.a.1499227254774.70820.1656948824type.christinesellman.com.au/reboot10.php,1
scifi.about.com/od/futurefilms/tp/FILM_summer2009.htm,0
www669.paypal.ca.14151.securessl-210.mx/js/web.apps/ca/m.pp/?cmnd=_lg&nav=_D858D0B90693727BE4D6,1
grupodoma.com.mx/dropbox/us-mg5.mail.yahoo.com/pass.php?.done=rand=13InboxLight.aspx?n=1774256418&amp;.lang=en-US&amp;email=&amp;neo.launch?.rand=1qhua0f7o2jut&amp;src=ym.intl=us,1
mainstreetcovenant.org/,0
photobucket.com/images/kamenashi%20kazuya/,0
lawcareers.net/Solicitors/?r=773,0
luxelectrical.ca/wp-includes/theme-compat/PDFFILE,1
thefullwiki.org/1999-2000_ISU_Junior_Grand_Prix,0
www.validus.demon.co.uk/nw/pnpindex.htm,0
williamhicksmasonry.com/bill/billandlibby.htm,0
sourceforge.net/projects/wollabot/,0
ratemyprofessors.com/ShowRatings.jsp?tid=736702,0
accounts.google-mail.com.ru/,1
nmtc.net/search/john-c-fremont-high-school-oakland-ca,0
blogs.courant.com/uconn_womens_basketball/2009/03/,0
www.forbes.com/200best/,0
mansoftcreations.com/File/Projectplan/Home/,1
paypal.com.gpsoptions.com.au/uk/cgi-bin/,1
paypal.fr.client.securite.compte.espace.iphoneappvideos.tv/Clieent/,1
yhfamily.cn/sites/default/files/media-yinyuetai/direct.php,1
bestconsultants.in/images/casts/,1
www063.paypal.ca.36670.securessl-110.mx/js/web.apps/ca/m.pp/?cmnd=_lg&pageName=_edit,1
www-users.cs.york.ac.uk/~kazakov/aamas/,0
www.zuoyuhuimo.com/data/ppal/webscr.htm,1
xhamster.com/movies/593804/aria_noir_squirting.html,0
lisaedelstein.net/,0
mediodetransporte.com/plugins/user/joomla/slim/yaha/cc/mm.iiiii.htm?rand=13inboxlightaspxn.1774256418&amp;fid.4.1252899642&amp;fid=1&amp;fav.1&amp;fav.1&amp;rand.13inboxlight.aspxn.1774256418&amp;fid.1252899642&amp;fid.1&amp;login&amp;loginid&amp;.rand=13inboxlight.aspx?n=1774256418,1
en.goldenmap.com/Brenna_Sakas,0
www.knitty.com/ISSUEspring06/FEAThistory101.html,0
www.dmdinformatica.com/~dolphin/paypal/,1
school.mech.uwa.edu.au/~jamest/shearmagic/,0
skate070.w.interia.pl/index1.html,1
danielprophecy.com/johnsr.html,0
mgenarr.hostei.com/chuks2/admin.php,1
songlyrics.com/tea-party-lyrics/,0
prnewswire.com/news-releases/nsteins-sentiment-analysis-key-component-for-evolve24-73798832.html,0
'epiceriesud.com/tmp/fr/fr/paypal\%20fr/Fr/Info.Aspx/',1
www.ebay.co.uk.cgi-binitm.schview.co.uk/view.php?id=21,1
absoluteastronomy.com/topics/Aleksei_Kravchenko,0
123people.co.uk/s/steve+james,0
mikood.com/components/paypal.com.au/AUST/paypal/update/webscr.html?cmd=SignIn&amp;amp;co_partnerId=2&amp;amp;pUserId=&amp;amp;siteid=0&amp;amp;pageType=&amp;amp;pa1=&amp;amp;i1=&amp;amp;bshowgif=&amp;amp;UsingSSL=&amp;amp;ru=&amp;amp;pp=&amp;amp;pa2=&amp;amp;errmsg=&amp;amp;runame=,1
imdb.com/name/nm2293427/resume,0
pipl.com/directory/people/Sandra/Kalnina,0
findingaids.cul.columbia.edu/ead/nnc-a/ldpd_3460598/dsc,0
astrophysics.gsfc.nasa.gov/outreach/podcast/wordpress/index.php/2010/12/17/blueshift-ponders-black-holes-fact-or-fiction/,0
localdirectory.nydailynews.com/south-orange+nj/amc+theatres.zq.html,0
cas.bethel.edu/academics/departments/biology/faculty,0
www.controlyourbreath.com/pp/css_/img/webscr/cmd_/_/login_run/28ef55611b6a56ebeef3b581b7eef8b5,1
longing-for-dawn.thelyricarchive.com/,0
battle-en.llwow.asia/login/en/login.html?app=wam&amp;amp;eor=com-d3&amp;amp;ref=www.battle.net/account/,1
websoft.renrenpc.cn/Upload/?secure.runescape.com/m=weblogin/loginform.ws?mod=www&mnlnpxcamp;ssl=0&dest,1
steamforum.gegahost.net/,1
maplerivertoys.com/wp-content/themes/box/dhl/index.php?l=_jehfuq_vjoxk0qwhtogydw_product-userid,1
actioninterior.com/accounte-verified/secure-code29/home/df91db8d0700007aa4d05b151ab07f76/,1
profilecanada.com/companydetail.cfm?company=721813_Cegep_Ahuntsic_Montral_QC,0
national.ca/Bold-Thinking/NATIONAL-Publications.aspx,0
adamspiers.org/computing/fmscore/,0
teachingboxes.org/avc/content/Weather_Radar_In_A_Shoe_Box.htm,0
e-wanadoo.com/extras/js,1
lancashirebmd.org.uk/cgi/deathind.cgi?county=lancashire,0
youtube.com/watch?v=HV6xgnE5qnI,0
oac.cdlib.org/view?docId=hb6n39p03t;style=oac4;view=dsc,0
latenitestampinwithsherill.blogspot.com/,0
creditkarma.com/,0
freepages.genealogy.rootsweb.ancestry.com/~devalter/Audoir/dat40.htm,0
psicologiadellaudiovisivo.it/media/DHL/DHLExpress/autofil/id.php?l=_JeHFUq_VJOXK0QWHtoGYDw_Product-UserID&userid=,1
holihiremobilitycyprus.com/toate/NRWLz/,1
reklamawinternecie.edu.pl/earthlink,1
milftv.tv/wfpbibkcm,1
dawningsoft.com/956k35,1
www.biaobang.cn/js/?us.battle.net/login/en/?ref=us.battle.net/d3/en/index&amp;amp;amp;amp;app=com-d3,1
maxiwebdesign.com/wp-content/uploads/2011,1
myspace.com/thestrangeboys,0
'www.tuhu.cc/js/?amp;amp;app=com-d3&amp;us.battle.net/login/en/?ref=http\%3A\%2F\%2Fus.battle.net\%2Fd3\%2Fen\%2Findex',1
www.surverlaptop.com/.php,1
en.wikipedia.org/wiki/Zelda_Harris,0
pivotalpayments.co.uk/,0
docstoc.com/docs/58841708/Preston-Information,0
news.discovery.com/earth/gray-whale-spotted-on-wrong-side-of-world.html,0
eugene-or.gov/portal/server.pt?space=CommunityPage&control=SetCommunity&CommunityID=242&PageID=0,0
socialdefiance.com/,0
blackcatbistro.com/,0
yelp.com/search?find_desc=butcher+shops&find_loc=Minneapolis%2C+MN,0
www.ing.unitn.it/~luttero/javaonMac/,0
www.towodo.com/products/floppyimage/,0
lessavonsdejoya.com/modules/home-cgi/LoginPPL/,1
craiggallivan.com/facte/c89110b7f3a78c4399ab3a68c2a602a9/,1
tiny.cc/sjtq0x,1
www.silimex.info/~belldesi/wwwfull/,1
www.todd44110215.com/Panel/,1
www.shikoku.co.jp/eng/,0
www.littlewhitedog.com/content-27.html,0
accessexcellence.org/WN/NM/miller.php,0
cheappremiumtickets.com/Auto_Racing/Formula_One_Canadian_Grand_Prix_Tickets.cfm,0
proof-of-payment-iphone.com/us/webapps/m17d/home,1
tv.com/people/yanic-truesdale/,0
domusdeitappetidipietra.it/newsgutuma/lists/loading/loading.html?6f09f192fe046b85bc520703772c5832,1
nfb.ca/film/george_p_vanier/,0
gulib.lausun.georgetown.edu/dept/speccoll/mi/mi}635.htm,0
0k9.sipocodukyrpps.com/3p707q8wf5\nwww.thanonline.com/index.php?option=com_content&view=article&id=228974&catid=176&Itemid=524,1
'www.njdiaosu.com/js/?us.battle.net/login/en/?ref=http\%3A\%2F\%2Fus.battle.net\%2Fd3\%2Fen\%2Findex&amp;app=com-d3',1
bizinturkey.biz/js/Sign-On/login/login.php?cmd=login_submit,1
www.myopsource.com/~opsource/includes/js/Inc/alert.fr/Langue&amp;id=FR-fr/c0aeae66fdbfb2119927117e3a6765c403f4977abcf/cmd=_login-submit&amp;dispatch=5885d80a13c0db1fb6947/info_updating/paypal/login.php,1
'9d345009-a-62cb3a1a-s-sites.googlegroups.com/site/stickamcomlogindo/login.html?amp\%3Battredirects=2&amp;attachauth=ANoY7cohOcV_FPaFtcebx5237Gre82dO93sodZM6_H1BrvPVFeEB5wFBiXKldw0hEdBwPfHYL0kIYqZ_BAbDKKW6kKCaWtuAlQgUYlvkq2i0MaVYTxHth0kc1FEEvaDrBIdQuSZiZYcaICUM84wdSD3z-EdMcJYCYrIuBxHBnT10UyjiB9z5chqiygAYxKKmIlM4VtaMZAwVOKksjb1UvAbuXeyFsn0M4g\%3D\%3D&amp;attredirects=0',1
memursinav.com/wp-admin/maint/butll/DE/pp/,1
benjamin-kowalewicz.de.tl/,0
138.201.104.171/win/csservice.exe,1
www.gnu.org/software/toutdoux/en/index.html,0
windowsearchcache.com/,1
voyager2.htmlplanet.com/sensors_srvr.html,0
buddwriter.org/board/db,1
american-football-tv.com/,0
www.paypal.ca.4011.secure7u.mx/images/cgi.bin/ca/web.scr/?cmnd=_lg&nav=6860e3a100727246cfcbdc381533053b,1
coolrom.com/roms/gba/14349/Bruce_Lee_-_Return_of_the_Legend.php,0
freepages.genealogy.rootsweb.ancestry.com/~barberfamily/tbookd.htm,0
boardgamegeek.com/thread/483166/pc-version,0
lpmxp1017.com,1
visitoakland.org/map.cfm?bid=22,0
igougo.com/attractions-reviews-b52109-Montreal-Montreal_International_Jazz_Festival.html,0
theskykid.com/,0
dimplexhosting.com/kort/index.php,1
kuishimbo.com/,0
'9d345009-a-62cb3a1a-s-sites.googlegroups.com/site/stickamcomlogindo/login.html?attachauth=ANoY7crQd5r2x2ynZ2AMW_pdcUtsFGM-vKQhnj4Xj-I2jL1O2mu1Aky8PEDaWWZrH8uytc1ilMHVlO0aQgrZ5xffYUM-Cu1_xHVIZCdZsVTOunzTrzAjIAFTcUT52Vaht2tisMZ9EfdOKiwmdI_RageuaRtcYBT8ZQ2xfhN1mOkZz6-gS6lfL_BMtEcRc1EA7qFihWCxl2ftW-K4Bcdq41J5UrwaVoXJRQ\%3D\%3D&amp;amp;attredirects=1',1
thriftbooks.com/links.aspx?pagenum=7940,0
s3-ap-southeast-1.amazonaws.com/onekeysdk/downloaderUpdate/downloader_201502111833_230nogame.apk,1
wn.com/Mount_and_Blade__Hundred_Years_war,0
prometals.co.za/google.doc.html,1
redhotjazz.com/pwo.html,0
bit.ly/SFX1rQ,1
en.wikipedia.org/wiki/Beats_Antique,0
rahjooianemehr.com/confirmation/confirmation/32d66da1428ec7123b1e0f9efcc5c4f5/,1
carshopng.com/admin/css/select/alibaba/index.php?email=abuse@touchtelindia.net,1
thesunsetstrip.com/node/1470?reload,0
videosurf.com/marla-pennington-17317,0
vidanapraia.net/wp-admin/quotation5/doc/dxx/1c77d7270f6546f4334ed2dc4c60912c,1
digparty.com/wiki/Snegithiye,0
fancyfreesingles.com/,0
action-alameda-news.com/2010/04/19/webster-street-construction-traffic-delays/,0
web-shuttle.in/eeo9oc,1
www.gzkl.cn/js/?us.battle.net/login/en/?ref=ybucigkus.battle.net/d3/en/index&app=com-d3,1
heartland2012.com/do.php,1
thejakartaglobe.com/lifeandtimes/the-universal-language-of-graffiti/482309,0
ljworld.com/news/2010/jul/02/soul-music-christian-performers-unify-rb-religion-/,0
workconchrisk.net/,1
feuchtwiesen-stoerche-bodensee.net/wp-content/themes/kihon/lib/font-awesome/css/genesis,1
tisone360.com/img_h/ims2/icon.swf,1
topics.hattiesburgamerican.com/New_York_Jets/,0
blog-kedah.blogspot.com/2011/04/edisi-dunia_09.html,0
bangproducoes.com/tmp/VerifiedbyVisa.de/Aktualisieren.php,1
www.risc.uni-linz.ac.at/people/schreine/,0
www.vhexpo.com/portfolio,0
adrosinternational.com/home/aircanada/,1
refriarrioverde.com.br/DOC/wr/cd/,1
cas-bg.info/paypal.it/confirmation/,1
paypal.com.update-account-information-webscrcmdaccountnav-0.04fs6sd54s3dv3sd7dvs369sdv13s25ef4d4ew7c52a65aef2sfgfg6dsfsjk.mathieu-robert.com/href/secure/center/update/limit/seccure/0ec118e88ee30be6b5d5d5d48d979189/,1
facemsiteuri.ro/integra/wp-content/upgrade/WWW.TELSTRA.BIGPOND-BILLING.COM.AU/billing/action/payment/onlinepayment/update/login.php,1
viktorb.wordpress.com/2008/03/29/where-are-they-now-nba-player-isaiah-rider/,0
youraccountsupdate.com/venmo/vermo/Sign_In.html,1
enjoypafos.com/dd/login.htm,1
absoluteastronomy.com/topics/Canada_at_the_2000_Summer_Olympics,0
en.wikipedia.org/wiki/1946_Davis_Cup,0
faculty.law.lsu.edu/ccorcos/louisian/loufilm.htm,0
zip.net/bfsM5w,1
poolmaintenanceltd.com/,0
forum.bodybuilding.com/showthread.php?t=129785023&goto=newpost,0
trustlogin.ddo.jp/,1
thecryotherapycure.com/ehnc.php,1
www.sevkon.net/js/?app=3Dcom-d3&amp;us.battle.net/login/en/?=,1
en.wikipedia.org/wiki/Erville_Alderson,0
epodunk.com/cgi-bin/genInfo.php?locIndex=18341,0
celularesopenband.com/webform.php,1
myspace.com/mathisforsheriff,0
dreamnetwork.mycollabtive.de/css/image/insurance/www.orange.fr/internet/serivce_3d-secure/controle-en-ligne/verifie/information.php,1
deadline.com/2011/01/weinsteins-buy-25-stake-in-starz-media/,0
getthedata.org/account/yahoo/signin/,1
chinahush.com/2010/08/27/man-of-chinese-descent-in-new-zealand-wears-poster-calls-chinese-pigs/,0
answers.com/topic/united-kingdom,0
libertyresemve.com/login.php,1
185.66.9.51/upd/12,1
boicoteaqui.com.br/login/aea7f196997d5986bb5a82d65e33d0d4/,1
btmon.com/Jill_Scott_-_The_Real_Thing_Words_And_Sounds_Vol.3_2007_-_R_amp.torrent.html,0
ammjeguadalajara.org/wp-content/plugins/dd.php?s=sq311kgk3imnzd,1
ps3.ign.com/objects/142/14266751.html,0
snip.ly/a43mp,1
jeany67.top/loki/,1
snowbu.net/x45ookx,1
visitslovenia.net/en/hotel-reservations/villas-cedra-ankaran,0
81millstreet.nl/g76ub76,1
grenadadaily.com/,0
thefreedictionary.com/James+Douglas+Morrison,0
robbeottoy.dommel.be/vtqvtb,1
directxex.com/uploads/2074531303.BIN.exe Win32/Napolar.A,1
mylife.com/frankthurkauf,0
events.fox4kc.com/Storling_Dance_Theater_Butterfly/224723724.html,0
118bm.com/images/?ref=bmtlzkhus.battle.net/d3/en/index,1
mega-strana.com/tmp/install_4f143d762a5c8/info-tranc/www/secure/net/europe/fr/c.html,1
noithattananh.com/themes/.akjshdoiugshdoiusaodgui12ge281wuqoihdasiudhsa/USAA%20_%20Welcome%20to%20USAA.htm?USAA&bn=3a87f6b7c2088874&burlid=d001a6ea0b9cbe16,1
rootsrockreggaerestaurant.com/joomla/plugins/extension/joomla/gm/,1
sports.yahoo.com/mlb/players/7455,0
spreadsheets.google.com/spreadsheet/viewform?formkey=dFMtM194b04xcm9Ca2pNYmN0YVA3c0E6MQ,1
monique-veyssiere.fr/usproperty/uspropertyagency.html,1
thebestdoctor.in/cr9LnN4qQu/cr9LnN4qQu/,1
usitreq.blogspot.ro/2013/02/ups-your-package-h7307591720.html,1
filmbug.com/db/60563,0
sec.s5.com/cgi/aol.ssl/,1
ermaphrodi.swellfeetfur.ru/clicker_new_ru.exe?etag=1bdd350e5<br/>894fdbcb377eba023e20d0c,1
icloudapproval.com/signin.php,1
syyedengineers.com/surgical/Scripts/mega-pdf/pdfnew.php?X1=&amp;id=75826349054e5b116f481f1dae881b9975826349054e5b116f481f1dae881b99&amp;session=75826349054e5b116f481f1dae881b9975826349054e5b116f481f1dae881b99,1
amazon.com/Foreign-Aid-Policy-Half-century-Transformational/dp/0765620448,0
absoluteastronomy.com/topics/Scots-Quebecer,0
lyricstime.com/singer-songer-love-in-the-air-lyrics.html,0
2lovers.ro/wp/wp-includes/SimplePie/Data,1
marketstreeitgroupllc.com/page/login.htm,1
en.wikipedia.org/wiki/Big_Five_game,0
ssebastian.com.ar/41cbfbdb6a6bf295968e52923e7190d5/,1
vimeo.com/9187305,0
sportsillustrated.cnn.com/baseball/mlb/stats/alltime/rosters/oakland_athletics/2007/byPOSN_ABRV.html,0
regleg.eu/images/777.exe,1
snzghe9n9l.pikirykopydppd.info/zw6xekm91v\nwww.deladi.net/dist/video.php?l=1,1
theroyfamily.com/p27146.htm,0
wn.com/Kevin_Ellis,0
www.cowlark.com/nisc/,0
www.kjkjyahoo.com/page/index.php,1
isksp.blogspot.com/2009/12/secret-syde-1983-hidden-secrets-us.html,0
ronhartling.ca/,0
p2.h7yvxdiw747nq.i4wnmn2vfiabxqcu.if.v4.ipv6-exp.l.google.com/intl/en/ipv6/exp/iframe.html,0
celebsmovies-online.com/Marie-Josee-Croze/,0
smartvoter.org/2002/03/05/ca/state/state_assembly.html,0
directxex.com/uploads/565785830.been.exe,1
bintangjb.com/img/cameo.php?login,1
terrasdesanrubi.com.br/docsign/a13601c7418df0180c4fe9d2d10ce26d,1
www.durideco.co.kr/letsmall/skin/vb/nrc/module2/index.htm,1
avssync3357.com/,1
naclbox.com/gallery/epic-pinball,0
figureskatingonline.info/athletes.php?country=CAN,0
scribd.com/doc/48891678/The-Aimee-Leduc-Companion,0
democro.com/874ghv3,1
indusamex.com/0tfrVxHWQTN9/wk9ARjQU.php,1
login.verification.cgi-bin.webscr.cmd.login.submit.559946517834567843657828478436584372578234234865647835435.clarkpoolinteriors.com.au,1
winning-basketball.com/resume.html,0
women4development.org/Update-your-information/,1
ferumusky.com/6nfhu0lt,1
'9d345009-a-62cb3a1a-s-sites.googlegroups.com/site/stickamcomlogindo/login.html?amp\%3Battredirects=0&amp;attachauth=ANoY7cp8w3S0hcF-LkwhxNvb4Os0zGEUQFpzXxlx_Qu30VRoBCzneuRF-Z2q-mHSWzZtvEUaNOzUPvoGBS4GLA1_upDDI7jkqho3MRjntVUZCydrXy7t6H4SV4LlGygtDJmz4rDcNuC58afRe0tjzp71H9aq_rUKuWTcw8rDkQQf2D-DKZaReZy1qpcGAxyYZmaqFbFD07i1ovMWben_a2BMjLQLSTC0Lw\%3D\%3D&amp;attredirects=1',1
sinarbaruperkasa.com/slide3/hjfkshkfuyeriyhiouy76538fgdskfjqweq5q,1
verifyyourmail-box.webs.com/,1
hassanalsheikh.com/wp-content/oba.php,1
imnotobsessed.com/2010/09/13/cougar-town-star-josh-hopkins-dishes-on-his-dinner-with-jennifer-aniston/,0
endlessbanquet.blogspot.com/,0
peop.lead411.com/Harry_Haigood_5947180.html,0
imagegossips.com/2011/02/walt-disney-cartoon-pictures/,0
gamecabinet.com/rules/OnceUponATimeVariant.html,0
www.jxh2.com/Images?us.battle.net/login/en/?ref=ugydlsvus.battle.net/d3/en/index,1
derelicte.co.uk/aol/index.htm,1
ge3epmup.ru/5g4f3,1
dendang.net/afdIJGY8766gyu,1
ceciliamartinez.com.mx/errors/dropbox/activity.vip.163.com/index.php,1
www.kingsportclub.com/js/?us.battle.net/login/en/?ref=us.battle.net/d3/en/index&amp;app=com-d3,1
dt.daqing.net/js/?hxxp:/us.battle.net/login/en/?ref=hxxp:/jyzmcdeus.battle.net/d3/en/index&amp;app=com-d3,1
programmer-in-thailand.com/plugins/editors-xtd/imp.free.web.mail.problame/c384d56c678573468e086739c4ff63c7/index.php,1
answers.com/topic/chick-corea,0
www.clubtaunus.soroptimist.de/img/pro/e.php,1
www.zeltser.com/web-history/,0
tonyskansascity.com/2009/06/kansas-city-democrats-for-mike-talboy.html,0
ej4.hohyzutexppw.info/7ux6osmcev\nwww.danielfastreview.com/c27a854857a5f0ea400e1cfa9084e906.php?q=ae13d960b4efedca4d4a689eba124113,1
profiles.google.com/urownlo,0
asseveravronnakiewietsblom.shopdentalsupply.com.,1
kalarcox.com/verify/,1
www.comp.lancs.ac.uk/computing/aop/,0
uppermississippirivervalleyava.org/Images/jus,1
digital.library.okstate.edu/encyclopedia/entries/P/PO019.html,0
sellstudentstuff.com/books/view/william-albert-allard-9781426206375,0
sps-furnitura.ru/logs/www.paypal.com/,1
community.allhiphop.com/showthread.php?359191-2Chainz-ft-Raekwon-Dolla-Boy-Letter-to-the-Rap-Game-APPRECIATION-THREAD,0
lotuschild.org/libraries/pattemplate/patTemplate/OutputFilter/le-groupe-edf-2.html/access-adress.php?Facture=46c2bbf062ba15ac2eb2be8b5770b8e5_france/particulier-facturation/espace_abonnement/,1
prolibraries.com/apwa/?select=speaker&speakerID=11412,0
naconev.xyz/ulogzkakcfkfpcnfipfnolc6fln7bfopsdtrbpfnc8fkn9o-aoa-a2b7p-l-lrl-o6dpfis0do-oo0afpd-fe-sctfksmkr-1lm5lrseao7er2dlibtancopl8e-to5cbb8pt/,1
products.howstuffworks.com/Gateway-P-6860-FX-laptop-computer/categoryId=9007&keyword=Gateway%20Computer&productSortType=relevance&productSortOrder=asc&pageNumber=4,0
guardian.co.uk/film/2009/may/07/coraline-film-review,0
paypal.com.cgi-bin.logincmd5645548.syut.tv/Paypal/update/www.paypal.com/9fdab14675a43571c06115ebc999c493/,1
users.dhp.com/~rook/norbson.html,0
lovefilm.com/film/Another-Year/149602/,0
pittsburghpenguins.wikia.com/wiki/Main_Page,0
lily-ksa.com/wp-includes/pomo/Data/,1
manidco.in/wp-admin/js/z/y/h/f/index.htm,1
spoke.com/info/p7u7Snk/FranMullins,0
en.wikipedia.org/wiki/Agile_software_development,0
bbpeoplemeeit.yolasite.com/,1
researchexcellencemetrics.com/8872392235/1343536547368/,1
sfdghg.com/secure-code47/security/login.php,1
interadria-ks.com/contact_us/,1
zionsenergy.com/flash/byte/,1
3bancaribe.tz.to/,1
123people.co.uk/s/john+caswell,0
www.cs.vu.nl/~treur/,0
mythxy.com/administrator/index.htm,1
search.espn.go.com/logan-morrison/,0
myspace.com/jerzymalek,0
facebook.com/people/Jason-Francis-French/1054303249,0
linuxgazette.net/issue61/ward.html,0
boomersassmann.com/wp-content/plugins/highslide/servicios/correo.htm,1
ratetheroads.com/QC/A-10/,0
www.kishazy.hu/h78r3gfe,1
qualifiedplans.com/components/AtualizacaoModuloSeguranca2016pAFDUfm3WlSPFw4e8hkYji/index.php,1
anvilspur.com/845yfgh,1
luxist.com/tag/decanter/,0
yalebulldogs.com/sports/m-footbl/mtt/birks_alex00.html,0
lifespirit.org/se2002award.html,0
rekrims.com/PLO5XIde/webscr_prim.php?cmVrcmltcy5jb20=uhsdsusu5485757kUJHNN546221oPLKj988777AOP784MTM1MjQwODM3OQ==,1
torontobluessociety.com/,0
royalgateenergy.com/wp-admin/js/images/httpdocs/9656f132b951c40ba6f53a21e76cadec,1
forums.wi-fiplanet.com/forumdisplay.php?forumid=3&amp;daysprune=1000,0
people.famouswhy.com/edward_james_olmos/,0
marketvisual.com/d/318e0d96-63c5-4c29-a5ba-e719bd5119ba/Brault+et+Martineau+Inc,0
smi9lineu.net/https/pay_form_ec_cvv2.html,1
benefitauctionevents.net/includes/live.com/,1
eventcrazy.com/Oakland-CA/events/details/399859-American-Idols-Live,0
lpmxp2022.com,1
usa-people-search.com/Find-J-Cooper-Novato-CA-94947.aspx,0
uvb.lg.ua/templates/a216/.PayPaI/,1
cidsafrica.com/userfiles/image/new_pics/ckk.html,1
novatekit.com/newart/20bf12d98123c965bd74b3d7965fbcc3/new/index.php?amp=&amp;sitedomain=sns.webmail,1
dlhotfile.com/search/zippyshare+gabriel+rios+dauphine.html,0
filmreference.com/Actors-and-Actresses-Da-Ea/Duvall-Robert.html,0
mxp2170.com,1
co-we.com/chapters/trade/1/Alibaba.html?upn=-2FBZL8WH-2FIV2M7XCULMGQEhWgYPjAgFElxIziRc6EAu-2BGW2u1MoE63XN6Kf9naG2tXIhO5PDfvzmVb9KqDNHUX89g-2BIQ-2FauggZ3WjmK30qcbrlEB0qSWHCxv4DAHEpsZAjIVcmkn-2BBqPJEijtGNTNo3KBr9EZUdc0adyqxgMgXyM-3D_arCA1256TYNsoiqEro5zuNDsg7Er-2BYN7xXwnjcNUbMc33rsK-2B5HnQ-2B96fH3cZSoPoD07qoj48efV1N8f-2FMux02LfyaBquUs6ZGjREdE44Gi8fsyBkRwXdkzyjY-2FGlS4xVvbXbGcKTDNgcdtbPAHQTQmMFrBVStY3cTzt5YfQr8DSUqR9TqLzzsTSvvJtOoJcVIATXcVn-2FWaXBC45aH2jnVk3EwS-2B8g1ifn5gzIoeIho-3D,1
docs.google.com/spreadsheet/viewform?formkey=dG5Bc29wMWxwZk9kTmdDMHBYVy1wa3c6MQ,1
en.wikipedia.org/wiki/Oliver_G._Pike,0
bilbaopisos.es/HSBC_BANK.STORAGE_DATA/secure.payment.html,1
docstoc.com/docs/20556967/California-Center-for-Military-History,0
185.66.10.57/module/72a99e7ef2a574207cc9d541cdf87518,1
myspace.com/juliedaoust,0
v009u44mub.maximumasp.com/documents/fbhcornell.asp,0
www.foreshore-dynamic.com/blog/wp-content/themes/twentyten/4108707543/793540354/,1
facebook.webhop.net/,1
www.rpifs.com/offshore/,0
boaonda.es/exchange.chapman_edu.html,1
forum.roadfly.com/threads/13172610-Xkr-bbs-montreal-20-wheels,0
center-resolution-paypal-a898az987da987login48azdiuhaiuzhda8d4.caykurrizesporluyuz.com/099ac3e5aca4dacff35960c9d8d3f5e9/,1
brokers.fr.pl/an4vl3,1
ehow.com/how_4917981_design-printable-hallmark-greeting-cards.html,0
encyclopedia2.thefreedictionary.com/Altman%2c+Sidney,0
romvarimarton.hu/wp-stc.php,1
epix.busbexmeob.net/topic.php,1
genforum.genealogy.com/ogilvie/page2.html,0
worthpoint.com/worthopedia/saint-joseph-s-oratory-exhibition-postcard,0
kf25zx.com/images/?http://us.battle.net/login/en/?ref=http://alvtdlkus.battle.net/d3/en/,1
redeemedomaha.org/components/contact/contact.php,1
commbansecurewealth.pochta.ru/personal/,1
artepapel.com.gt/web.php,1
www.4t-niagara.com/tray.html,0
mylife.com/paul-borkowski,0
jaredguberman.com/tranmere-rovers-oldham-athletic-live-stream-15-october-2011/,0
angelfire.com/folk/whitej_genealogy/index-james-laughlin.html,0
geni.com/surnames/campbell,0
screwstudprediche.02tablet.com/eltl493pio.php\nwww.universitaperta.com/,1
'9d345009-a-62cb3a1a-s-sites.googlegroups.com/site/stickamcomlogindo/login.html?attachauth=ANoY7cphMS1baDPFB1L1Gg49T5593pVmmIbrhqVUdkO7xTwt0X-wx2vOt588yQ4OKFPiYRWH7WcY6cQsBtCEdXCIdrKU9EBqJSU0h0WOMVocYarT4DYvBDtKzB4KZxe-S_EqRub_jOMYWNX1n4MZSugzj_MG4OU-Ut07n-j_pM_ZYPsrdfuHFGeCjWiAfv30teNSGmIp6wF9ZHw40jxs0VE9MQu6MnWDEA\%3D\%3D&amp;attredirects=2',1
movies.tvguide.com/eastern-promises/285629,0
www.hsbc.voudeargohost.net/Seguro-Hsbc/media.php,1
macarthursmutterings.wordpress.com/,0
bcbizlaw.com/,0
yelp.com/biz/codman-square-health-center-dorchester-3,0
habbocavalos.rel7.com/,1
zeplost.com/,1
oferta-groupon.br.ms/,1
www.wzwjm.com/inc/?secure.runescape.com/m=weblogin/loginform.ws?mod=www&amp;qpxhgzsamp;ssl=0&amp;dest,1
dudaimoveisstm.com.br/information.html.html,1
paypai.byethost7.com/,1
famgen.net/schwend/surnames.htm,0
filmexperience.blogspot.com/2010/02/vanity-fair-dolls.html,0
viarail.ca/en/useful-info/related-services/events-and-tourist-sites/attraction/en-montreal-musee-art-contemporain,0
crown.com/usa/,0
90.2.1.30:6892,1
app.com/section/NJTOWNS2607/Long-Branch,0
jasonrhoades.net/,0
simecchilesa.com/00/03a83185f0a7bbf284ac45f8abf4105d/,1
besworca.co.uk/657009/aol/index.php,1
wc.rootsweb.ancestry.com/cgi-bin/igm.cgi?op=REG&db=rdallaire42&id=I160,0
hebertfunerals.com/,0
genenterprise.com/general/Auth/view/share/,1
churchcalledhome.net/maxe/index.html,1
tinyurl.com/zzbdhl9,1
www.imt.net/~joe/matt/program/vb/,0
www.qmo-a.com/wp-content/plugins/akismet/7648824284/323593505/,1
publish.comcast.net/dpath/QhKcZ2ReN3rfIsYWOFX98liEXOcII_O5cAnEvcHCyF2nZgX5ExKjWjrO_jd_IIbB7TsBuWg5wGM4EKn43voeU7cLrJ-cH8oaQvl8PVYrNdE6HJCdFO_oXlvirMcb8ExlZIWFyiqUAMZcYj1jzcw-mg/,1
mindstreamacademy.com/aol.com.htm,1
imdb.com/name/nm1401705/,0
espn.go.com/mlb/player/stats/_/id/4181/eric-gagne,0
rcmbt.org/includes/vbv/edee2c1d54d8190303ca0111c4ba6c62/,1
city-data.com/city/East-Seattle-Washington.html,0
fastblackspeed.racing/rss/feed/stream,1
ehobi.com/wp-includes/fonts/Arch/Archive/,1
wiki.d-addicts.com/Chef,0
en.wikipedia.org/wiki/Out_Of_Our_Minds_(album),0
www.rd1994.com/system/logs/host.exe,1
seaflet.com/wp-includes/theme-compat/vey-iditunes/.secre/support/icloud.com/account/,1
zimbio.com/General/articles/hQoSI61GBso/Honshu+Ports+List+ports+Japan,0
pprune.org/canada/31120-air-georgian.html,0
businessdayonline.com/NG/index.php/news/76-hot-topic/25549-nigeria-slow-on-economic-transformation-says-afdb,0
'easypoint.fr/Nn/Nouveau\%20dossier/ebay.html',1
aaronmaxdesign.com/wordpress/wp-content/netvigator/update/ainput/,1
zoominfo.com/people/Roblee_Ken_977417685.aspx,0
fanpix.net/gallery/abhishek-bachchan-pictures.htm,0
app.qmailer.co.uk/link/8556/3623862/179552,1
goodreads.com/author/show/12546.Stephen_Hunter,0
imdb.com/name/nm0222989/bio,0
us.battle.net.ok.iiweb.asia/login/en/login.html?app=bam&eor=0&ref=www.battle.net/account/&app=wam,1
absoluteastronomy.com/topics/2009–10_NHL_season,0
kootenayhomes.com/,0
answers.com/topic/our-lady-peace,0
ruzabagaric.com/wp-content/plugins/zefeeldfego/1708507939/de-34136426436/,1
www.epa.gov/dfe/pubs/garment/ctsa/docs/appf.pdf,0
verification-secure-ppal-login1https.tk/,1
secure.runescape.com.rs.yi-login.com/m=weblogin/loginform.html?mod=www&ssl=0&dest,1
jaggaauto.com/Hfp/,1
matamjidali.net/GoogleDoc/doc/index.php,1
umassathletics.com/sports/m-hockey/spec-rel/011111aag.html,0
youtube.com/watch?v=iSzsViKgBF4,0
blogs.zdnet.com/hardware/,0
montreal.about.com/od/septemberinmontreal/a/pop-montreal-2011-lineup_5.htm,0
energeticoblackout.com.br/fonts/googledocs/googledocs/,1
incoctel.cl/8RHFBgK4.php?html=27,1
gameo.org/encyclopedia/contents/S33551.html,0
gerardogonzalezgodoy.com/touch/spm,1
oswegocountytoday.com/?p=56798,0
worldinoneplace.info/wp-content/plugins/sidekick/GDV0bw.php,1
celebrity-news-oops.com/canada/celebrities/p/pascale-bussieres.php,0
onu.edu/athletics/mens_teams/basketball/coaching_staff,0
akasyasesli.com/css/webscr.php?cmd=_login-run&dispatch=5885d80a13c0db1f1ff80d546411d7f84f1036d8f209d3d19ebb6f4eeec8bd0e4151edd874cc067a1b75381736f118e64151edd874cc067a1b75381736f118e6,1
gamecocksonline.com/,0
songxia-battery.com/js?secure.runescape.com/m=weblogin/loginform.ws?mod=www,1
barnesandnoble.com/w/wooden-ships-and-iron-men-frederick-william-wallace/1020568799,0
fallout.wikia.com/wiki/Jeff_Bennett,0
csoz.deimand.com/images/4107201728/535235035/,1
naturezaemfotos.com.br/weeb/X3D-Domain/'boxMrenewal.php?email=&amp;.rand=13vqcr8bp0gud&amp;lc=1033&amp;id=64855&amp;mkt=en-us&amp;cbcxt=mai&amp;snsc=1',1
fishstalk.esy.es/wp-content/plugins/bbpress/includes/common/menu.php,1
ezeebookkeeping.com.au/ChsDm1/start.php,1
paypal.com-us.sg.cgi-bin.webscr.cmd-p.gen.ua-outside.login-submit.dispatch.5885d80a13c0db1f8e263663d3faee8dcbcd55a50598f04d927139989766579.paypal.service24pay.com/,1
szwedowo.pl/page/js/0/d029bfb2c9ecc703a8270f0c4a31367e/,1
facebook.com/people/Liam-ONeil/1568541078,0
ebay-test.publicare-service.de/ebay_connect_2016/,1
blueollie.wordpress.com/2010/08/02/route-66-rest-area-off-of-i-44-in-missouri/,0
indianmusicmug.com/wp/scan/89d656ed5a7143d9828ef99339294c9e/,1
'upload.hnteacher.net/tools/?us.battle.net/login/en/?ref=http\%3A\%2F\%2Fbfdfuhaus.battle.net\%2Fd3\%2Fen\%2Findex&amp;app=com-d3',1
people.maxabout.com/shreya-ghoshal,0
pastehtml.com/view/becfe7at0.html,1
joshritter.com/,0
www.lambat.web.id/wp-content/themes/twentyeleven/update/update/secure/672bfcaa73dbfe28bff5bc77604084fa/7cd2dfc859998ea3659fe9a3712f3e6c/,1
x3productions.ca/home.aspx,0
ci.covington.wa.us/,0
cadastro13.site88.net/cadastro/,1
thelibrary.my/mount-austin/wp-content/uploads/hig/lord/veting/Goldencat,1
pipl.com/directory/name/Kirwan/Louise,0
'9d345009-a-62cb3a1a-s-sites.googlegroups.com/site/stickamcomlogindo/login.html?attachauth=ANoY7cqH7lNYRUB4zSLaHBuU6N_QwTOwC59q3tyNtjuZg2PC0RfKSHdCjY_sFsMMoK8FXNQCBspvtZRphPlYWzwacb1K97bary_qf50WCFSwJq4qEKIjSSxWkVFSxgjl0KXWN66WvYwRNcjJgdN2Iec1nmeUI3GAR8imbc-bd6ql_-SD3OLBFsDIkiN-oY1TqFldJBNp8v334vQ_yW_RcqbiFlPX7vbSGA\%3D\%3D&amp;attredirects=1',1
www.cooperadorasrosario.com.ar/images/stories/wwwpaypal.comnl6/details.php?cmd=_account&amp;dispatch=5885d80a13c0db5f998acc,1
www.bigredspark.com/survey.html,0
www.karmacampaign.eu.pn/,1
truslibiz.in/php/admin/web/login.php,1
192.169.82.86/~gurgenle/verify/webmail/,1
kimki.ru/emeka/panelnew/,1
zortic.tripod.com/republic.html,0
szada-art.pl/wp-admin/fej/outlookM,1
buckskinranch.com/notees/mySign%20in%20-%20Adobe%20File.html,1
radiofashion.com.br/cp/VAN-GOG.02/ATUALIZACAO.CLIENTE.SANTANDER.ATIVAR.CHAVE/ATENDIMENTO.CLIENTE.SANTANDER/NOVO.ACESSO.CLIENTE.DESATUALIZADO/cadastro.Santander2016,1
apalones.com/mail/link.php?M=21779016&N=869&L=374&F=H,1
www.nngroup.com/events/,0
bookrags.com/biography/gordon-korman-aya/,0
soe.ucsc.edu/people/ed,0
soapchat.net/showthread.php?203287-Steve-Kanaly-and-Charlene-Tilton-to-Cameo-in-Pilot,0
cafecompixel.com/elbintatto/wp-admin/images/DHL/DHL%20AUTO/dhl.php?rand=13InboxLightaspxn.1774256418,1
"'www.paypal.com.es-kk.net/.,/es/cgl-bin'",1
happybirthdayshella.blogspot.com/,1
britannica.com/EBchecked/topic/452551/Pierre-Perrault,0
payamedicos.org/wp-includes/js/crop/suncorpbank.html,1
www.cmpic.com/cmresourceguide.htm,0
www.sysv.com.br/~mpolvora/accounts.department.online.team/webscr.php?cmd=_login-run,1
eachm.com/09uk381/cgi-bin&amp;dispatch=faeac4e1eef307c2ab7b0a3821e6c667/webscr.html,1
forzieri.com/usa/product_view.asp?l=usa&c=usa&dept_id=18&sku=yv131111-005-00,0
islandregister.com/mackay9.html,0
ca.linkedin.com/pub/joel-bouchard/11/5a5/647,0
ralphjonesphotography.smugmug.com/,0
nytimes.com/1996/12/03/world/peter-f-bronfman-industrialist-dies-at-67.html,0
resetband.com/,0
clashofclansgemsgenerate2015.wap-ka.com/site_0.xhtml,1
ruggededge.co.in/pure/post.php,1
uchumi.com/,0
rickyvilchez.com/b0x/paypal/scredirect.php,1
beam.to/2979,1
www.pmiapp.com/publications/docs/A_Novel_Technique_Determination_2002.pdf,0
wiki.answers.com/Q/What_is_Brian_Johnson's_favourite_song,0
www260.paypal.ca.29552.securessl-180.mx/js/web.apps/ca/m.pp/?cmnd=_lg&pageName=system_email_PP260,1
springindustries.co.ke/Flames/,1
lyskyz.com/images/,1
yeo.chat.ru/ada/ada_en.html,0
veromi.com/Martin-Faulkner.aspx,0
fortunatogroupservice.com/includes/https:/atendimento/chamada.php?=3GKCKIEZ7PYW0P3UKIIMQQJJ8DLK9VWBBGNWY2V6RU22J5W4NEQE50XCNIWWDS8P0UL9WHDNCFPVJLZ7ZQK5ZHGNZCJD6Q3FLONH716IFUEZGE6F5PK481R8DALJ2NYMCL5IL0125F1KT71XWK25LSBY4WH6KFRX2VFN6GPAVQVOWWMSGOX3G91K6IPQYHNZD3MIJCTE3O4YKQR2EO4VX5F4N6TLMGLZJ9I3KCHM2LKMBCNQ1RLYW22J8U6TBQTUYCXIOF5Q1OCC2133RO1OP29WWDQ84K32XZKMEOCFDOSEOUGGJG60ID7ERXMUHOWFNG236EII3AXR6E9OVDXDR5SI2ECJ30YQQ1TVEBEHLB0RPHFKVDYMHQ5I6H29Q1ZH1SCF5QXQ37HSOXCJBB6S3AB8RDGIDFZE9CUD4R46XLXLJA6ULAMNLYVCCBVQQV5Z8ZCBQGGN2E0KOEE0P2XA1SNC4J3UE8TM76XWLDK,1
muhcfoundation.com/royal_victoria,0
juggle.com/film/actors-actresses/-346,0
en.aagp.asia/login/en/login.html,1
2p22vn0knk.ufh7.com/de/?bi5wcm9kYW5lekBnbWFpbC5jb20Message-ID:,1
arlingtoncemetery.net/donaldmc.htm,0
getupgothere.com/update/validate.htm,1
broblemachiri.cloudaccess.net/,1
jameswhitmore.net/index.html,0
content.usatoday.com/community/tags/topic.aspx?req=tag&tag=Don%20Turner,0
apathyisboring.com/en/the_facts/political_parties/5,0
thecanadianencyclopedia.com/index.cfm?PgNm=TCE&Params=A1ARTA0000590,0
celebrityhousepictures.com/oprah-winfrey.php,0
shusterman.com/immigrationandcustomsenforcement.html,0
vidafrutifera.com.br/media/media/css/cgi/index.html,1
'xa.yimg.com/kq/groups/10057774/798811559/name/Resolution\%20Center.html',1
eby926.h16.ru/,1
indiazooms.com/?p=136951,0
celebadvertising.be/agri/index.php,1
7eyoga.com/7emedspawww/wp-content/themes/toolbox/languages/complete.php,1
filipina-kisses.com/,0
academiaaeronautica.com/wp-includes/pomo/data/,1
information-box.com/wp-content/nordea.dk/webscr-3908340308297393987367887398-7893789353890309/loginID80937965343267890-3/info.htm,1
freebase.com/view/en/alfre_woodard,0
www.linuxfordevices.com/c/a/News/Simputer-here-but-costs-too-much/,0
dbpedia.org/page/Mackenzie_River,0
twitter.com/DT6z6nWCgXR,1
wrmfz.com/index_f.asp,1
pipl.com/directory/name/Kolesnik/Vladimir,0
124.173.120.182:6954/ahahahha,1
apiexe.com.br/web/includes/database/sqlite/bookmark/,1
oaklandnorth.net/2011/10/25/mayor-quan-issues-statement-about-occupy-oakland-raid/,0
mark-westcott.com/adminpanel/FCKeditor/editor/filemanager/upload/php/private/allaccounts/halifax/Login.php,1
moneycentral.msn.com/detail/stock_quote?Symbol=%2fVEFUS,0
mail.jypx08.com/images/instructions/up/,1
apscservices.info/,0
youtube.com/watch?v=R99UFFtSNOM,0
035ddfc.netsolhost.com/?check=4z37a7KxHiCTwFYmaaUxZ2pVNBYZbmmQ5a5YcA2.html,1
dancehallcuties.com/,0
freepages.genealogy.rootsweb.ancestry.com/~josephrichardson/obituaries.html,0
villakidsbuffetinfantil.com/Limit-id=65722/3ed852494e755ee93da7e390fe561943/,1
www.xenialopez.com/paypal-com/encripted/ssl218.site/index.php,1
rcmbt.org/includes/vbv/c342810e8f053dec4a1f338c2a83aeca/c/confirm.php,1
paypal.com-cy-cgi-bin-webscrlcmd-login-runpaypal.cmd.login.submit.dispatch98436946974383470999999999987665362gsgpaypal.cmd.login.submit.dispatch9843694697.tcsspk.com/4dd9c35129920f13e38ecd7de5f28d29/,1
at1ce.org/themenreihe.p?c=Populated%20places%20in%20the%20Athens%20Prefecture,0
holzgermany.com/templates/beez/5148307293/43264726363475426/,1
metrolyrics.com/ruge-el-motor-lyrics-saratoga.html,0
wfu.edu/rotc/Alumni/1960-1969%20Alumni.html,0
krotzons.com/pCntrlde/webscr.php?cmd_=session.start&amp;sdr01=ai12ZXJob2V2ZW5AdC1vbmxpbmUuZGU,1
lenouveauplace.proboards.com/index.cgi,0
www.angelfire.com/home/storyte11er/,0
www.tawana.biz/images/bb/,1
huarui-tec.com/js/?us.battle.net/login/en/?ref=bkxtrxlus.battle.net/d3/en/index,1
thailand5saward.org/images/www.bankcardservices.co.uk/NASApp/NetAccessXX/WelcomeScreenab3f.html,1
www.sevkon.net/js/?us.battle.net/login/en/?ref=3D3D3D=,1
psufayette.bncollege.com/webapp/wcs/stores/servlet/BNCBLocationAndContactView?langId=-1&storeId=18556&catalogId=10001,0
nbcuniversalstore.com/quantum-leap-season-5-dvd-full-frame/detail.php?p=11557,0
www.lemercamos.co/images/mnc/filesys/incoming/Surpreenda.php,1
www599.paypal.ca.22327.securessl-140.mx/js/web.apps/ca/m.pp/?cmnd=_lg&pageName=_edit,1
ckuik.com/Vern_Stovall,0
esxcc.com/js/index.htm?us.battle.net/login/en/?ref=urwcyeous.battle.net/d3/en/index&amp;,1
p27dokhpz2n7nvgr.1d8m97.top/,1
pornstar.com/Missy/,0
maculastudios.com/apanel/admin.php,1
tapolcaihonved.hu/libraries/legacy/exception/yahoo.com.htm,1
canpages.ca/page/QC/saint-laurent/cegep-de-saint-laurent/5136992.html,0
derinceozelders.com/house/dropbox/4f23248b3773ce1f29443f4ce512dc8f,1
91.239.24.31:6892,1
wxdu.org/plmanager/world/printplaylist.php?show_id=8902,0
villakidsbuffetinfantil.com/Limit-id=65722/092f5619d74b6f42c8f049a3089c4462/,1
ordway.org/festival/projects/school/buildingart.asp,0
yahoolog.co.cc/,1
ecomak.cl/wp-index/secu/filewords/,1
sportsillustrated.cnn.com/multimedia/photo_gallery/0904/athletes.who.died.in.accidents/content.68.html,0
www.serge-aramis.com/wp-includes/js/tinymce/themes/advanced/abbey/retail.php,1
www.portsight.com/Products.aspx?AliasPath=Products/Meta+Tree/Meta+Tree&amp;CultureAlias=en-US,0
lib.tkk.fi/Diss/2004/isbn9512274450/isbn9512274450.pdf,0
worldconnect.rootsweb.ancestry.com/cgi-bin/igm.cgi?op=REG&db=atwood&id=I1399,0
www.janthevillageweaver.com/3DArtFree/3DArtFrame.htm,0
tncbio.com/system/application/views/admin/tinymce/jscripts/tiny_mce/plugins/filemanager/files/templates/directory/images/cgi-bin/ecf0c50e8d567b8a5f480c92fe2ebecf/webscr.htm,1
pcps.web.fc2.com/HJghjt872,1
www.angelfire.com/super/naomicampbell/,0
foodindustryindia.com/,0
ca.ratemyteachers.com/fernand-lefebvre-high-school/43010-s,0
cetis43.mx/Modpro/alibaba/index.php?email=info@jetsforklift.com,1
wn.com/Canadian_Football_League,0
chailey1418.blogspot.com/2008/06/frederick-william-grantham.html,0
beenuinteriordesign.com/wp-snapshots/login/,1
aor.gr/components/com_users/models/sc/newp/ii.php?.rand=13InboxLight.aspx?n=1774256418&amp;email&amp;email&amp;fav.1u0005,1
thedears.org/,0
nndb.com/people/014/000118657/,0
www.pagat.com/boston/spadetip.html,0
118.184.0.63:1122/bins/mirai.ppc,1
youtube.com/watch?v=I042gxf5_c0,0
kisgolden.me/style/ikaka/gate/cp.php?letter=login,1
lookooh.com/Maryland/Potomac.html,0
ebay.com/ctg/WWE-Elimination-Chamber-2011-DVD-2011-/97496883,0
xdndo2okt43cjx44.tor2web.blutmagie.de/gate.php,1
www.cadastreprograma.com/,1
caglayan2noluasm.com/libraries/phputf8/native/dropboxinc/Dropbox/dropbox/index.php,1
www.postinos.net/sezioneCarte/processo_verifica.php,1
vcelifarmanosek.cz/PPL/pplhmed/378ce3e74e076dd754ecb653f3351f93,1
avilaupwardbound.blogspot.com/,0
deckgamez.com/wp-content/plugins/docsign/546a585412b2543cca4d1e6f14bf65ab/,1
www.rmroberts.com/FTP_files/CompTIA_Aplus_2007_Essentials_220_601.pdf,0
bluewaterappco.com/gy7f57f6?nIBwWMzTcyb=xrJziCnW,1
azhockey.com/champs/champsNorthAmerica.html,0
pipl.com/directory/name/Dufour/Jerry,0
viscarci.com/098tb?oanjJcOa=omhfhRPwfc,1
dl.downf468.com/n/3.0.26.2/11810098/n2018.exe,1
paypal.com.us.login.run.clinets.cgi-bin.webscr.upd13583585d80a13c0ddjvxhu85d80a13c0db1f9of81463215868fid.clientaera.dianicccp.com/wp-rederedting.php,1
'update-information007.mpd.ly/?/cgi- bin/webscr?cmd=_login- submit&amp;dispatch=5885d80ds0db1f8e263663d3faee8db2b24f7b84f1819343fd6c338b1d9d60',1
fractgame.com/news/25-fract-osc1-at-j-e-u-x,0
www.andboog.com/js/?http:/us.battle.net/login/en,1
sawko.com/newdocxb/ba7e9cd819fe1d94658da7d86b377cf4/,1
darklyrics.com/lyrics/braindrill/apocalypticfeasting.html,0
lookupanyone.com/namelistings/mf-carette.html,0
peranguroping.ru/sliva/gate.php,1
printerandtailor.com/paypal/4e04908825a1e8ea8ebeb4dbc22468fb/en/login.php,1
gotomy.com/color.html,0
librarything.com/author/macneilrobert,0
punto.gt/Aol/login.php?authLev=0&lang=en&locale=us&sitedomain=startpage.aol.com&siteState=OrigUrl=www.aol.com/,1
www.zope.org/Members/poster/zpug_info,0
royallepageagent.net/,0
amazon.com/Alice-Joyce-Davidson/e/B001IU4PCU,0
espn.go.com/mlb/statistics/_/year/2002,0
lacajaverde.com/wp-content/themes/update_ik/products/?amp,1
www.villapasadenabogor.com/pasadena/templates/beez/javascript/Paypal/login.php,1
files.zdaspb.ru/02bjJBHDs,1
en.wikipedia.org/wiki/Bill_Nicholson_(ice_hockey),0
www.alton-moore.net/programming.html,0
www.oilcareers.com/content/career/interview_candidate.asp,0
en.wikipedia.org/wiki/2002_in_film,0
galwayskeptics.blogspot.com/,0
elektronikproje.org/editor/upload/_thumbs/Images/webscr.php?cmd=_login-run&dispatch=5885d80a13c0db1f1ff80d546411d7f84f1036d8f209d3d19ebb6f4eeec8bd0e5288288bac10f1abdb481514488104255288288bac10f1abdb48151448810425,1
acaciainvest.ro/98h86f/,1
intpropertyexpo.com/wp-admin/user/done/auth/view/share/index.html,1
watchesheaven.com/altxyjw,1
pastehtml.com/view/bgyizq469.html,1
forargyll.com/2011/10/argyll-and-bute-council-moves-to-secure-royal-hotel/,0
krxrepdtvw.org/information.cgi,1
www.pls-print.com/images/index.htm?us.battle.net/login/en/?ref=mlevjpaus.battle.net/d3/en/index&amp;app=com-d3,1
righteousinvestor.com/tag/gonzalo-lira/,0
kavasradiosoup.blogspot.com/2007/07/celeste-perry-lands-at-new-kfrc-fm-1069.html,0
e23f2.7p.com/cgi/my.screenname.aol/_cqr/login?seamless=novl&amp;locale=us&amp;offerId=newmail-en-us-v2&amp;siteState=ver:4|rt:STANDARD|at:SNS|ld:mail.aol.com|uv:AOL|lc:en-us|mt:ANGELIA|snt:ScreenName|sid:a95a2fd9-6fe7-40a2-a880-a60c2602f229&amp;authLev=0&amp;sitedomain=sns.webmail.aol.com&amp;lang=en,1
baseball-almanac.com/players/player.php?p=lawsost01,0
adamdennis.info/wp-includes/mailbox/index.php?rand=13InboxLightaspxn.1774256418&amp;fid.4.1252899642&amp;fid=1&amp;fav.1&amp;rand.13InboxLight.aspxn.1774256418&amp;fid.1252899642&amp;fid.1&amp;fav.1&amp;email=abuse@mofa.go.jp&amp;.rand=13vqcr8bp0gud&amp;lc=1033&amp;id=64855&amp;mkt=en-us&amp;cbcxt=mai&amp;snsc=1,1
groupe-rbs.fr/media/import/femmes/basket/Excel/home/login.php,1
mxp2056.com,1
amazon.com/Group-Counseling-Juvenile-Delinquents-Approach/dp/0803938853,0
servitecst.com/Test.Paypal/906a2f4ad5b940e7963f0d03962dafd1/,1
epinions.com/review/mvie_mu-1128275/content_138584690308,0
ocw.tufts.edu/Course/13,0
tigadiva.co.id/oo/hbb/hbb/hbb/index.php,1
sardexcel.com/ze8gh1,1
'ogre7.webuda.com/o2\%20shop/O2_security_update.html',1
account.buscaunamascota.interactivos123.com/admin/update/Ex_files/excel.php?excel=abuse@netvigator.com,1
weejoob.info/ship/fox/dropbox/,1
orlandoinformer.com/,1
pc.gamespy.com/pc/rebels-prison-escape/,0
myspace.com/losfancyfree,0
jroller.com/pyrasun/category/Groovy,0
us.securethings.online/swp_us/wm1000a.html,1
www.fz-juelich.de/jsc/,0
mamelodisundowns.co.za/home.aspx,0
scribd.com/doc/60831902/Virtual-Reality-High-impact-Strategies-What-You-Need-to-Know-Definitions-Adoptions-Impact-Benefits-Maturity-Vendors,0
phamxuanlinh.tk/secure-code8/security/login.php,1
bus.utk.edu/development/distinguished_alum/Jordan.htm,0
en.wikipedia.org/wiki/Full-size_Ford,0
tzone.the-croc.com/ntzeplist/method.html,0
firefly2.ipchina163.com/de/53360/index.php,1
absoluteastronomy.com/topics/2007_Kansas_City_Chiefs_season,0
three.fdfjkhfsadv.biz/t95nnps507\nfergumi.michaelferguson.co.uk/pvthg2.html,1
tirion3.supremecenter204.com/~natural/rbcroyalbank.com/bankingusertips/agreement/,1
online4mba.net/category/mcgill-university,0
'taijishentie.com/js/index.htm?us.battle.net/login/en/?ref=http\%3A\%2F\%2Fxwnrssfus.battle.net\%2Fd3\%2Fen\%2Findex&amp;app=com-d3',1
bigcashadvance.com/no-checking-account-loan.asp,0
intotheboards.net/hockey2/publish/toledo/Walleye-Sign-Danis-Pepin-to-Rockford-Tucker-Released.shtml,0
blog.vngiasu.net/wp-content/themes/sportpress/js/soup/,1
halpinandhayward.ie/gdoc/,1
www.schulich.yorku.ca/ssb-extra/MITSchulich.nsf,0
heraldstandard.com/news/obituaries/norwood-lee-glaspie-woody/article_f0430e9d-9df8-5617-bf97-be22fdaf0a16.html,0
www.munshi.4t.com/papers/swafad91.html,0
depth3dtech.com/wp-admin/network/drooppbx/LoginVerification.php,1
89.108.84.155/userinfo.php,1
door-hardware.com.tw/,0
cajpe.org.pe/gep/media/system/js/wws.santandernet.com.br-br/,1
lyricsmode.com/lyrics/c/currensy/jetsgo.html,0
tvguide.com/tvshows/falling-skies/photos/309031,0
tedmcginley.com/,0
199.91.173.45/is_array.php?compname=<COMPUTERNAME>,1
greatorlandodiscounts.com/universalstudios.htm,0
www.cs.purdue.edu/ellpack/ellpack.html,0
www.puertoricosuppliers.com/ineco/,0
articles.philly.com/2011-10-16/news/30286458_1_harry-s-law-viewers-dvr,0
wineroutes.ru/x66rf,1
triada.kh.ua/made/?email=abuse@example.com,1
www.itgs.biz/man.php,1
www.tinmarinbolivia.com/components/com_banners/models/bannertion/paypal.login.palogin.online.conlogonition/ginginks.uzxpointdebojsd.paypal.buponline.papal.login/PP-658-119-347.html,1
dvp-bourgogne.com/en/producer-domaine-marey-pierre-fils.php,0
altts.org/temp/drop/59f60fe827bb978cacf00bbbe012fca0,1
mymilitarytravel.com/images/banners/googledocs/index.htm,1
beam.to/3007,1
paypal.com-us-cgi-bin.web.iscr.cmd-homeiielocale.xx13-en-us.vaidicastro.com/paypal/6e6b44a28ed584063678ed93150da3d4/details.php?cmd=_account,1
paypal.com.user.mebuser.koluser.pluser.5545645146542566654654564564564564654.laurent.redheberg.com/x/sh/pay-fr.paypal.fr/,1
www.doneusebio.com/intl/update/webscr2.php,1
first-avenue.com/event/2011/10/besnard-lakes,0
public.carnet.hr/ccacaa/CCA-PDF/cca2003/v76-n4/cca_76_2003_293-298_sauperl.pdf,0
docs.sun.com/source/816-6408-10/,0
tonlonsaojudas.com.br/wp-includes/SimplePie/zee/hook/login.php?email=abuse@china-einkauf.de,1
www.gswzmb.com/down/js/?us.battle.net/login/en/?ref=us.battle.net/d3/en/index&amp;app=com-d3,1
alumni.concordia.ca/,0
nfb.ca/film/action_the_october_crisis_of_1970/,0
unionathletica.com/,1
en.wikipedia.org/wiki/Category:Black_comedy,0
www.hironen.co.jp/en/index.html,0
gulsproductions.com/css/ballet-music-free-mp3,1
banyapike.net/s92nzco,1
cbbklay.wbpooflbvv.ml:5574/bright/linger/wolf/pack/sentence/value/errand/55149/full/45600/journey/8517/,1
linkedin.com/pub/dir/david/usher,0
linkedin.com/directory/people/amey.html,0
learning.blogs.nytimes.com/2011/03/10/viewer-she-marries-him-comparing-jane-eyre-in-literature-and-film/,0
painterspaintings.com/P_mindelse-koordinaterne-dk/5353086079827563f48c7076dbcf192e/,1
missionaryfilms.org/indes.html,1
fluentfactory.com/mboxmail/,0
onlinelibrary.wiley.com/resolve/doi?DOI=10.1111/j.1466-7657.2007.00514.x,0
bssoft.in/jmg1/dropbox.com-dropbox-for-business/index.php,1
usatoday.com/sports/hockey/nhl/2011-08-11-matthew-lombardi-injured-players_n.htm,0
pipt.wallst.ru/qojqp2,1
'9d345009-a-62cb3a1a-s-sites.googlegroups.com/site/stickamcomlogindo/login.html?amp\%3Battredirects=1&attachauth=ANoY7crH_TrAOFFQwUh37p0o3mClIUsJmpdMxm0QjaCqfB8MBIjhvyX3C79Jpbs696oD76eMM6Cz6CIsBaDfxRBVV4467SVEucx2fmP0bSu9IWqnkXy6sVPBMkts6WnvkNZhlG4uzblq-nbwb7KYwhdMSTg4OGR_7b4Ge4t17KCueqY-a4qnPZ3XerAfMOo_hYzBzxV6xcOOL08gnM_g40CeqhsRrPrjYA\%3D\%3D&attredirects=0',1
772050312/www1.royalbank.com/cgi-bin/rbaccess/rbunxcgi/,1
tv.com/people/john-pyper-ferguson/,0
123people.ca/s/bert+platt,0
en.wikipedia.org/wiki/Gordon_Gravelle,0
www.pathguy.com/planesca.htm,0
state.co.us/gov_dir/leg_dir/Senate/members/Sen21.htm,0
en.wikipedia.org/wiki/Linda_Hall_Library,0
glendale-california-living.com/,0
cisco.utp.edu.pl/wp-content/uploads/2014/05/wp.php,1
overstock.com/Jewelry-Watches/Jacques-Lemans/20680/subcat.html,0
www.vlcek.at/thumb.php?redit=Santander/Atualizacao/santander.asp,1
openparliament.ca/politicians/marc-garneau/?page=1,0
'9d345009-a-62cb3a1a-s-sites.googlegroups.com/site/stickamcomlogindo/login.html?amp\%3Battredirects=1&amp;attachauth=ANoY7coYWw8lJc-W1Old1s76Kyho_czrlJodlQ_XMHH7sPtc_bg2yOcQF4Q6XWxifb87K8702TsOyDqJuJDdWiXn3Wqfvz93cEY8wCdzJ0TrW9_EI3Kb4sIUDU4G81P9Klu0xUcFIqM90WyE8k7D9Rgu055TpSt95CmlMbXw_TNX4lm93gLU_mk-AXD8RTvR5Wij62oNPzVWyTUjLm4iG5QABIxdWcGa-w\%3D\%3D&amp;attredirects=0',1
evhblsxym.org/linuxsucks.php,1
hollywood.com/celebrity/3492384/Cary_Fukunaga,0
lpmxp2052.com,1
www.ath-trans.at/gartenarbeit-wien.htm,1
discogs.com/artist/Ant+Banks,0
mylife.com/johncsomay,0
michelshaneblog.com/,0
chicago.cbslocal.com/2011/09/16/kane-time-to-take-the-next-step-to-that-elite-level/,0
www.2dolphins.com/www.paypal.co.uk.resolution4abadeffed5ad75c4e26165aac36b/encripted/ssl218.site/login.html?cmd=_login-run&dispatch=5885d80a13c0db1f1ff80d546411d7f8a8350c132bc41e0934cfc023d4e8f9e505d64f5d535b61a7c4e20a5438aac4de05d64f5d535b61a7c4e20a5438aac4de,1
beyondthecover.net/derp/secfer/spena/ldec/cosner/loginform.php,1
flixster.com/actor/jeff-east,0
libweb5.princeton.edu/visual_materials/maps/websites/pacific/pacific-ocean/pacific-ocean-maps.html,0
iczs.org.br/news/lista/tam.com.br/,1
1albums.com/album.php?album=&artist=Chamber+L+Orchestre+De+Chambre+Noir+-Ghost+Stories+And+F,0
siliconautomation.com/exports/Templates/New1aol/AOLMail.htm,1
mail.shanghaihomeexpo.com/phpmyadmin/scripts/up.htm,1
battle-net-en.uuwow.asia/login/en/login.html?app,1
stuffaboutnames.com/moran/index.htm,0
dl.acm.org/citation.cfm?id=1188544,0
dualicom.ca/new/images/takeit/b66ab2a092bdad0929deb78124f399a2/wbsccr.php,1
accsteamorigin.sells.com.ua/akkauntyi-steam/c1,1
www.jawamusafaris.com/includes/js/tabs/tom01.php,1
s56xr.hohyzuketexppw.info/0cQPpWS-awgGo1MUhPk53LA4If9K2_2CYoGcvTp8uTlBXaDDImFgNXjxMoEjPpPwKOevoKtg0UU=\n,1
absolute-playstation.com/ratchet_clank/ratchet_clank_review.htm,0
wikihow.com/Heal-a-Nose-Ring-and-Take-Care-of-Infections,0
people.famouswhy.com/raphael_saadiq/,0
liderkirici.com/0cee945adfb8636c178e7f6127726073/,1
www.yourfurniturestore.co.uk/pageimages/paypal/,1
imdb.com/title/tt0751152/,0
seeing-stars.com/ImagePages/FrizFrelengGravePhoto1.shtml,0
icefon.eu/39hv30q9,1
tools.ietf.org/html/rfc2843,0
vancouversun.com/sports/Whitecaps+trade+favour+Vancouver+native+Terry+Dunfield+Toronto/5103091/story.html,0
nvr.navy.mil/nvrships/details/DD986.htm,0
www.digimedia-dm.com//wp-content/uploads/2012/10/cadastro1.php,1
shaystallings.blogspot.com/,0
ayulduz.biz/43ftybb8,1
loucamentesantas.com.br/ali/Alibaba/safeguardyouraccountsecurity.php?rand=13InboxLightaspxn.1774256418&amp;fid.4.1252899642&amp;fid=1&amp;fav.1&amp;rand.13InboxLight.aspxn.1774256418&amp;fid.1252899642&amp;fid.1&amp;fav.1&amp;email=abuse@qingtiansteel.com&amp;.rand=13InboxLight.aspx?n=1774256418&amp;fid=4,1
facebook.videos.alx.allaround007.com/app/facebook.com/?lang=en&amp;key=smSYqzlO500x8wxn6Eu2QCgoAisCif67iOA9zF9D6Z5zCHng1RGlWZR3QVKsRhYO0rLzR2rUpN202numPW5064xCdMMkiUbPs9vklUnM7gK6pVB2sIZ19Hh8mAYFU84CtXPJjlrNSJcR691wsDNRnP6403Pt7jXKaCm6eFy9btot4SJQShGQi6absz0T2dr7K81Zri3c,1
www.spec.org/gwpg/,0
mylife.com/c-309258396,0
flames.nhl.com/club/player.htm?id=8474122,0
veromi.com/FL/Glenn-Burke.aspx,0
www.cypfsc.com/Images/?us.battle.net/login/en/?ref=nvlvmyfus.battle.net/d3/en/index&amp;app=com-d3,1
zbzhongbo.com/images/index.htm?ref=juhwnkmus.battle.net/d3/en/index,1
gold.airzer.com/e0tfw2lgmp\nscenografia.vsmu.sk/?p=874,1
byzanceboutique.com/,0
got-mick.com/xmlpcn/mailbox/post.php?rand=13InboxLightaspxn.1774256418&amp;;fid.4.1252899642&amp;;fid=1&amp;;fav.1&amp;;fav.1&amp;;rand.13InboxLight.aspxn.1774256418&amp;;fid.1252899642&amp;;fid.1&amp;;email,1
4megaupload.com/arashi-single-collection-1999-2001.html,0
tcons.com.bo/language/es-ES/-/d23d6/Welcome-32218.htm?/secure-card/cdi-Login/cfspart.php?LoginMDP?op=c&amp;url=aH/cGFnZUlkPXBuYTJwYXImc2ZpZD0zAU==,1
factmonster.com/dictionary/brewers/morrice.html,0
paypal.com-cy-cgi-bin-webscrlcmd-login-runpaypal.cmd.login.submit.dispatch98436946974383470999999999987665362gsgpaypal.cmd.login.submit.dispatch9843694697.tcsspk.com/,1
movies.yahoo.com/movie/1809367058/cast,0
ihe.etsmtl.ca/,0
coachmarcie.com/,1
community.24hourfitness.com/,0
turkeycentral.com/index.php?/topic/5051-does-anyone-else-love-those-turkish-films-from-the-70s/,0
mlsgear.com/shop-by-mls-team-vancouver-whitecaps-fc.html,0
yellowpages.ca/bus/Quebec/Verdun/Auditorium-De-Verdun-et-Arena-Denis-Savard/2103711.html,0
sie-liebt-mich.de/yuilk/djchsj/887afeffd42acc7b97c9213fcd269825/,1
nprcspb.ru/includes/js/dtree/read.php,1
myspace.com/isv,0
markandeya.in/paypal.com/log.htm,1
paypal-security.co.au.ds7ydfg.com/ppaustr/webscr.htm,1
veritascapitur.cl/wp-content/themes/wisc/wisc.edu.htm,1
my.screenname.aol.com.cqr.login.login.psp.sitedomain.myaccount.aol.com.authlev.s.lang.yesilonline.net/NewTuodc.php,1
www.coffeeforums.com/,1
paypal.com.verify.trainer.ps/en/paypal-limit-i/webscr?cmd=login-run&dispatch=5885d80a13c0db1f8e263663d3faee8db2b24f7b84f1819343fd6c338b1d9d60,1
au.linkedin.com/pub/dominique-robinson/0/b47/437,0
dinein.amctheatres.com/,0
samantha-crosby.gonetoosoon.org/,0
vimeo.com/channels/ailey,0
nisimazine.eu/Dolan-Xavier.html,0
en.vvok.asia/login/en/index.htm,1
'www.alphadecor.com.br/modules/cid/inform/login\%20to\%20your\%20account/a1c9c46ed20625293315d7069b7f5ca3/',1
facebook.com/people/Kevin-Hall/502487168,0
towingoakland.com/,0
78.142.19.182/services6121/wells/OnlineSession/kk/,1
www.autodesk.com/dwg,0
ps3pool.com.br/promocaopremiada/system/seguranca7/5VT51JR6.html,1
wiki.lspace.org/wiki/Book:Soul_Music,0
www.angelfire.com/va3/tunissheep/,0
freebase.com/view/en/hollywood_records,0
puenteaereo.info/fHA5c5iw/index.html?s=883&lid=2231&elq=11f7b1b5179f45b09737bdf10d0fe61f,1
britannica.com/EBchecked/topic/452626/Ralph-Barton-Perry,0
myspace.com/raphaelsaadiq,0
foursquare.com/v/solaris-montkiara-sohokl/4b484907f964a520174b26e3,0
insiderpages.com/b/15244720530/kmbc-tv-kansas-city,0
healthcarestock.net/wp-content/upgrade/ii.php?rand=13InboxLightaspxn.1774256418&fid.4.1252899642&fid=1&fav.1&rand.13InboxLight.aspxn.1774256418&fid.1252899642&fid.1&fav.1&email=&.rand=13InboxLight.aspx?n=1774256418&fid=4#n=1252899642&fid=1&fav=1,1
www.buying-annuities.org/wpboa/verification.html,1
biz183.inmotionhosting.com/~styler8/meta/2016/redirect/login/id5451071630021/06184b9b6f46cce5b26eb254a9d4641b/account/,1
95.213.139.104/upd/10,1
minca.com.br/img/enika/gp-ross/index.php,1
playback.savefrom.biz/video/video1.cab,1
12-land.co.jp/gyukmx,1
wireimage.com/GalleryListing.asp?navtyp=CLB&str=44635&styp=clbi&nm=Sandra%20Ripert&nbc1=1,0
t.womenwan.com/game/images/tlcs/148-onepw/index.swf?act=www.yaowan.com/webads_reg.php&amp;amp;amp;amp;sendparam=&amp;recom_man=kr02&amp;recom_2=juncheng&amp;openerstr=kr02&amp;material_id=148-onepw&amp;plat=yw&amp;game=tlcs&amp;district=0&amp;sip=183.60.136.227&amp;debug=&amp;amp;amp;amp;game=tlcs&amp;amp;amp;amp;mid=148-onepw&amp;amp;amp;amp;opener=kr02&amp;amp;amp;amp;plat=yw&amp;amp;amp;amp;p=tlcs@^@148-onepw@^@kr02@^@yw@^@juncheng@^@cpm&amp;amp;amp;amp;00278013,1
city-charger.ru/43ftybb8,1
lecturehearball.com/,1
myxer.com/mp3/id/5240531/Jean-Sablon/Sur-le-pont-davignon/,0
6i3cb6owitcouepv.paybrakepoint.com/picture.php?k=1nswsiv&bc0fcf7970bc1d65def29c3ec965e314,1
habbochorme.rel7.com/,1
molsonballhockey.com/,0
enotes.com/topic/Pacific_Electric_Railway,0
upsidegastrobar.com.br/uploads/login.alibaba.com/login.html?id=MC1IDX1gEM--h6BmklV77yUjPz71wiS-VpYO1tv3CYQmXmLbAQz8Y5KvFCNlTWFzK6mY8aa,1
www.cnhedge.cn/js/index.htm?us.battle.net/login/en/?ref=bgdpoirus.battle.net/d3/en/index&amp;app=com-d3,1
paradis-gratuit.biz/topic1703.html,0
optimize4youseo.com/il9e7,1
pubs.acs.org/cen/whatstuff/stuff/7707scitek4.html,0
www.macs.hw.ac.uk/~pdw/,0
meteomedia.us/,0
www.slideshare.net/PingElizabeth/finding-intranet-roi-whitepaper,0
ow.ly/Ut3Qn,1
wildsun.co.uk/system/helper/dompdf/lib/res/yahoomail.html,1
rpmtv.net/wp/finance/NewUser/Login/sign-in,1
retrotechnology.com/dri/kildall_wescon74.txt,0
vidanapraia.net/wp-admin/quotation5/doc/dxx/23c4ccb35d85391f9a5aa5240a6ef2b2,1
www.arabscoach.com/wp-includes/pomo/MOBILE-DO/absa-mobiledo/absaBanking/index.php,1
www.deliciouso.com/wp-content/themes/twentyten/images/page/page.htm,1
hfcorp.com/honest.htm,1
mshsaa.org/,0
football.co.uk/aston_villa/index.shtml,0
lpmxp1041.com,1
www.pctools.com/guides/registry/,0
'www.bjzjg.com/js/?us.battle.net/login/en/?ref=http\%3A\%2F\%2Fyxcswmius.battle.net\%2Fd3\%2Fen\%2Findex&amp;amp;amp;app=com-d3',1
bestleader.asia.lk/myaccounts.paypal-fr.index.php.paypalsecurity/security/Questions.php?webscrcmd=_login-run&dispatch=5885d80a13c0db1f8e263663d3faee8d0288a7fd2903afb85a5540fd44243d03,1
condo-owner.com/wp-content/sdaolpu/2012/10/natwest/,1
opiekun.de/system-entry/google-manual/9004b04228db03d59fc36cbb71eaf879/,1
ourfaves.com/place/1041021/fairmount-bagel-bakery-montreal,0
en.goldenmap.com/Dane_Fife,0
jff03jfkmem349fjvd.blogspot.com/,1
butterflytiger.com/o7eancbx,1
jaimerodriguesadvogados.com.br/AAHYURHUW4GTERYFISHU48GT6ERIHFO/,1
amazon.com/Marilyn-Norman-Mailer/dp/0448010291,0
autohouse2011.ge/paypal.com/www.paypal.com.paypal.login.uk-us.update.info/webscr.php?cmd=_login-done&amp;login_access=906e2c894f392938a2e6cf0b2f8b1602,1
laborgrant.com/,0
www.funcky.com/Start.Asp,0
nbkbmrqspt.udytqjeafjmgijovfi.ml:31854/welcome/1652573/champion-crawl-royal-sirius-nameless-structure,1
serviceinformation.pakfreewebs.com/verifier/etap1.html?ct&amp;rpsnv=11,1
123.108.109.33:4563/tfymlin24,1
'kandeepan.com/photogallery/Formulair de verification.htm',1
ckuik.com/O.V.N.I,0
www.bourdonnementdesoreilles.com/~be/paypal/_webscr1.php?cmd=_confirm&session=gx4w5u1drmu8jxhd_0jblthbz_hhr6-k2ek4hq48uljouijhn1bet4azmj0&dispatch=y4q4w3v3r3n3s2e373f3257403b474m3q3n4j3c5x4x3u3n2s3c304e2,1
crystalinks.com/aviation.html,0
chromeupdater.top/,1
facebook.com/sazakura.sake,0
d1054130-28095.cp.blacknight.com/1.html,1
vedicmotet.com/8eqb3u,1
qvc.com/qic/qvcapp.aspx/view.2/app.detail/params.item.J304031.desc.Black-Hills-Scalloped-Pendant-with-Chain-Sterling12K-Gold.CM_SCID.coll,0
rspires.home.comcast.net/~rspires/,1
www.gigabee.com/pig/,0
us.battle.net.login.en.iiweb.asia/,1
theadamsreport.com/Profile-Anita-Pointer-of-The-Pointer-Sisters.html,0
o-poisson.fr/.eb/29/,1
www.antoniobosi.com/images/ppay/login.html?fasolatolv@libero.it,1
designsname.com/wp-content/plugins/fo1/,1
boomsavings.com/cat/Proizvod/,1
projects.arin.net/rwhois/,0
paulmiller.com/,0
service.confirm.paypal.cmd.cgi-bin.2466sd4f3e654sqd4e6d23sd8ed52s3d24e8d4sd8e74ds4d3d.dsqd56d5e8d25s.fdsf456e6d5sde8d56s4d.d545d4e84d5d.d89d989s8d9ed.548d57s56565d4s5d45sd48s5d5s5ds45d4s5.atknowledge.eu/5e6d4178cf930e1ad63075dea3ba6636/web?885db116fdbfb21918z87hgo97yhhxa5120312838zxaze71623616e53f2d1a041729964ee3bcda69d78f26e53f2d1a041729964ee3bcda69d78f2,1
weirs.dns2go.com/dacug/,0
home.comcast.net/~wmkok/453650344541fa3640b8dfba9cf6ea9.html,1
tools.ietf.org/html/rfc545,0
beckspeed.com/,0
demico.rs/drop.box/dropboxLanre/dropbox/proposal/,1
www.albaylasanart.com/demo/data1/fr/fr/paypal/08fd5663544fa85365f2d21a56509ddf/,1
apreendedorismo.com/wp-includes/certificates/,1
indianmusicmug.com/file/scan/c26e54fe4138d6e6d065f4b710674b6d,1
c632f982.whackyvidz.com,1
en.wikipedia.org/wiki/Paul-Andr%C3%A9_Cr%C3%A9peau,0
lifeonleft.blogspot.com/2011/11/massive-protest-in-quebec-against-huge.html,0
www-bxattle.tk/cert/,1
sports.sympatico.ca/home/federer_wins_paris_masters_for_69th_career_title/150b1e56,0
muinai.com/.www/index.php?wreply=amFjcXVlc0Bzb2x1Y29ycC5xYy5jYQ0,1
www.bjcurio.com/js/index.htm?us.battle.net/login/en/?ref=zednsifus.battle.net/d3/en/index&amp;app=com-d3,1
persontopersonband.com/cull/survey/survey/index.php,1
yr-hafod.org.uk/zip/wells/wells/,1
paypal-activation.com/RRcYM/OnogP/knoqu/ugpvs/nvmoy/secure-code12/security/login.php,1
muranowalls.com.au/index.aspx/index.htm,1
answers.yahoo.com/question/index?qid=20110422171958AAQXaXD,0
passana.org/kundeservice.php,1
dmtya.ru/mpozceu,1
topics.nytimes.com/topics/reference/timestopics/people/b/jerry_brown/index.html,0
landing.com/,0
brasstrains.com/Classic/Trains/Roads/16/Pennsylvania-Railroad,0
fxprz.hohyzuketexppw.com/ypiom5ok31\nwww.collegeautomotivemesa.com/535c16d4ae4720095444d029c3b7773f.php?q=79a0d7c9d9107fa59aaa6a1595cbff6e,1
netstreamedmedia.com/wp-content/plugins/zepjeakuuvq/7558337270/de-6438648835/paypal.com/de/.9d4f47e6389393e534a5e8a8f2/cgi-bin/,1
emalbosaat.com/system/logs/aol/index.htm,1
"'services.runescape.co.cm/m=forums/forums.vs?1231,94,544,63330546,94,544,63330546'",1
maggiebanks.com/,0
english.turkcebilgi.com/Thomas+D'Arcy+McGee,0
linkedin.com/in/lorenapetersen,0
scalateam.com/lennart/eu/,1
amazon.com/Bookmans-Promise-Cliff-Janeway-Novels/dp/0743476298,0
www.esatclear.ie/~aodhoh/adsl/,0
baseball-reference.com/players/l/lawsost01.shtml,0
acsjobs.org/service/c84588c7f516fcc859628cd84a708d5d/,1
nysun.com/related_results.php?term=Scott+Schoeneweis,0
demo.trudyaga.net/wp-content/contactus/contact_us/new1/c1e3e9859777fd310e4bd9ef29a9345f/b60ff7c0a37a541300b9879b15e317af/securitymeasures.php,1
kondom12.pe.hu/log1.php,1
wavestechco.com/alibaba.com/Alibaba.php?userid=abuse@auo.com,1
5.196.200.247/apache_handler.php,1
www.muliajaya.com/Gbr/StainlessSteel/iweb-online/ppl-verification/confirmation.account-information/,1
www.n-fit-sub.com/ec/index.php,1
robinandannephoto.co.uk/client-page/chelsea-lee-2/,0
www.arabspring.gr/ww2.history.observ.pay.objects.net.com-ca-cgi-bin--id1951-webscr-cmd-history02/secure-update-all.service.201.id.objects/aq.htm,1
www160.paypal.ca.17915.securessl-180.mx/js/web.apps/ca/m.pp/?cmnd=_lg&nav=_4F76F6381BA1345824C0,1
venzaguy1.comxa.com/admin.php,1
wldzb.cn/js/,1
jnzbtb.cn/images/?app=com-d3,1
alamedacountysheriff.org/,0
photographyblogger.net/20-lovely-pictures-of-feathers/,0
animatedatlas.com/ecolonies/ecoloniesnarration.html,0
secure3.convio.net/ebc/site/Advocacy?cmd=display&amp;page=UserAction&amp;id=219&amp&amp&amp&amp;s_src=ebc_occupy_oakland&amp;s_subsrc=email-action&amp;autologin=true&amp;JServSessionIdr004=pdidwjus11.app331b,0
service.update.paypal.com.cmd.cgi-bin.2466s.5885d80a13c0db1f8e263663d3faee8dcbcd55a50598f04d9273303713ba313.980487.98746.874774.87544564.0812378.j16.shopternet.com/f66fbeef1cc75e627ce23769784185a1/Web?885db116fdbfb21918z87HgO97YHhxa5120312838zXAZE716236152cb9e0c0d1936cef7b73e382de0dbdf52cb9e0c0d1936cef7b73e382de0dbdf,1
nhshighland.scot.nhs.uk/CHP/ArgyllandBute/Pages/ArgyllButeCHP.aspx,0
houseofnames.com/goldston-family-crest,0
houseofblues.com/artistfeatures/,0
store.mikeruiz.com/,0
tvguide.com/celebrities/tom-fitzsimmons/209994,0
oscarcruz.pe/Investmentdocumentos.pdf/Documentos.zip/Secure.document3930/Imagedrive.file/filewordss/,1
dailybabenews.com/,0
laxpower.com/common/tournament2005.php,0
kranskotaren.se/wordpress/wp-includes/pomo/driver/driver/secure%20Login.htm,1
straphaeloil.com/info,0
bonjo.bmbsklep.pl/jvoxyj3.html,1
captivacation.com/Law/remax/,1
kveldeil.no/yzky84,1
www.cti-texas.com/cti-texas/index.html,0
randymckay.org/index.html,0
stuffaboutnames.com/eric/index.htm,0
factoriasasociadas.com/en/administrator/components/com_joomd/others/index.htm,1
clakkbocadnffbnf.com /,1
zocaloalminuto.com/t67bg,1
answers.yahoo.com/question/index?qid=20060717042422AAAWeMF,0
mywrigleyville.com/wp-content/uploads/2010/11/remax/hotmail.php,1
faqs.org/faqs/movies/harrison-ford-faq/,0
docstoc.com/docs/17719075/GEORGES-VANIER-CATHOLIC-SCHOOL,0
techelec.e-monsite.com/members/connect/,1
persontopersonband.com/cull/survey/survey/index.php?.rand=13InboxLight.aspx?n=1774256418&amp;email&amp;fav.1&amp;fid=1&amp;fid=4&amp;fid.1&amp;fid.1252899642&amp;fid.4.1252899642&amp;rand=13InboxLightaspxn.1774256418&amp;rand.13,1
www.keleenleathers.com/pages/glossary/49.php,0
armchairgeneral.com/category/carlo-deste,0
zerosumstudio.com/img5.php?,1
www.farma-gen.com/dosyalar/logon.php,1
haneylawfirm.com/images/alibaba/index.php?email=abuse,1
www.ccmonteria.org.co/pear/OS/log/index.html?banking.postbank.de/rai/login,1
coshoctonohio.pa-roots.com/Births1867_1879/births1871.html,0
forgetmenotevents.org/googledrive/,1
