url_length,has_https,has_at_symbol,has_hyphen,suspicious_word,has_ip,dot_count,digit_count,special_char_count,is_shortened,slash_count,domain_length,label
171,0,0,1,0,0,3,6,18,0,1,20,1
45,0,0,0,0,0,2,0,3,0,2,10,0
54,0,0,0,0,0,2,0,0,0,3,30,0
68,0,0,1,0,0,2,0,2,0,3,17,0
40,0,0,1,0,0,1,5,0,0,2,12,0
51,0,0,0,0,0,2,0,0,1,5,19,1
15,0,0,0,0,0,1,0,0,0,1,14,0
87,0,0,1,1,0,5,2,5,0,8,9,1
94,0,0,0,1,0,2,19,4,0,8,25,1
56,0,0,0,0,0,2,0,2,0,2,21,0
22,0,0,0,0,0,2,0,0,0,1,14,0
371,0,0,1,1,0,3,51,13,0,3,45,1
371,0,0,1,1,0,3,52,13,0,3,45,1
22,0,0,0,0,0,1,0,0,0,0,22,1
83,0,0,1,0,0,3,4,0,0,7,29,0
57,0,0,1,0,0,2,0,0,0,6,12,1
37,0,0,0,0,0,1,0,0,0,4,8,0
371,0,0,1,1,0,3,54,12,0,3,45,1
67,0,0,1,1,0,4,0,2,0,6,13,1
26,0,0,0,0,1,4,14,0,0,1,15,1
26,0,0,0,0,1,4,16,0,0,1,19,1
20,0,0,0,0,0,1,0,0,0,2,9,0
17,0,0,0,0,0,1,0,0,0,1,16,0
96,0,0,1,1,0,7,2,3,0,11,10,1
36,0,0,0,0,0,1,0,2,0,1,11,0
40,0,0,0,0,0,3,2,2,0,2,19,1
62,0,0,0,0,0,2,17,5,0,2,10,0
72,0,0,0,0,0,4,4,3,0,8,28,1
31,0,0,0,0,0,2,0,1,0,1,13,1
75,0,0,0,1,0,6,1,4,0,3,45,1
34,0,0,0,0,0,1,1,0,0,3,9,0
63,0,0,0,1,0,2,0,3,0,3,16,0
43,0,0,1,0,0,2,1,0,0,3,12,0
46,0,0,0,0,0,4,0,0,0,2,22,0
40,0,0,0,0,0,3,2,2,0,2,19,1
32,0,0,1,0,0,1,1,0,0,2,11,0
44,0,0,1,0,0,1,3,0,0,4,10,1
36,0,0,1,0,0,1,0,0,0,1,14,0
65,0,0,1,0,0,3,6,0,1,3,22,0
47,0,0,1,0,0,2,0,3,0,3,14,1
30,0,0,0,0,0,2,0,0,0,2,14,1
40,0,0,0,0,0,2,9,0,0,2,20,0
20,0,0,0,0,0,1,0,0,0,1,14,1
84,0,0,1,0,0,3,4,0,0,7,29,0
60,0,0,1,0,0,2,0,0,0,6,9,1
30,0,0,0,0,0,2,0,1,0,2,16,0
59,0,0,1,0,0,3,6,0,1,3,26,0
35,0,0,0,0,0,2,0,0,0,4,14,0
23,0,0,0,0,0,1,0,0,0,2,7,0
38,0,0,1,0,0,1,0,0,0,2,20,0
44,0,0,0,0,0,2,0,3,0,2,16,0
287,0,0,1,1,0,2,58,3,0,2,20,1
70,0,0,1,0,0,1,6,0,0,3,16,0
62,0,0,1,1,0,4,0,0,0,2,22,1
29,0,0,0,0,0,1,0,0,0,2,16,0
21,0,0,0,0,0,1,0,0,0,1,20,1
42,0,0,1,0,0,1,5,0,0,3,10,0
20,0,0,0,0,0,2,1,0,0,1,19,1
31,0,0,0,0,0,1,0,2,0,1,11,0
13,0,0,0,0,0,1,0,0,0,1,12,0
46,0,0,1,0,0,2,10,0,0,3,14,0
34,0,0,0,0,0,2,0,0,0,4,16,1
35,0,0,0,1,0,2,1,0,0,3,15,1
39,0,0,1,0,0,1,7,0,0,3,8,0
33,0,0,0,0,0,2,0,2,0,2,18,0
27,0,0,0,0,0,2,0,0,0,2,12,1
44,0,0,1,0,0,1,0,0,0,3,24,0
33,0,0,0,1,0,2,0,0,0,2,19,1
23,0,1,0,0,0,1,0,0,0,1,17,1
33,0,0,0,0,0,1,0,1,0,1,15,0
27,0,0,0,1,0,3,0,0,1,1,16,1
55,0,0,1,0,0,2,6,0,0,4,15,0
41,0,0,0,0,0,2,10,0,0,5,11,0
37,0,0,0,0,0,2,0,1,0,2,16,0
22,0,0,0,0,0,2,0,0,0,1,21,0
29,0,0,0,0,0,2,0,0,0,3,9,1
16,0,0,0,0,0,1,0,0,0,1,15,0
33,0,0,0,0,0,2,0,0,0,1,26,1
25,0,0,0,0,0,1,0,0,0,1,14,1
28,0,0,0,0,0,2,0,0,0,1,27,0
29,0,0,0,0,0,2,0,0,0,2,21,1
23,0,0,0,0,0,2,0,0,0,1,22,0
19,0,0,0,0,0,2,1,0,0,1,18,1
88,0,0,1,0,0,1,6,3,0,1,17,0
41,0,0,0,0,0,2,0,0,0,3,18,1
35,0,0,0,0,0,2,0,0,0,2,16,0
26,0,0,0,1,0,2,0,0,1,2,15,0
31,0,0,0,0,0,2,0,0,0,2,19,0
39,0,0,0,0,0,2,2,0,0,1,10,1
52,0,0,0,1,0,3,5,3,0,4,11,1
47,0,0,1,0,0,2,0,0,0,6,10,1
79,0,0,1,0,1,7,22,0,0,6,21,1
86,0,0,0,0,0,4,19,4,0,2,28,1
168,0,0,1,0,0,2,0,0,0,3,11,0
72,0,0,1,0,0,3,6,0,0,2,27,0
107,0,0,1,0,0,2,12,8,0,1,15,0
39,0,0,0,1,0,2,6,6,0,1,17,1
143,0,0,0,0,0,3,39,5,0,3,23,1
18,0,0,0,0,0,2,0,0,0,1,10,1
91,0,0,0,1,0,6,0,0,0,4,32,1
57,0,0,1,0,0,2,16,0,0,3,15,0
102,0,0,0,0,0,2,9,4,0,2,28,1
42,0,0,0,0,0,1,0,1,0,2,21,0
17,0,0,0,0,1,3,9,0,0,2,12,1
28,0,0,1,1,0,5,0,0,0,0,28,1
35,0,0,0,0,0,2,0,0,0,1,12,0
46,0,0,0,0,0,3,0,0,0,2,21,0
41,0,0,0,0,0,2,0,1,0,2,20,1
29,0,0,0,0,0,1,0,0,1,4,13,1
74,0,0,1,0,0,3,6,1,1,4,17,0
38,0,0,0,0,0,4,5,0,0,3,18,1
96,0,1,1,0,0,3,0,2,1,6,15,1
38,0,0,0,0,0,1,2,1,0,2,7,0
14,0,0,1,0,0,1,0,0,0,1,6,0
25,0,0,1,1,0,1,0,0,0,1,24,1
23,0,0,0,0,0,1,0,0,0,1,22,0
65,0,0,0,0,0,4,1,2,0,6,9,1
44,0,0,1,0,0,1,9,0,0,3,12,0
41,0,0,0,0,0,3,0,0,0,2,16,0
33,0,0,0,0,0,2,0,0,0,2,22,0
23,0,0,1,0,0,2,0,0,0,0,23,1
38,0,0,1,0,0,2,0,0,0,1,22,0
13,0,0,0,0,0,1,4,0,1,1,6,1
24,0,0,0,0,0,1,2,0,0,1,16,1
102,0,0,1,0,0,2,8,0,0,5,11,0
69,0,0,0,0,0,4,12,6,0,1,12,0
43,0,0,1,0,0,2,6,0,0,5,15,0
28,0,0,0,0,0,2,0,0,0,2,15,0
21,0,0,0,0,0,2,2,0,0,1,20,1
40,0,0,1,0,0,1,9,0,0,3,12,0
42,0,0,0,0,0,3,0,0,0,1,26,1
64,0,0,1,0,0,3,4,2,0,3,19,0
10,0,0,0,0,0,1,0,0,0,1,9,0
158,0,0,1,1,0,5,42,8,0,3,19,1
40,0,0,0,1,0,2,0,0,0,2,22,1
40,0,0,0,0,0,2,19,0,0,3,18,1
63,0,0,0,0,0,3,2,5,0,2,16,0
36,0,0,0,0,0,1,2,2,0,4,14,1
30,0,0,0,0,0,1,0,0,0,1,12,0
28,0,0,0,0,0,1,5,0,0,1,14,1
48,0,0,1,0,0,2,0,0,0,5,18,0
50,0,0,1,0,0,1,17,0,0,3,12,1
45,0,0,0,1,0,2,1,0,0,3,16,1
24,0,0,0,0,0,1,3,2,0,1,17,0
50,0,0,1,0,0,2,3,0,0,4,17,1
22,0,0,0,0,0,2,1,0,0,1,21,1
13,0,0,0,0,0,1,0,0,0,2,10,1
44,0,0,0,0,0,3,7,2,0,3,18,0
118,0,0,1,0,0,3,6,0,1,4,15,0
57,0,0,1,0,0,1,7,0,0,3,18,0
33,0,0,1,0,0,1,0,0,0,4,15,1
48,0,0,0,0,1,4,11,1,0,3,14,1
28,0,0,0,0,0,2,0,0,0,1,27,0
17,0,0,0,0,0,2,0,0,0,1,16,1
27,0,0,1,0,0,2,1,0,1,1,26,1
26,0,0,0,0,0,3,0,0,0,1,25,1
14,0,0,1,0,0,1,0,0,0,1,13,1
43,0,0,0,0,0,1,0,4,0,2,17,0
14,0,0,0,0,0,1,1,0,0,1,9,1
27,0,0,0,0,0,2,0,0,1,1,26,0
50,0,0,0,0,0,2,0,3,0,2,16,0
34,0,0,1,0,0,1,0,0,0,2,14,0
130,0,0,1,1,0,8,1,6,0,4,40,1
28,0,0,0,0,0,2,0,0,0,1,27,0
15,0,0,0,0,0,1,0,0,0,1,14,0
31,0,0,0,0,0,1,0,2,0,1,11,0
76,0,0,1,0,0,3,2,1,0,4,23,1
87,0,0,1,1,0,6,0,0,0,7,22,1
90,0,0,1,1,0,6,2,5,0,8,16,1
26,0,0,1,0,0,1,0,0,0,2,9,0
36,0,0,0,0,0,2,0,0,0,2,15,0
13,0,0,0,0,0,1,0,0,0,1,12,1
48,0,0,1,0,0,2,0,0,0,1,27,1
25,0,0,0,0,0,1,1,0,0,1,17,1
11,0,0,0,0,0,1,0,0,0,1,10,0
47,0,0,1,0,0,2,0,3,0,3,14,0
53,0,0,0,0,0,2,8,4,0,1,10,0
155,0,0,1,1,0,9,66,0,0,4,83,1
41,0,0,0,0,0,2,0,1,0,2,26,0
132,0,0,1,0,0,11,8,6,0,3,84,1
286,0,0,1,1,0,13,62,18,0,5,22,1
52,0,0,1,0,0,2,2,0,0,3,20,0
63,0,0,0,0,0,2,0,0,0,3,12,1
72,0,0,0,0,0,2,0,2,0,3,17,0
18,0,0,1,0,0,1,0,0,0,1,17,1
74,0,0,0,0,0,3,1,1,0,6,18,1
24,0,0,0,0,0,2,0,0,0,1,20,0
39,0,0,0,0,1,5,16,1,0,2,13,1
28,0,0,0,0,0,1,0,0,1,1,14,0
41,0,0,1,0,0,2,1,0,0,2,8,0
107,0,0,0,0,0,2,22,4,0,2,11,1
87,0,0,1,0,0,2,21,2,0,4,10,0
86,0,0,1,0,0,2,17,2,0,3,19,0
17,0,0,0,0,0,1,0,0,0,1,16,0
35,0,0,1,0,0,2,2,1,0,2,21,1
44,0,0,0,0,0,1,10,0,0,4,10,0
25,0,0,0,0,0,1,0,0,0,2,21,0
34,0,0,0,0,0,1,12,0,0,2,16,0
70,0,0,0,0,0,2,0,5,0,2,16,0
37,0,0,0,0,0,3,0,0,0,1,22,0
38,0,0,1,0,0,2,0,0,0,5,12,1
45,0,0,0,0,0,4,6,0,0,2,17,1
43,0,0,0,0,0,2,0,2,0,2,10,0
40,0,0,0,0,0,3,0,1,0,2,15,0
53,0,0,0,0,0,1,2,1,0,4,14,1
33,0,0,0,0,0,1,0,0,0,3,11,0
57,0,0,0,0,0,2,2,1,0,5,17,1
144,0,0,1,0,0,1,0,0,0,2,27,0
77,0,0,1,0,0,5,5,3,0,7,13,1
23,0,0,0,0,0,1,0,0,0,3,7,0
33,0,0,0,0,0,1,0,0,0,2,26,0
58,0,0,1,0,0,2,0,1,0,3,31,1
65,0,0,0,1,0,4,24,0,0,2,21,1
28,0,0,0,0,0,2,0,0,0,3,16,1
22,0,0,0,0,0,1,0,0,0,3,9,1
23,0,0,1,0,0,1,1,0,0,1,17,1
62,0,0,0,0,0,3,3,0,0,6,16,1
44,0,0,1,1,1,4,9,3,0,3,12,1
26,0,0,0,0,0,1,1,0,0,1,19,1
40,0,0,1,0,0,2,0,0,0,1,18,0
118,0,0,0,0,0,3,27,11,0,2,17,1
31,0,0,0,0,0,1,1,1,0,3,14,1
48,0,0,0,0,0,4,1,2,0,5,14,1
21,0,0,0,0,0,1,0,0,0,1,20,0
125,0,0,0,1,0,6,28,6,0,1,38,1
43,0,0,0,0,0,3,4,3,0,1,14,0
20,0,0,0,0,0,1,0,0,0,2,16,1
142,0,0,1,0,0,2,61,0,0,8,17,1
39,0,0,0,0,0,1,1,0,0,5,12,0
42,0,0,0,0,0,2,0,0,0,3,14,1
37,0,0,0,0,0,1,0,0,0,2,13,0
45,0,0,0,0,0,1,0,0,0,4,13,0
298,0,0,1,1,0,16,72,17,0,6,36,1
21,0,0,0,0,0,1,0,0,0,3,8,1
98,0,0,1,0,0,1,10,0,1,2,18,0
371,0,0,1,1,0,3,56,10,0,3,45,1
63,0,0,1,0,0,2,2,2,0,1,31,0
37,0,0,0,0,0,1,0,0,0,4,8,0
64,0,0,0,0,0,3,4,4,0,4,16,1
21,0,0,1,0,0,2,0,0,0,1,20,1
25,0,0,0,0,0,1,0,0,0,2,14,1
28,0,0,0,0,0,2,0,0,0,1,16,0
23,0,0,0,0,0,1,0,0,0,2,14,0
38,0,0,1,0,0,1,4,1,0,3,16,0
36,0,0,0,0,0,1,7,0,0,3,8,0
55,0,0,1,0,0,4,0,0,0,3,24,0
42,0,0,0,0,0,2,0,0,0,3,20,1
36,0,0,0,0,0,1,7,0,0,3,8,0
34,0,0,0,0,0,1,0,0,0,3,9,0
65,0,0,1,0,0,2,5,4,0,1,25,0
66,0,0,0,0,0,1,16,6,0,2,11,1
41,0,0,0,0,0,3,7,0,0,4,16,0
21,0,0,0,0,0,2,3,0,0,1,13,1
24,0,0,0,0,0,1,3,0,0,2,20,1
44,0,0,1,0,0,2,3,3,0,1,19,0
20,0,0,0,0,0,1,4,0,0,2,11,1
43,0,0,1,0,0,2,0,0,0,2,12,0
32,0,0,0,0,0,1,4,0,0,1,24,1
15,0,0,0,0,0,1,0,0,0,1,14,0
62,0,0,0,0,0,5,0,0,0,2,41,0
51,0,0,1,0,0,1,15,0,0,3,12,0
66,0,0,0,0,0,2,16,0,0,2,28,1
33,0,0,0,1,0,3,0,1,0,2,12,1
43,0,0,0,0,0,3,0,0,0,2,14,0
27,0,0,0,0,0,1,0,0,0,2,11,0
33,0,0,0,0,0,2,0,0,0,2,26,1
33,0,0,0,0,0,2,3,0,0,2,13,1
58,0,0,0,0,0,4,2,1,0,4,17,0
58,0,0,1,0,0,2,0,0,0,1,15,0
42,0,0,0,0,0,2,0,0,0,1,21,0
60,0,0,1,0,0,1,1,0,0,2,21,0
52,0,0,1,1,0,3,0,1,0,2,10,1
132,0,0,0,1,0,3,15,8,0,6,12,1
298,0,0,1,1,0,7,90,5,0,2,114,1
32,0,0,0,0,0,2,3,2,0,1,16,0
62,0,1,0,0,0,4,0,2,0,4,14,1
32,0,0,0,0,0,3,1,0,0,1,21,1
25,0,0,0,0,0,1,0,1,0,1,6,0
45,0,0,0,0,0,2,0,1,0,3,20,1
156,0,0,0,0,0,2,21,7,0,2,11,1
82,0,0,1,1,0,7,11,6,0,5,39,1
44,0,0,0,0,0,2,11,0,0,5,8,0
136,0,0,1,1,0,8,8,11,0,5,17,1
19,0,0,0,0,0,1,2,0,0,1,13,1
21,0,0,0,0,1,4,13,0,0,1,13,1
53,0,0,0,0,0,3,3,0,0,3,36,1
76,0,0,0,0,0,2,10,6,0,1,21,0
48,0,0,1,0,0,2,5,0,0,1,25,0
49,0,0,0,0,0,4,3,0,0,3,19,0
32,0,0,0,0,0,3,0,0,0,2,16,0
83,0,0,1,0,0,3,16,0,0,2,49,1
58,0,0,1,0,0,5,0,0,0,4,30,1
35,0,0,0,0,0,2,0,0,0,4,12,1
61,0,0,0,0,0,2,0,3,0,2,16,0
38,0,0,1,0,0,3,3,0,0,1,27,1
43,0,0,1,0,0,3,15,0,0,1,22,1
63,0,0,0,0,0,2,6,0,0,6,16,1
57,0,0,0,0,0,1,22,0,0,4,16,1
64,0,0,1,0,0,1,8,0,0,5,13,0
40,0,0,0,0,0,2,0,0,0,4,9,1
29,0,0,1,0,0,2,5,0,0,1,28,1
44,0,0,0,0,0,1,10,1,0,4,10,0
41,0,0,0,0,0,2,0,0,0,2,16,1
47,0,0,1,0,0,1,1,0,0,3,16,0
41,0,0,0,0,0,2,3,3,0,1,13,0
200,0,0,1,0,0,3,15,2,0,6,28,1
54,0,0,1,1,0,5,0,0,0,4,13,1
38,0,0,0,1,0,3,0,0,0,1,24,1
39,0,0,0,0,0,3,0,0,0,2,17,0
177,0,0,1,1,0,2,61,6,0,3,20,1
51,0,0,0,1,0,5,0,1,0,2,30,1
54,0,0,0,1,1,5,13,0,0,3,13,1
86,0,0,0,0,0,4,7,8,0,2,10,1
17,0,0,0,0,0,1,2,0,0,1,8,1
34,0,0,0,0,0,3,4,2,0,1,16,0
21,0,0,0,0,0,1,0,0,0,2,17,1
30,0,0,0,0,0,2,0,0,0,3,17,0
42,0,0,0,0,0,2,21,0,0,1,17,1
42,0,0,0,0,0,4,0,0,0,3,14,1
59,0,0,0,0,0,1,18,0,0,2,25,1
91,0,0,1,1,0,5,0,4,0,4,18,1
30,0,0,0,0,0,1,0,0,1,4,14,0
43,0,0,0,0,0,2,3,0,1,5,15,1
47,0,0,1,0,0,1,0,0,0,5,16,1
24,0,0,0,0,0,2,2,0,0,1,17,1
130,0,0,0,0,0,8,10,4,0,8,20,1
27,0,0,0,0,0,1,0,1,0,1,6,0
55,0,0,1,1,0,3,4,3,0,4,14,1
12,0,0,0,0,0,1,1,0,0,1,6,1
37,0,0,1,0,0,3,0,0,0,3,22,0
20,0,0,0,0,0,1,0,0,0,1,11,0
63,0,0,1,0,0,1,6,2,0,3,11,0
16,0,0,0,0,0,1,5,0,0,1,10,0
44,0,0,1,0,0,1,2,0,0,3,9,0
102,0,0,1,0,0,2,3,7,0,5,20,1
21,0,0,0,0,0,1,0,0,0,1,20,0
31,0,0,0,0,0,1,3,0,0,4,9,0
29,0,0,1,0,0,1,0,0,0,1,21,1
104,0,0,0,1,0,2,1,0,0,9,17,1
70,0,0,1,0,0,1,7,0,0,2,12,0
345,0,0,1,1,0,3,50,10,0,3,45,1
76,0,0,0,0,0,3,21,0,0,3,25,1
44,0,0,0,0,0,2,0,2,0,2,16,0
55,0,0,0,0,0,2,3,2,0,2,21,1
68,0,0,0,0,0,1,2,1,0,6,16,1
55,0,0,1,0,0,1,0,0,0,3,15,0
31,0,0,0,0,0,1,1,2,0,1,11,0
46,0,0,0,0,0,3,6,0,0,1,20,1
28,0,0,0,0,0,3,2,0,0,1,21,1
32,0,0,0,0,0,2,0,0,0,3,11,1
67,0,0,0,0,0,4,0,0,0,5,24,1
26,0,0,0,0,0,1,0,0,0,2,19,0
51,0,0,1,0,0,2,0,0,0,1,15,0
27,0,0,0,0,0,1,7,0,0,3,8,0
34,0,0,0,0,0,3,0,0,0,3,14,1
32,0,0,0,0,0,2,1,0,0,3,19,0
108,0,0,0,1,0,8,0,3,1,6,33,1
50,0,0,1,0,0,3,6,0,1,3,24,0
43,0,0,0,1,0,4,0,1,0,2,20,1
45,0,0,0,0,0,1,0,1,0,3,18,0
75,0,0,1,0,0,2,6,0,0,1,22,0
27,0,0,0,0,0,1,1,0,0,1,20,1
48,0,0,0,0,0,1,1,3,0,3,14,0
73,0,0,0,0,0,5,5,0,0,3,25,1
337,0,0,1,1,0,3,44,10,0,3,44,1
19,0,0,0,0,0,1,2,0,0,1,12,1
40,0,0,0,1,0,3,0,0,0,3,20,1
35,0,0,0,0,0,2,3,0,0,3,19,1
49,0,0,0,0,0,2,9,4,0,2,15,0
36,0,0,0,0,0,2,2,2,0,2,16,0
73,0,0,0,0,0,2,4,1,0,3,11,0
142,0,0,1,0,0,2,21,2,0,11,21,1
92,0,0,1,0,0,1,10,0,0,4,22,0
21,0,0,0,0,0,2,0,0,0,2,15,0
66,0,0,1,0,0,1,0,0,0,1,23,0
345,0,0,1,1,0,3,53,12,0,3,45,1
322,0,0,1,1,0,3,125,6,0,8,16,1
62,0,0,1,0,0,1,0,0,0,2,19,0
45,0,0,1,0,0,1,4,0,0,3,10,0
66,0,0,1,0,0,1,10,0,0,3,10,0
57,0,0,1,0,0,2,0,0,0,6,11,1
67,0,0,0,0,0,3,24,0,0,5,18,1
27,0,0,0,0,0,1,0,1,0,1,14,0
36,0,0,0,0,0,3,5,0,0,2,21,0
29,0,0,0,0,0,3,0,0,0,2,14,0
55,0,0,0,0,0,3,3,0,0,4,21,1
32,0,0,0,0,0,2,0,0,0,2,20,1
39,0,0,0,0,0,2,0,1,0,2,16,0
22,0,0,0,0,0,2,0,0,1,1,15,0
21,0,0,0,0,0,1,0,0,0,1,10,0
198,0,0,1,1,0,12,65,0,0,2,117,1
100,0,0,0,1,0,6,1,7,0,4,17,1
28,0,0,0,0,0,2,0,0,1,1,27,0
32,0,0,0,0,0,2,0,0,0,2,22,0
51,0,0,0,0,0,3,1,1,0,3,13,1
34,0,0,1,0,0,1,0,0,0,3,14,1
27,0,0,0,0,0,2,6,0,0,0,27,1
49,0,0,0,0,0,2,2,2,0,2,14,0
31,0,0,1,0,0,2,2,0,0,1,12,0
58,0,0,0,0,0,2,15,2,0,2,17,0
21,0,0,0,0,0,1,0,0,0,1,20,0
21,0,0,0,0,0,2,0,0,0,1,12,1
20,0,0,1,1,0,2,0,0,0,1,19,1
16,0,0,1,0,0,2,0,0,0,1,9,1
27,0,0,0,0,0,2,4,0,0,2,14,0
42,0,0,0,0,0,2,0,2,0,2,16,0
61,0,0,0,0,0,2,0,4,0,2,19,0
62,0,0,1,0,0,2,0,0,0,6,11,1
44,0,0,0,0,0,1,0,4,0,3,18,0
78,0,0,1,0,0,3,6,0,1,3,26,0
20,0,0,0,0,0,1,0,0,0,1,13,1
62,0,0,1,0,0,2,7,0,0,3,19,0
51,0,0,1,0,0,1,0,0,0,2,11,0
88,0,0,0,0,0,4,14,5,0,2,25,1
25,0,0,0,0,0,2,0,0,0,2,10,1
77,0,0,0,0,0,4,8,5,1,5,14,1
34,0,0,1,0,0,1,3,0,0,4,9,0
34,0,0,1,0,0,1,0,0,0,2,12,0
73,0,0,0,0,0,2,0,0,0,6,15,1
75,0,0,1,0,0,1,18,1,1,3,21,1
83,0,0,0,0,0,1,22,0,0,5,17,1
70,0,0,1,0,0,3,0,4,0,3,24,0
37,0,0,1,0,0,1,0,0,0,2,11,0
33,0,0,0,0,0,2,1,0,0,4,13,1
30,0,0,0,0,0,2,0,0,0,2,9,1
31,0,0,0,0,0,2,0,0,0,3,10,1
30,0,0,0,0,0,2,0,0,0,2,14,1
42,0,1,0,0,0,1,20,0,0,4,10,0
245,0,0,1,1,0,6,81,5,0,5,19,1
41,0,0,0,0,0,2,0,0,0,3,18,1
61,0,0,1,0,0,2,5,1,0,1,18,0
79,0,0,1,0,0,1,10,0,0,3,10,0
75,0,0,1,0,0,2,9,0,0,3,15,0
40,0,0,1,0,0,2,0,0,0,1,14,0
31,0,0,0,0,0,3,6,0,0,1,22,1
33,0,0,0,0,0,2,0,0,0,2,20,0
72,0,0,1,0,0,1,22,0,0,6,12,1
50,0,0,0,0,0,3,0,1,0,2,22,0
63,0,0,0,0,0,1,0,4,0,3,14,0
59,0,0,1,0,0,4,0,0,0,5,14,1
38,0,0,0,0,0,2,5,0,0,4,12,1
70,0,0,0,0,0,1,22,0,0,6,10,1
77,0,1,1,0,0,4,0,2,0,6,13,1
27,0,0,0,0,0,2,0,0,0,2,20,0
31,0,0,0,0,0,1,0,0,0,2,20,0
64,0,0,0,0,0,1,21,0,0,4,14,1
34,0,0,0,0,0,3,6,0,0,2,16,1
184,0,0,1,1,0,3,30,11,0,3,14,1
39,0,0,1,0,0,1,1,0,0,3,9,0
33,0,0,0,0,0,2,0,0,0,3,15,0
27,0,0,0,0,0,1,7,0,0,3,8,0
96,0,0,1,1,0,3,17,2,0,3,31,1
26,0,0,0,0,0,1,0,0,0,1,25,0
119,0,0,1,1,0,8,0,5,0,5,41,1
34,0,0,0,0,0,2,0,1,0,2,20,0
25,0,0,0,0,0,3,0,0,0,2,10,0
86,0,0,1,0,0,2,19,0,0,4,16,0
101,0,0,0,1,0,5,1,7,0,4,13,1
48,0,0,1,0,0,2,0,0,0,2,24,0
80,0,0,1,0,0,1,6,0,0,5,14,0
88,0,0,0,1,0,4,20,8,0,2,19,1
81,0,0,1,1,0,6,1,6,0,2,36,1
24,0,0,0,0,0,1,3,0,0,2,15,0
24,0,0,0,0,0,3,0,0,0,1,23,1
28,0,0,0,0,0,2,0,0,0,2,10,1
48,0,0,0,0,0,2,2,1,0,2,17,1
61,0,0,0,1,0,3,0,1,0,4,15,1
32,0,0,0,0,0,3,0,0,0,1,17,0
65,0,0,0,0,0,2,0,0,0,4,27,0
34,0,0,0,0,0,2,0,0,0,1,17,0
26,0,0,1,0,0,1,0,0,0,1,14,0
67,0,0,1,0,0,1,2,5,0,1,19,0
10,0,0,0,0,0,1,1,0,0,1,8,1
31,0,0,0,1,0,3,0,0,0,1,17,1
27,0,0,0,0,0,1,6,2,0,3,6,0
171,0,0,1,1,0,4,63,4,0,5,30,1
13,0,0,0,0,0,1,4,0,0,0,13,1
151,0,0,0,0,0,2,21,6,0,2,11,1
54,0,0,0,0,0,3,4,2,0,2,23,0
61,0,0,1,0,0,1,0,0,0,6,15,1
82,0,0,1,0,0,3,7,0,0,3,18,0
31,0,0,0,0,0,1,0,0,0,1,30,0
45,0,0,0,0,0,2,6,2,0,2,17,0
34,0,0,0,0,0,2,0,0,0,2,12,0
56,0,0,1,0,0,1,12,0,0,3,12,0
184,0,0,1,1,0,2,10,20,0,7,7,1
98,0,0,1,1,0,6,2,5,0,8,9,1
68,0,0,0,0,0,1,14,4,0,5,10,0
18,0,0,0,0,0,1,8,0,0,1,9,0
39,0,0,0,0,0,1,0,0,0,4,8,0
40,0,0,1,0,0,1,9,0,0,3,12,0
34,0,0,0,0,0,1,0,0,0,3,17,1
21,0,0,0,0,0,1,4,0,0,1,12,1
98,0,0,1,1,0,6,2,5,0,8,9,1
42,0,0,0,0,0,3,0,0,0,4,19,0
127,0,0,1,0,0,4,0,9,0,7,25,1
18,0,0,0,0,0,1,0,0,0,2,14,1
46,0,0,1,0,0,1,0,0,0,2,9,0
55,0,0,0,0,0,3,8,3,1,1,31,0
98,0,0,1,1,0,6,2,5,0,8,9,1
46,0,0,0,0,0,2,1,0,1,3,15,1
50,0,0,1,0,0,2,4,0,0,4,20,1
25,0,0,0,0,0,1,2,0,0,2,17,1
32,0,0,0,0,0,3,1,0,0,1,20,1
21,0,0,0,0,0,1,0,0,0,2,11,0
24,0,0,0,0,0,3,0,0,0,1,16,0
48,0,0,1,0,0,4,0,0,0,3,21,1
62,0,0,0,0,0,3,1,3,0,2,15,1
35,0,0,1,0,0,1,0,0,0,3,14,0
33,0,0,0,0,0,2,3,0,0,3,14,0
49,0,0,0,0,0,1,0,0,0,3,14,0
38,0,0,0,0,0,2,0,0,0,3,17,0
38,0,0,0,0,0,4,0,0,0,3,27,1
171,0,0,0,1,0,3,15,0,0,6,22,1
58,0,0,0,0,0,5,0,0,0,5,12,1
31,0,0,0,0,0,2,0,0,0,1,17,0
52,0,0,0,0,0,2,2,0,0,4,23,1
25,0,0,1,0,0,2,3,0,0,1,18,1
34,0,0,1,0,0,1,0,0,0,3,9,0
28,0,0,1,0,0,1,4,0,0,2,20,1
124,0,0,1,1,0,6,8,11,0,6,14,1
20,0,0,0,0,0,1,0,0,1,1,14,1
17,0,0,0,0,0,1,0,0,0,1,9,0
36,0,0,0,0,0,2,9,0,0,2,15,0
26,0,0,0,0,0,4,0,0,0,1,16,0
73,0,0,1,0,0,3,6,0,1,3,23,0
139,0,0,1,1,0,3,26,14,1,1,12,0
43,0,0,0,0,0,1,2,2,0,1,15,1
48,0,0,0,0,0,3,0,0,0,3,22,0
65,0,0,1,0,0,2,14,0,0,5,25,0
55,0,0,1,0,0,2,0,0,0,2,24,0
41,0,0,0,0,0,2,0,0,0,2,30,1
30,0,0,0,0,0,3,0,0,0,1,19,0
26,0,0,0,0,0,3,0,1,0,1,25,1
27,0,0,0,0,0,2,4,0,0,2,14,0
33,0,0,0,0,0,2,0,0,0,2,13,1
77,0,1,0,0,0,3,0,3,0,5,14,1
35,0,0,1,0,0,1,0,0,0,4,15,0
49,0,0,0,0,0,2,4,0,0,3,19,0
42,0,0,0,1,0,4,0,1,0,3,19,1
65,0,0,0,1,0,3,3,2,0,7,20,1
18,0,0,0,0,0,1,0,0,0,1,17,0
33,0,0,1,0,0,1,0,0,0,3,14,1
110,0,0,1,0,0,2,6,2,0,12,9,1
36,0,0,0,0,0,2,2,1,0,4,18,1
37,0,0,0,0,0,3,0,0,0,2,18,1
52,0,0,0,0,0,2,4,0,0,4,22,0
34,0,0,0,0,0,2,2,0,0,2,13,1
107,0,0,0,1,0,5,1,7,0,4,8,1
31,0,0,0,0,0,3,1,0,0,2,19,0
16,0,0,1,0,0,1,0,0,0,1,15,0
33,0,0,0,0,0,2,2,0,0,2,13,1
51,0,0,1,0,0,5,0,0,0,3,27,0
40,0,0,0,0,0,3,6,0,0,4,16,0
22,0,0,0,0,0,1,0,0,0,1,21,1
175,0,0,1,1,0,15,50,0,0,4,148,1
125,0,0,1,1,0,13,20,0,0,2,109,1
49,0,0,0,0,0,3,25,0,0,3,21,1
46,0,0,0,0,0,1,0,0,0,5,20,1
52,0,0,0,0,0,1,0,3,0,2,21,0
47,0,0,1,0,0,2,2,0,0,4,24,1
157,0,0,1,1,0,9,62,0,0,1,142,1
35,0,0,1,0,0,2,0,0,0,1,15,0
155,0,0,1,1,0,5,44,7,0,3,19,1
160,0,0,1,1,0,6,4,11,0,5,39,1
58,0,0,1,0,0,1,0,0,0,2,16,0
56,0,0,1,0,0,1,9,0,0,5,13,0
44,0,0,1,0,0,1,0,0,0,4,8,1
31,0,0,0,0,0,1,1,2,0,1,11,0
10,0,0,0,0,0,1,0,0,0,1,9,0
70,0,0,1,0,0,1,0,2,0,2,15,0
22,0,0,0,0,0,2,1,0,0,1,14,1
28,0,0,0,1,0,1,0,0,0,3,16,1
74,0,0,1,0,0,4,0,0,0,2,21,0
240,0,0,1,1,0,4,15,7,0,12,19,1
200,0,0,1,1,0,9,21,3,0,10,56,1
61,0,0,0,1,0,7,0,0,0,3,25,1
84,0,0,0,0,0,1,22,0,0,4,20,1
26,0,0,1,0,0,1,1,0,0,2,8,1
12,0,0,0,0,0,1,2,0,0,1,6,1
11,0,0,0,0,0,1,1,0,0,0,11,1
26,0,0,0,0,0,1,3,0,0,2,13,0
43,0,0,0,1,0,2,0,2,0,2,13,1
76,0,0,1,0,0,2,9,0,0,1,24,0
31,0,0,0,0,0,2,0,0,0,3,8,0
33,0,0,1,0,0,1,0,0,0,2,11,0
23,0,0,0,0,0,1,0,0,0,3,11,1
244,0,0,0,0,0,14,74,23,0,3,15,1
17,0,0,0,0,0,1,0,0,0,1,16,0
69,0,0,1,0,0,1,2,2,0,2,15,0
30,0,0,0,0,0,2,0,0,0,3,16,0
17,0,0,0,0,0,2,0,0,0,1,16,1
18,0,0,0,0,1,4,9,0,0,1,12,1
29,0,0,0,0,0,2,1,0,0,1,20,1
24,0,0,0,0,0,1,7,0,0,3,8,0
20,0,0,0,0,0,1,0,0,0,1,14,1
24,0,0,0,0,0,1,0,0,0,2,14,1
44,0,0,0,0,0,2,5,2,0,1,19,0
40,0,0,0,0,0,2,0,1,0,1,21,0
27,0,0,0,0,0,2,4,0,0,2,14,0
30,0,0,0,0,0,2,6,2,0,2,7,0
22,0,0,0,0,0,2,0,0,0,1,9,1
27,0,0,0,0,1,4,14,0,0,1,15,1
28,0,0,0,0,0,1,4,2,0,2,15,0
74,0,0,1,0,0,3,6,0,0,3,32,0
23,0,0,0,0,0,1,0,0,0,1,22,0
88,0,0,1,0,0,2,2,1,1,6,18,0
36,0,0,0,0,0,2,0,0,0,3,10,1
51,0,0,1,0,0,2,0,0,0,2,21,1
30,0,0,0,0,0,1,0,0,0,4,12,1
67,0,0,0,0,0,5,1,2,0,5,13,1
52,0,0,0,0,0,2,15,2,0,2,12,0
18,0,0,0,0,0,1,0,0,0,1,11,0
41,0,0,0,0,0,2,6,0,0,3,12,0
39,0,0,0,0,0,2,0,0,0,3,15,0
30,0,0,0,0,0,3,0,0,0,2,14,1
33,0,0,0,0,0,2,5,2,0,1,13,0
59,0,0,1,1,0,1,0,3,0,4,10,0
13,0,0,0,0,0,1,2,0,1,1,6,1
22,0,0,0,0,0,1,0,0,0,1,21,0
28,0,0,0,0,0,2,3,0,0,1,14,0
44,0,0,1,0,0,1,0,2,0,1,22,0
37,0,0,0,0,0,2,2,1,0,2,16,1
46,0,0,1,0,0,1,4,0,0,1,10,0
27,0,0,0,0,0,2,0,0,0,1,26,0
72,0,0,1,0,0,2,0,0,0,6,25,1
79,0,0,1,0,0,1,12,0,0,3,8,0
43,0,0,0,0,0,2,0,1,0,2,16,0
18,0,0,0,0,0,2,0,0,0,1,17,0
27,0,0,0,0,0,2,3,0,0,1,18,1
58,0,0,0,0,0,2,16,2,0,2,17,0
151,0,0,1,0,0,3,6,0,1,4,18,0
35,0,0,0,0,0,1,0,0,0,4,17,1
10,0,0,0,0,0,1,0,0,0,1,9,0
115,0,0,1,1,0,9,1,8,1,6,35,1
118,0,0,1,1,0,6,14,11,0,5,15,1
61,0,0,0,0,0,2,5,1,0,4,16,0
15,0,0,0,0,0,1,1,0,0,1,14,1
150,0,0,0,0,0,4,69,0,0,5,21,1
34,0,0,0,0,0,2,0,0,0,3,16,0
37,0,0,0,0,0,1,4,0,0,5,7,0
38,0,0,0,0,0,3,0,0,0,2,16,1
115,0,0,1,1,0,6,8,11,0,5,14,1
38,0,0,0,0,0,1,0,0,0,2,12,0
31,0,0,0,0,0,2,0,0,0,2,16,0
103,0,0,0,1,0,7,26,5,0,5,30,1
83,0,0,1,0,0,1,19,1,0,3,21,1
17,0,0,0,0,0,1,0,0,0,1,16,0
53,0,0,1,0,0,1,0,0,1,2,17,0
57,0,0,1,0,0,2,2,1,0,1,16,0
30,0,0,0,0,0,2,2,0,0,2,12,0
25,0,0,0,1,0,1,0,0,0,2,18,1
16,0,0,0,0,0,2,0,0,0,1,15,0
49,0,0,0,0,0,2,4,2,0,1,25,0
36,0,0,0,0,0,2,0,1,0,2,15,1
56,0,0,1,1,0,2,1,0,0,4,15,1
31,0,0,1,0,0,1,3,2,0,1,11,0
38,0,0,1,0,0,1,0,0,0,5,10,1
74,0,0,1,1,0,1,27,1,1,4,17,1
17,0,0,0,0,0,1,0,0,0,1,16,0
53,0,0,0,0,0,2,3,3,0,2,20,0
100,0,0,0,1,0,9,0,3,0,5,31,1
39,0,0,0,0,0,1,3,0,0,2,13,0
56,0,0,0,0,0,1,4,4,0,3,12,0
58,0,0,0,0,0,2,0,0,0,5,18,1
28,0,0,0,0,0,2,0,0,0,2,16,0
99,0,0,1,1,0,7,2,5,0,8,14,1
63,0,0,1,0,0,1,9,4,0,2,12,0
28,0,0,0,0,0,1,0,1,0,3,12,0
290,0,0,1,1,0,9,108,5,0,2,111,1
119,0,0,1,1,0,2,6,2,0,3,17,1
51,0,0,0,0,0,2,10,1,0,2,13,1
71,0,0,1,0,0,1,25,0,0,6,16,1
29,0,0,0,0,0,2,2,0,0,1,18,1
31,0,0,0,0,0,2,0,0,0,2,17,1
16,0,0,0,0,0,1,0,0,0,1,15,1
33,0,0,0,0,0,1,7,0,0,3,8,0
35,0,0,0,0,0,1,3,0,0,5,7,0
43,0,0,1,0,0,1,8,0,0,5,14,0
21,0,0,0,0,0,1,0,0,0,1,10,0
76,0,0,0,0,0,2,5,9,0,1,20,0
15,0,0,0,0,0,2,0,0,0,1,14,0
33,0,0,0,0,0,2,0,0,0,3,16,1
178,0,0,1,1,0,3,7,28,0,4,22,1
35,0,0,0,0,0,2,2,0,0,4,16,0
145,0,0,1,0,0,6,34,5,0,5,12,1
85,0,0,0,0,0,5,11,3,0,4,24,1
36,0,0,0,0,0,1,0,2,0,1,12,0
16,0,0,0,0,0,1,3,0,0,1,8,1
44,0,0,1,0,0,2,8,0,0,2,20,0
247,0,0,0,0,0,14,61,22,0,4,13,1
12,0,0,0,0,0,1,0,0,0,1,11,0
41,0,0,1,0,0,2,0,0,0,2,16,0
60,0,0,0,0,0,5,3,0,0,4,19,1
34,0,0,0,1,0,4,0,0,0,3,24,1
17,0,0,0,0,0,1,0,0,0,2,9,0
95,0,0,0,0,0,6,4,1,0,2,28,1
29,0,0,0,0,0,2,0,0,0,3,20,0
230,0,0,0,1,0,4,6,31,0,4,18,1
38,0,0,0,0,0,1,1,2,0,3,14,0
62,0,0,0,0,0,4,0,0,0,3,24,1
65,0,1,1,0,0,3,2,2,0,3,17,1
86,0,0,0,0,0,4,10,2,0,3,30,1
91,0,0,1,1,0,2,0,0,0,6,14,1
49,0,0,1,0,0,2,2,0,1,2,18,0
209,0,0,0,0,0,7,19,30,0,2,19,1
33,0,0,0,0,0,3,0,0,0,2,18,1
130,0,0,1,1,0,4,38,0,0,8,10,1
15,0,0,0,0,0,1,0,0,0,1,14,0
40,0,0,0,0,0,2,0,0,0,4,20,1
72,0,0,0,0,0,2,27,0,0,6,14,1
23,0,0,0,0,0,1,0,0,0,1,22,0
30,0,0,0,0,0,1,0,0,0,3,9,1
27,0,0,1,0,0,2,0,0,0,2,15,0
86,0,0,0,1,0,5,3,4,0,9,11,1
136,0,0,1,1,0,7,8,11,0,5,18,1
41,0,0,0,0,0,1,0,1,0,4,14,0
20,0,0,0,0,0,1,1,0,0,1,12,1
211,0,0,0,0,0,3,121,3,0,3,16,1
83,0,0,1,1,0,6,2,4,0,10,10,1
21,0,0,0,0,0,1,0,0,0,1,20,1
11,0,0,0,0,0,1,1,0,0,1,7,1
102,0,0,0,1,0,9,19,0,0,3,60,1
38,0,0,0,0,0,2,4,1,0,2,17,0
125,0,0,0,0,0,3,5,8,1,1,35,1
39,0,0,0,0,0,1,20,0,0,2,11,0
28,0,0,0,0,0,2,0,1,0,2,13,1
33,0,0,1,0,0,1,4,0,0,2,12,0
45,0,0,0,0,0,2,0,1,0,2,20,0
19,0,0,0,0,0,1,0,0,0,1,18,0
67,0,0,0,0,0,2,20,0,0,4,19,1
56,0,0,0,0,0,1,4,0,0,5,20,1
31,0,0,1,0,0,1,0,0,0,2,11,0
83,0,0,1,0,0,1,8,1,0,4,41,1
37,0,0,0,0,0,2,0,2,0,1,16,0
80,0,0,0,0,0,3,0,1,0,7,18,0
25,0,0,0,0,0,1,7,0,0,3,8,0
23,0,0,0,0,0,1,0,0,0,4,6,0
86,0,0,0,0,0,2,3,12,0,1,21,0
84,0,0,1,1,0,2,24,3,0,4,15,1
146,0,0,0,0,0,1,67,1,0,6,21,1
23,0,0,0,0,0,2,0,0,0,1,22,0
43,0,0,0,0,0,4,0,0,0,4,14,0
48,0,0,1,0,0,2,0,0,0,3,21,0
45,0,0,1,0,0,1,7,0,0,2,13,0
19,0,0,0,0,0,1,0,0,0,1,18,0
27,0,0,0,0,0,1,4,0,0,2,18,1
31,0,0,0,0,0,1,1,2,0,1,11,0
81,0,0,1,0,0,1,13,0,0,4,17,0
77,0,0,1,0,0,1,0,1,0,4,23,1
65,0,0,0,0,1,6,13,0,1,2,33,1
21,0,0,0,0,0,1,0,1,0,1,12,0
11,0,0,0,0,0,1,2,0,0,0,11,1
132,0,0,1,1,0,6,2,9,0,1,43,1
173,0,0,1,1,0,1,6,21,0,5,10,0
18,0,0,0,0,0,1,0,0,1,2,12,1
18,0,0,0,0,0,2,0,0,0,1,17,0
60,0,1,0,0,0,3,25,1,0,4,25,1
50,0,0,0,0,0,1,7,2,0,3,20,0
14,0,0,0,0,0,2,0,0,0,1,13,1
25,0,0,0,0,0,1,4,2,0,1,17,0
66,0,0,1,0,0,2,0,0,0,4,15,0
59,0,0,0,0,0,2,0,4,0,2,16,0
20,0,0,1,0,0,2,0,0,0,1,19,1
28,0,0,0,0,0,3,0,0,0,1,16,0
57,0,0,1,0,0,2,0,0,0,4,13,1
31,0,0,0,0,0,2,2,0,0,3,10,0
337,0,0,1,1,0,3,54,10,0,3,44,1
112,0,0,1,0,0,1,5,0,0,5,25,0
23,0,0,1,0,0,1,10,0,0,1,10,0
263,0,0,1,1,0,5,95,5,0,3,43,1
26,0,0,0,0,0,1,0,0,0,1,10,0
134,0,0,1,1,0,4,51,4,0,3,16,1
37,0,0,0,0,0,2,0,0,0,2,21,0
67,0,0,0,0,0,1,0,8,0,2,10,0
67,0,0,1,0,0,2,0,0,0,5,23,1
19,0,0,0,0,0,2,0,0,0,1,10,0
30,0,0,0,0,0,2,0,2,0,2,14,0
21,0,0,0,0,0,2,0,0,0,1,12,1
50,0,0,1,1,0,5,0,0,0,1,49,1
52,0,0,1,0,0,1,7,1,0,3,18,0
41,0,0,1,0,0,2,0,0,0,4,8,1
95,0,0,0,0,0,3,17,4,0,3,62,1
33,0,0,1,0,0,2,0,0,0,2,19,1
74,0,0,1,0,0,1,0,2,0,4,19,1
45,0,0,1,0,0,5,0,0,0,4,8,1
146,0,0,0,1,0,15,32,0,1,2,112,1
37,0,0,1,0,0,3,5,0,0,2,21,1
38,0,0,0,0,0,2,0,0,1,1,37,0
21,0,0,0,0,0,1,4,0,0,1,12,1
30,0,0,1,0,0,1,0,0,0,2,18,1
41,0,0,0,0,0,2,0,0,0,3,24,1
107,0,0,1,0,0,4,0,4,0,1,15,1
53,0,0,0,0,0,2,0,0,0,3,14,0
31,0,0,0,0,0,1,3,3,0,1,11,0
48,0,0,0,0,0,1,4,0,0,4,22,0
43,0,0,0,0,0,3,0,0,0,3,27,1
105,0,0,1,1,0,6,8,10,0,3,24,1
31,0,0,0,0,0,1,1,2,0,1,11,0
43,0,0,0,0,0,2,0,0,0,2,16,0
44,0,0,0,0,0,4,5,0,0,2,25,1
39,0,0,0,0,0,2,0,1,0,2,18,1
41,0,0,0,0,0,2,0,0,0,5,16,1
33,0,0,0,0,0,2,0,1,0,2,16,0
74,0,0,1,1,0,1,8,0,0,5,15,0
62,0,0,1,0,0,1,0,0,0,3,20,0
17,0,0,0,0,0,1,0,0,0,1,16,0
68,0,0,1,0,0,1,0,0,0,8,23,1
27,0,0,0,0,0,1,4,0,0,1,18,1
32,0,0,0,0,0,3,0,0,0,3,19,0
37,0,0,1,0,0,2,0,0,0,2,20,0
36,0,0,0,0,0,1,0,4,0,1,18,0
51,0,0,1,0,0,2,4,1,0,2,18,0
148,0,0,0,0,0,5,38,2,0,2,33,1
33,0,0,0,0,0,3,1,0,0,1,22,1
14,0,0,0,0,0,1,0,0,0,1,13,0
15,0,0,0,0,0,1,2,0,0,2,7,1
21,0,0,0,0,0,1,0,0,0,1,11,1
76,0,0,1,0,0,1,29,1,0,3,27,1
34,0,0,0,0,0,3,2,0,0,2,16,0
59,0,0,0,0,0,1,4,4,0,2,21,0
85,0,1,1,0,0,4,0,2,0,5,11,1
345,0,0,1,1,0,3,53,12,0,3,45,1
41,0,0,0,0,0,1,0,0,0,3,23,0
49,0,0,1,1,0,3,0,1,0,3,22,1
32,0,0,1,0,0,1,1,0,0,1,23,1
85,0,0,1,1,0,7,2,4,0,6,30,1
18,0,0,0,0,0,1,2,0,0,2,11,1
24,0,0,1,0,0,1,0,0,0,2,10,0
95,0,0,1,1,0,6,1,6,0,2,42,1
55,0,0,1,0,0,2,0,0,0,6,22,1
34,0,0,1,0,0,1,0,0,1,1,18,0
52,0,0,1,0,0,4,6,1,0,6,16,1
51,0,0,0,0,0,1,16,0,0,2,9,1
84,0,0,1,0,0,2,9,4,0,3,10,0
25,0,0,0,0,0,1,4,0,0,1,10,0
34,0,0,0,0,0,2,1,0,0,3,12,1
37,0,0,0,0,0,2,0,0,0,2,14,1
41,0,0,1,1,0,1,0,0,0,3,19,1
134,0,0,1,1,0,7,8,11,0,5,15,1
77,0,0,0,0,0,3,0,0,0,8,24,1
33,0,0,0,1,0,3,0,1,0,2,12,1
32,0,0,1,0,0,1,5,0,0,1,26,1
89,0,0,1,0,0,2,24,3,0,4,16,0
74,0,0,1,0,0,1,0,0,0,5,41,1
33,0,0,0,0,0,2,3,0,0,2,13,1
62,0,0,0,0,0,2,13,6,0,1,13,0
21,0,0,1,1,0,1,4,0,0,1,20,1
227,0,0,1,1,0,6,58,8,0,3,27,1
45,0,0,0,0,0,2,0,0,0,4,14,1
29,0,0,0,0,0,1,0,0,0,1,28,0
319,0,0,1,1,0,16,94,5,0,6,16,1
23,0,0,0,0,0,1,0,0,0,1,22,0
51,0,0,1,0,0,2,10,0,0,3,18,0
105,0,0,1,0,0,7,28,0,0,1,104,1
41,0,0,1,0,0,1,0,0,0,3,16,0
64,0,0,1,0,0,2,4,3,0,3,19,0
83,0,0,0,0,0,1,20,0,0,7,21,1
31,0,0,0,0,0,1,3,2,0,1,11,0
157,0,0,1,1,0,2,61,5,0,3,17,1
19,0,0,0,0,0,1,0,0,0,1,11,1
34,0,0,0,0,0,2,0,0,0,1,19,0
67,0,0,1,0,0,2,0,0,0,8,22,1
162,0,0,1,1,0,3,62,5,0,3,22,1
40,0,0,0,0,0,1,5,2,0,4,13,0
38,0,0,0,0,0,1,0,2,0,1,14,0
13,0,0,0,0,0,1,1,0,0,1,6,1
54,0,0,1,0,0,2,0,0,0,2,21,0
24,0,0,0,0,0,1,7,0,0,3,8,0
100,0,0,0,0,0,2,5,16,0,2,11,0
74,0,0,1,0,0,1,25,0,0,3,18,1
79,0,0,0,0,0,1,3,5,1,4,10,0
52,0,0,0,0,0,2,0,0,1,4,16,0
73,0,0,0,0,0,3,6,1,0,12,12,1
28,0,0,0,0,0,1,0,0,0,3,12,1
79,0,0,1,0,1,6,11,0,0,5,25,1
63,0,0,1,0,0,1,8,0,0,3,10,0
18,0,0,0,0,0,1,2,0,0,1,9,1
57,0,0,1,0,0,1,11,1,0,4,23,1
74,0,0,1,0,0,3,0,4,0,3,20,0
53,0,0,1,0,0,2,0,0,0,6,16,1
42,0,0,0,1,0,3,0,0,0,2,23,1
34,0,0,0,0,0,3,1,2,0,1,17,0
58,0,0,0,0,0,3,0,0,0,4,15,0
29,0,0,0,0,0,1,0,0,0,2,10,0
184,0,0,1,1,0,3,28,11,0,3,14,1
28,0,0,1,0,0,1,3,0,0,1,21,1
74,0,0,0,0,0,1,0,5,0,1,14,0
53,0,0,0,0,0,3,8,0,0,7,20,0
16,0,0,0,0,0,1,0,0,0,1,15,0
155,0,0,1,1,0,5,45,7,0,3,19,1
25,0,0,1,0,0,1,0,0,1,1,24,0
82,0,0,0,0,0,4,30,2,0,2,25,1
33,0,0,0,0,0,3,0,0,0,2,11,0
31,0,0,0,0,0,2,3,1,0,1,22,1
103,0,0,1,1,0,6,2,5,0,8,20,1
55,0,0,1,0,0,4,5,0,0,3,24,0
16,0,0,0,0,0,2,0,0,0,1,12,0
16,0,0,0,0,0,2,0,0,0,1,15,0
42,0,0,0,0,0,2,7,2,0,1,14,0
22,0,0,0,0,0,2,0,0,0,1,21,0
61,0,0,0,0,0,3,5,0,0,6,14,0
10,0,0,0,0,0,1,0,0,0,1,9,0
74,0,0,0,0,0,2,13,8,0,2,16,0
59,0,0,1,0,0,3,3,0,0,4,18,1
33,0,0,0,0,0,3,0,1,0,1,14,0
52,0,0,1,0,0,2,0,0,0,5,10,1
12,0,0,0,0,0,1,0,0,0,1,11,0
23,0,0,0,0,0,2,0,0,0,2,17,0
32,0,0,0,0,0,2,0,1,0,2,16,0
63,0,0,0,1,0,5,0,2,0,4,13,1
22,0,0,0,0,0,2,0,0,0,1,21,1
179,1,0,1,1,0,13,47,3,0,3,116,1
25,0,0,0,0,0,1,0,0,0,1,24,1
17,0,0,0,0,0,1,0,0,0,1,16,0
24,0,0,0,0,0,2,0,0,0,0,24,1
19,0,0,1,0,0,1,0,0,0,1,18,0
87,0,0,1,0,0,1,0,0,0,7,14,1
48,0,0,0,0,0,3,0,0,0,1,31,0
39,0,0,0,0,0,2,0,0,0,4,16,1
27,0,0,0,0,0,2,4,0,0,2,14,0
48,0,0,0,0,0,1,1,0,0,5,23,0
31,0,0,0,0,0,1,2,4,0,1,6,0
13,0,0,0,0,0,1,0,0,1,1,6,1
72,0,0,0,0,0,2,30,0,0,6,14,1
40,0,0,0,0,0,1,4,2,0,3,18,0
24,0,0,0,0,0,2,1,0,0,1,11,0
36,0,0,0,0,0,1,0,2,0,1,15,0
12,0,0,0,0,0,1,0,0,0,1,4,1
30,0,0,1,0,0,3,0,2,0,1,17,0
17,0,0,0,0,0,1,0,0,0,2,12,1
41,0,0,0,1,0,2,0,0,0,3,22,1
186,0,0,1,0,0,1,30,0,0,8,11,1
62,0,0,0,0,0,3,0,1,0,2,26,0
69,0,0,1,0,0,2,3,0,0,5,16,1
50,0,0,0,0,0,4,8,2,0,1,22,1
46,0,0,0,1,0,3,4,3,0,2,24,1
72,0,0,1,0,0,1,6,0,0,4,13,0
75,0,0,0,0,0,1,6,1,0,3,13,1
39,0,0,0,0,0,2,0,0,0,2,18,0
40,0,0,0,0,0,3,0,1,0,1,22,0
33,0,0,0,0,0,2,0,1,0,2,16,0
28,0,0,0,0,0,2,0,0,1,1,27,0
56,0,0,0,0,0,2,1,0,0,1,35,0
24,0,0,0,0,0,2,1,0,0,1,15,0
18,0,0,0,0,0,1,0,0,0,1,12,0
56,0,0,1,0,0,1,0,0,0,2,10,0
56,0,1,0,0,0,3,0,2,0,1,23,1
32,0,0,0,0,0,2,0,0,0,2,15,1
31,0,0,0,0,0,2,2,1,0,2,13,0
40,0,0,0,0,0,2,0,0,0,3,20,1
100,0,0,1,0,0,3,6,6,0,4,21,0
27,0,0,0,0,0,2,0,0,0,1,22,0
151,0,0,0,0,0,2,21,6,0,2,11,1
17,0,0,0,0,0,1,0,0,0,1,16,0
16,0,0,0,0,0,1,3,0,0,1,8,1
37,0,0,0,0,0,2,0,0,0,4,6,0
32,0,0,0,0,0,1,0,0,0,3,14,1
74,0,0,1,0,0,3,6,0,1,3,29,0
41,0,0,0,0,0,1,2,1,0,5,11,0
49,0,0,1,0,0,1,0,0,0,1,15,0
49,0,0,0,0,0,2,5,2,0,2,16,0
44,0,0,0,0,0,4,3,0,0,2,28,0
74,0,0,0,1,0,6,3,0,0,4,23,1
534,0,0,0,0,0,2,132,2,0,3,16,1
22,0,0,0,0,0,2,0,0,0,1,21,1
130,0,0,1,0,0,3,10,4,0,9,19,1
97,0,0,1,1,0,6,5,5,0,8,13,1
104,0,0,1,1,0,7,2,5,0,8,15,1
181,0,0,1,1,0,14,33,0,0,1,164,1
337,0,0,1,1,0,3,41,10,0,3,44,1
17,0,0,0,0,0,1,1,0,0,1,11,1
43,0,0,0,0,0,1,4,1,0,2,13,0
29,0,0,1,0,0,1,0,0,0,3,14,0
65,0,0,1,0,0,4,7,4,0,3,14,1
74,0,0,1,0,0,3,6,0,1,3,21,0
72,0,0,1,0,0,2,7,0,0,3,9,0
54,0,0,1,1,0,1,6,0,0,6,18,1
37,0,0,0,0,0,2,0,1,0,2,20,0
51,0,0,1,0,0,1,6,0,0,4,14,0
97,0,0,1,1,0,7,14,7,0,5,39,1
28,0,0,0,0,0,3,0,0,0,2,20,0
24,0,0,0,0,0,1,0,0,0,1,11,1
33,0,0,0,0,0,2,1,0,0,2,16,1
45,0,0,0,0,0,2,9,1,0,2,16,1
35,0,0,0,0,0,2,0,0,0,1,24,0
68,0,0,0,0,0,1,17,0,0,5,15,1
40,0,0,0,0,0,2,0,0,0,3,9,0
76,0,0,0,0,0,2,6,11,0,2,16,0
18,0,0,0,0,0,2,0,0,0,1,17,1
47,0,0,0,0,0,3,0,1,1,2,20,1
72,0,0,0,0,0,5,7,0,0,2,23,1
97,0,0,0,1,0,5,1,7,0,4,14,1
20,0,0,0,0,0,2,0,0,0,1,19,0
28,0,0,0,0,0,2,4,0,0,1,19,0
63,0,0,1,0,0,1,0,0,0,2,15,0
73,0,0,0,0,0,1,13,0,0,3,11,1
21,0,0,0,0,0,1,0,0,0,1,20,0
41,0,0,0,0,0,2,8,3,0,1,17,0
24,0,0,0,0,0,3,0,0,0,1,23,1
64,0,0,1,0,0,1,5,0,0,6,12,0
71,0,0,0,0,0,3,8,4,0,4,22,0
65,0,0,1,0,0,1,0,0,0,2,11,0
22,0,0,1,0,0,1,0,0,0,1,10,0
224,0,0,1,1,0,8,90,0,0,2,190,1
26,0,0,0,0,0,2,2,0,0,1,15,1
59,0,0,0,0,0,1,24,0,0,3,16,1
68,0,0,0,1,0,1,20,0,0,3,20,1
19,0,0,0,0,0,1,0,0,0,1,18,0
124,0,0,0,0,0,3,30,4,0,2,16,1
55,0,0,1,0,0,2,0,0,0,4,18,0
28,0,0,0,0,0,2,6,0,0,3,11,0
53,0,0,1,0,0,2,0,0,1,1,24,0
42,0,0,0,0,0,2,0,0,0,4,16,0
23,0,0,1,0,0,1,0,0,0,1,15,1
36,0,0,0,0,0,1,22,0,0,3,11,1
20,0,0,0,0,0,1,0,0,0,1,19,0
31,0,0,0,0,0,1,2,2,0,1,11,0
39,0,0,0,1,0,2,0,0,0,3,20,1
30,0,0,0,0,0,1,5,0,0,2,24,0
36,0,0,0,0,0,2,0,0,0,3,21,1
23,0,0,0,0,0,1,1,0,0,1,15,1
24,0,0,0,0,0,3,0,0,0,1,16,0
39,0,0,1,0,0,1,3,0,0,3,13,0
60,0,0,1,0,0,3,0,0,0,6,10,1
175,0,0,1,1,0,2,47,7,0,5,21,1
35,0,0,1,1,0,2,0,0,0,2,19,1
34,0,0,0,1,0,2,0,0,0,3,13,1
67,0,0,1,0,0,2,6,2,1,2,18,0
94,0,0,0,0,0,4,11,2,0,3,30,1
25,0,0,1,0,0,2,0,0,0,1,13,0
76,0,0,1,0,0,1,7,0,0,3,21,0
187,0,0,0,1,0,2,66,6,0,7,19,1
47,0,0,0,0,0,3,1,0,0,3,24,1
103,0,0,1,1,0,2,24,5,0,3,18,1
26,0,0,0,0,0,2,0,0,0,1,16,0
68,0,0,1,0,0,1,12,0,0,3,10,0
39,0,0,1,0,0,1,0,0,0,2,11,0
64,0,0,0,1,0,6,3,2,1,3,10,0
72,0,0,0,0,0,2,23,0,0,6,14,1
35,0,0,0,0,1,3,12,3,0,2,12,0
71,0,0,1,0,0,3,0,0,0,5,10,1
79,0,0,0,0,0,2,4,2,0,2,15,1
308,0,1,1,1,0,14,64,20,0,7,16,1
161,0,0,1,0,0,2,17,2,0,3,27,0
27,0,0,0,0,0,1,4,0,0,2,17,0
24,0,0,0,0,0,1,0,0,0,1,23,0
105,0,0,1,0,0,1,40,0,0,5,22,1
54,0,0,1,0,0,2,0,0,0,1,21,0
44,0,0,0,0,0,2,0,3,0,2,8,0
38,0,0,0,0,0,3,0,0,0,2,19,1
29,0,0,0,0,0,2,0,0,0,2,9,1
26,0,0,1,0,0,2,0,0,0,1,25,0
55,0,0,0,0,0,2,0,3,0,2,17,0
30,0,0,0,0,0,1,0,0,0,3,8,0
68,0,0,1,0,0,2,6,0,0,5,14,0
42,0,0,0,0,0,1,7,1,0,3,11,0
164,0,0,1,1,0,2,61,5,0,4,18,1
66,0,0,0,0,0,2,1,1,0,6,11,1
42,0,0,1,0,0,1,0,0,0,5,21,1
86,0,0,1,0,0,3,4,0,0,3,12,0
27,0,0,1,0,0,3,0,0,0,1,26,1
42,0,0,1,0,0,2,8,0,0,5,15,0
18,0,0,0,0,1,3,14,0,0,0,18,1
31,0,0,0,0,0,2,0,0,0,1,30,0
217,0,0,0,0,0,4,20,3,0,2,23,1
41,0,0,1,0,0,1,6,0,0,3,11,0
44,0,0,0,0,0,1,2,0,0,5,9,1
49,0,0,1,0,0,1,3,0,0,5,13,0
84,0,0,1,0,0,2,0,0,0,9,14,1
45,0,0,1,0,0,2,0,0,0,2,22,0
31,0,0,0,0,0,1,3,2,0,1,11,0
92,0,0,1,1,0,1,13,1,0,8,19,1
50,0,0,0,0,0,1,7,2,0,3,20,0
31,0,0,0,0,0,1,2,2,0,1,11,0
33,0,0,0,0,0,1,3,0,0,5,7,0
32,0,0,0,0,0,2,0,1,0,1,13,1
45,0,0,1,0,0,1,0,0,0,2,18,0
50,0,0,0,1,0,4,0,1,0,2,23,1
29,0,0,0,0,0,1,0,0,0,1,20,0
50,0,0,0,0,0,1,8,1,0,3,11,0
34,0,0,0,0,0,3,0,0,0,2,15,0
131,0,0,1,0,0,1,9,0,0,5,20,0
44,0,0,1,1,1,6,10,0,0,2,13,1
13,0,0,0,0,0,1,0,0,0,1,12,1
219,0,0,1,1,0,4,78,5,0,4,18,1
41,0,0,1,0,0,2,5,0,0,1,12,0
52,0,0,0,0,0,2,0,0,0,3,26,1
26,0,0,0,0,0,3,0,0,0,2,19,0
56,0,0,0,0,0,2,0,5,0,2,16,0
133,0,0,1,0,0,4,3,6,0,4,36,1
39,0,0,1,0,0,3,0,0,0,1,38,0
24,0,0,0,0,0,1,7,0,0,3,8,0
35,0,0,0,0,0,3,1,0,0,2,19,1
54,0,0,0,0,0,3,7,0,0,1,16,1
33,0,0,0,0,0,2,6,0,0,2,7,0
49,0,0,0,0,0,3,3,0,1,1,32,1
23,0,0,0,0,0,1,0,0,0,1,22,0
89,0,0,1,0,0,2,7,0,0,3,12,0
25,0,0,0,0,0,3,0,0,0,1,14,0
46,0,0,1,0,0,1,6,0,0,2,10,0
35,0,0,1,0,0,3,14,0,1,1,13,0
197,0,0,1,1,0,3,48,10,0,3,26,1
126,0,0,1,1,0,9,1,8,1,5,35,1
29,0,0,0,0,0,1,0,0,0,3,14,0
16,0,0,0,0,0,1,0,0,0,1,9,0
59,0,0,0,0,0,2,0,1,0,4,13,0
25,0,0,1,0,0,2,0,0,0,2,20,0
56,0,0,0,0,0,2,0,1,1,3,29,1
48,0,0,0,0,0,1,1,1,0,4,15,1
44,0,0,1,0,0,2,0,0,0,2,11,0
52,0,0,0,0,0,3,2,0,0,3,23,1
118,0,0,1,0,0,1,10,1,0,3,9,1
41,0,0,0,0,0,4,2,0,0,3,17,0
37,0,0,0,1,0,3,0,0,0,1,21,0
32,0,0,0,0,0,2,0,0,1,1,31,0
29,0,0,0,0,0,2,6,0,0,2,14,1
40,0,0,0,0,0,2,0,1,0,6,11,0
22,0,0,0,0,0,1,0,0,0,1,21,1
31,0,0,0,0,0,3,0,0,0,3,14,0
22,0,0,0,0,1,4,10,0,0,1,13,1
50,0,0,1,0,0,2,2,0,0,1,21,0
54,0,0,0,0,0,3,0,0,0,3,22,1
38,0,0,0,0,0,2,0,0,0,1,37,0
41,0,0,1,0,0,3,5,2,0,1,20,1
39,0,0,0,1,0,2,0,0,0,2,14,1
37,0,0,0,0,0,1,0,0,0,3,26,1
25,0,0,0,0,0,3,3,0,0,1,14,0
14,0,0,0,0,0,2,0,0,0,1,13,0
38,0,0,0,0,0,2,0,0,0,2,22,1
47,0,0,0,0,0,2,9,2,0,2,12,0
52,0,0,0,0,0,2,0,0,0,5,15,0
66,0,0,1,1,0,5,0,4,0,2,19,1
58,0,0,0,0,0,2,20,0,0,2,24,1
31,0,0,0,0,0,1,3,2,0,1,11,0
82,0,0,1,0,0,1,0,0,0,2,12,0
24,0,0,0,0,0,1,7,0,0,3,8,0
23,0,0,0,0,0,1,0,0,0,1,22,0
33,0,0,0,0,0,2,1,0,0,2,13,1
32,0,0,0,0,0,3,0,0,0,2,15,1
54,0,0,1,0,0,2,1,2,0,5,12,1
28,0,0,0,0,0,3,0,0,0,2,15,1
16,0,0,0,0,0,1,0,0,0,1,15,1
26,0,0,0,0,0,1,0,0,0,1,25,1
25,0,0,0,0,0,1,0,0,0,1,17,0
25,0,0,0,1,0,2,0,0,0,1,15,0
24,0,0,0,0,0,2,0,0,0,1,15,0
72,0,0,0,1,0,3,8,0,0,2,16,1
186,0,0,1,1,0,2,73,5,0,3,7,1
27,0,0,0,0,0,1,0,0,0,3,14,1
22,0,0,0,0,0,1,0,0,0,1,21,0
25,0,0,0,1,1,3,10,1,0,2,13,1
52,0,0,0,0,0,3,4,0,0,4,22,0
35,0,0,0,0,0,3,0,0,0,1,27,0
131,0,0,0,0,0,4,2,14,0,3,15,1
63,0,0,0,0,0,5,4,1,0,2,41,0
79,0,0,0,0,0,3,7,4,1,4,23,0
22,0,0,0,0,0,2,4,0,0,1,10,1
82,0,0,0,0,0,3,25,0,0,5,20,1
75,0,0,1,0,0,4,3,2,0,3,16,1
93,0,0,1,0,0,1,8,0,0,5,22,0
26,0,0,0,0,0,2,0,0,0,2,16,0
26,0,0,1,0,0,2,0,0,0,1,25,1
31,0,0,1,1,0,1,0,0,0,1,11,1
33,0,0,0,0,0,2,0,1,0,2,16,0
43,0,0,0,0,0,3,0,2,0,3,12,1
17,0,0,0,0,0,1,0,0,0,1,16,0
37,0,0,0,0,0,2,0,0,0,1,22,0
31,0,0,0,0,0,2,4,4,0,2,9,1
45,0,0,1,0,0,2,5,0,0,5,15,0
25,0,0,0,0,1,4,13,0,0,1,13,1
69,0,0,0,0,0,1,26,0,0,4,23,1
89,0,0,1,1,0,6,2,5,0,8,12,1
94,0,0,1,0,0,1,7,0,0,5,19,0
54,0,0,1,0,0,3,6,1,0,5,21,0
17,0,0,0,0,0,1,0,0,0,1,16,0
73,0,0,1,0,0,2,4,0,0,4,21,0
29,0,0,0,0,0,2,3,0,0,1,20,1
108,0,0,1,1,0,2,11,1,0,3,20,1
42,0,0,0,0,0,2,0,1,0,2,16,0
35,0,0,1,0,0,1,4,0,0,2,8,0
71,0,0,1,0,0,1,11,0,0,2,18,0
44,0,0,1,1,0,3,0,1,0,1,20,1
286,0,0,1,1,0,6,43,28,0,1,19,1
34,0,0,0,0,0,2,0,0,1,1,33,0
34,0,0,0,0,0,2,0,0,0,1,21,0
48,0,0,1,0,0,2,0,0,0,3,11,0
30,0,0,0,0,0,1,3,0,0,2,13,0
52,0,0,1,0,0,2,0,1,0,4,15,1
11,0,0,0,0,0,1,4,0,0,0,11,1
17,0,0,0,0,0,1,0,0,0,2,12,1
35,0,0,0,0,0,3,1,1,1,1,18,0
54,0,0,0,0,0,3,0,1,0,6,16,1
34,0,0,0,0,0,1,0,0,0,1,11,0
69,0,0,0,0,0,1,23,0,0,5,18,1
38,0,0,0,0,0,1,2,0,0,3,9,0
45,0,0,0,0,0,2,11,0,0,6,13,0
61,0,0,1,0,0,1,6,0,0,4,20,0
29,0,0,0,0,0,2,2,0,0,1,28,1
37,0,0,1,1,0,1,0,0,0,5,11,1
84,0,0,1,0,0,1,13,0,0,6,12,0
13,0,0,0,0,0,1,0,0,0,1,12,0
80,0,0,1,0,0,1,5,0,0,5,13,0
78,0,0,1,0,0,2,0,0,0,1,77,1
27,0,0,0,0,0,2,0,0,0,2,14,0
117,0,0,1,1,0,6,5,7,0,12,13,1
12,0,0,0,0,1,3,8,0,0,1,11,1
27,0,0,0,0,0,1,7,0,0,3,8,0
50,0,0,1,0,0,1,0,0,0,3,10,0
55,0,0,1,0,0,3,0,0,1,4,16,0
25,0,0,0,0,0,2,2,0,0,1,16,1
124,0,0,1,1,0,6,20,1,0,10,13,1
21,0,0,0,0,0,1,6,0,0,3,12,1
29,0,0,0,0,0,2,2,0,0,2,11,0
12,0,0,0,0,0,2,0,0,0,1,11,0
49,0,0,1,0,0,1,13,0,0,5,10,0
33,0,0,0,0,0,2,0,0,0,2,14,1
63,0,1,0,0,0,4,2,2,0,3,10,1
35,0,0,0,0,0,2,6,0,0,2,12,0
35,0,0,0,0,0,2,0,1,0,2,14,1
51,0,0,0,0,0,1,1,0,0,4,24,1
40,0,0,0,0,0,2,3,0,0,2,13,1
34,0,0,1,0,0,2,0,0,0,1,18,0
31,0,0,0,0,0,1,2,2,0,1,11,0
66,0,0,0,0,0,3,16,7,0,2,11,0
82,0,0,1,0,0,1,9,0,0,3,10,0
114,0,0,1,1,0,4,12,2,0,7,14,1
38,0,0,0,0,0,2,2,0,0,4,17,1
86,0,0,1,0,0,1,6,8,0,5,9,0
20,0,0,0,0,0,2,0,0,0,1,19,1
22,0,0,0,0,0,2,0,0,0,3,14,0
132,0,0,1,1,0,6,27,0,1,1,131,1
26,0,0,0,0,0,3,0,0,0,1,16,1
24,0,0,0,0,0,3,0,0,0,1,16,0
17,0,0,0,0,0,1,0,0,0,1,16,1
45,0,0,0,0,0,2,2,2,0,2,13,0
27,0,0,0,0,0,2,0,0,0,1,14,0
145,0,0,1,0,0,5,9,10,0,3,25,1
96,0,0,1,1,0,2,7,1,0,10,13,1
65,0,0,0,1,0,2,0,1,0,7,15,1
36,0,0,0,0,0,1,0,0,1,2,23,0
71,0,0,1,0,0,2,6,0,0,2,20,0
83,0,0,1,1,0,11,0,0,0,2,19,1
252,0,0,0,0,0,2,99,5,0,4,20,1
54,0,0,0,0,0,3,0,0,0,4,24,1
42,0,0,0,0,0,1,6,2,0,4,10,0
169,0,0,0,0,0,2,97,1,0,5,13,1
87,0,0,0,0,0,5,0,1,0,3,41,0
27,0,0,0,0,0,1,0,0,0,2,18,1
20,0,0,0,0,0,1,0,0,0,1,10,0
64,0,0,0,0,0,1,8,5,0,2,12,0
33,0,0,0,1,0,2,4,2,0,1,16,0
83,0,0,0,0,0,4,12,2,0,3,27,1
26,0,0,0,0,0,2,0,0,0,2,16,0
83,0,0,1,1,0,7,3,0,0,3,18,1
51,0,0,1,0,0,2,10,0,0,6,11,0
31,0,0,0,0,0,2,0,0,0,4,15,1
805,0,0,1,0,0,13,198,82,1,1,17,1
25,0,0,0,0,0,2,0,0,0,3,18,1
229,0,0,1,0,0,2,3,0,0,4,14,0
27,0,0,0,0,0,2,0,0,0,1,20,0
27,0,0,0,0,0,1,0,0,0,1,20,0
141,0,0,1,1,0,2,0,4,0,8,22,1
72,0,0,0,0,0,2,0,0,0,3,21,0
77,0,0,1,0,0,3,8,2,0,2,19,0
164,0,0,0,0,0,3,26,10,0,4,26,0
18,0,0,0,0,0,3,0,0,0,1,17,0
641,0,0,1,0,0,9,142,54,0,1,17,1
60,0,0,0,0,0,4,0,0,0,3,17,1
18,0,0,0,0,0,2,0,0,0,0,18,1
57,0,0,1,0,0,2,2,3,0,2,16,0
26,0,0,0,0,0,1,2,1,0,1,13,0
49,0,0,1,0,0,1,5,0,0,2,18,0
85,0,0,1,0,0,1,9,2,0,6,12,1
98,0,0,1,1,0,6,2,5,0,8,9,1
63,0,0,1,0,0,1,10,0,0,3,10,0
31,0,0,0,0,0,2,0,0,0,1,18,0
67,0,0,0,0,0,3,2,4,0,3,19,0
77,0,0,1,0,0,3,0,0,0,3,15,0
20,0,0,0,0,0,1,6,0,0,2,11,1
29,0,0,0,0,0,1,1,3,0,1,13,0
42,0,0,1,0,0,1,0,0,0,2,14,0
12,0,0,0,0,0,1,3,0,0,0,12,1
53,0,0,1,1,0,2,0,0,0,4,14,1
111,0,0,1,1,0,6,6,9,0,6,14,1
126,0,0,1,1,0,2,7,4,0,6,12,0
27,0,0,0,0,0,1,0,0,0,1,13,0
17,0,0,0,0,0,1,0,0,0,1,10,1
32,0,0,0,0,0,1,0,0,0,2,16,0
21,0,0,1,0,0,1,0,0,0,1,20,0
50,0,0,0,0,0,3,5,2,0,3,18,0
52,0,0,0,0,0,3,3,2,0,1,23,1
80,0,0,1,0,0,1,8,0,1,5,19,0
25,0,0,0,0,0,1,0,0,0,1,24,0
32,0,0,0,0,0,3,0,0,0,3,19,0
30,0,0,0,0,0,1,3,0,0,2,12,0
187,0,0,1,1,0,5,39,7,0,9,18,1
49,0,0,0,0,0,2,8,2,0,2,10,1
42,0,0,0,0,0,2,0,0,0,3,13,1
17,0,0,0,0,1,3,13,0,0,0,17,1
26,0,0,0,0,0,1,1,1,0,1,13,0
28,0,0,0,0,0,2,0,0,0,2,14,1
24,0,0,0,0,0,1,0,0,0,2,15,1
39,0,0,0,0,0,1,12,0,0,6,14,0
47,0,0,0,0,0,2,0,0,0,4,19,1
70,0,0,0,0,0,2,5,4,0,2,16,0
70,0,0,0,0,0,1,0,4,0,2,21,0
39,0,0,0,0,0,2,2,2,0,2,16,0
42,0,0,0,0,0,2,7,2,0,1,14,0
17,0,0,0,0,0,1,1,0,0,1,16,0
109,0,0,1,0,0,1,10,0,0,5,16,0
21,0,0,0,0,1,3,9,2,0,3,11,1
37,0,0,0,0,0,1,0,0,0,3,18,1
81,0,0,0,0,0,2,4,1,0,3,11,0
68,0,0,0,0,0,2,0,4,0,1,17,0
113,0,0,1,1,0,3,4,11,1,2,10,1
160,0,0,1,1,0,5,40,6,0,2,38,1
48,0,0,0,0,0,2,1,2,0,2,9,0
34,0,0,0,0,0,2,0,0,0,3,14,1
27,0,0,0,0,0,1,0,0,0,3,10,0
42,0,0,1,0,0,1,2,1,0,2,14,0
28,0,0,0,0,0,2,0,1,0,1,23,1
44,0,0,1,0,0,2,0,0,0,3,9,0
39,0,0,1,0,0,1,0,0,0,2,13,1
25,0,0,0,0,0,2,0,0,1,1,24,0
35,0,0,1,0,0,3,14,0,1,1,13,0
43,0,0,1,0,0,3,0,0,0,2,19,1
151,0,0,1,1,0,4,37,0,0,3,18,1
39,0,0,1,0,0,2,0,1,0,2,16,0
26,0,0,0,0,1,3,10,0,0,3,13,1
128,0,0,0,0,0,10,28,7,0,9,15,1
48,0,0,1,0,0,1,1,0,0,3,9,0
26,0,0,1,0,0,1,0,0,0,2,9,0
35,0,0,0,0,0,2,0,1,0,2,16,0
31,0,0,0,0,0,1,0,3,0,1,11,0
37,0,0,0,0,0,4,1,0,0,2,16,0
31,0,0,1,0,0,2,2,0,1,1,30,1
50,0,0,0,0,1,4,11,1,0,3,13,1
29,0,0,0,1,0,2,0,0,0,2,11,1
73,0,0,1,0,0,5,0,2,0,5,19,1
69,0,0,0,0,0,1,25,0,0,6,10,1
171,0,0,0,1,0,14,22,7,0,3,118,1
24,0,0,1,0,0,2,4,0,0,1,18,1
31,0,0,0,0,0,1,1,2,0,1,11,0
34,0,0,1,0,0,2,1,1,0,2,10,0
33,0,0,0,0,0,3,0,0,0,1,21,1
63,0,0,1,0,0,1,0,0,0,3,19,0
40,0,0,0,0,0,3,4,1,0,2,19,0
85,0,0,0,1,0,4,1,7,0,4,10,1
158,0,0,1,1,0,6,62,0,0,2,134,1
33,0,0,0,0,0,1,0,0,0,2,23,1
76,0,0,1,1,0,2,1,0,0,6,24,1
64,0,0,0,0,0,2,0,4,0,4,22,0
32,0,0,0,0,0,1,2,0,0,1,24,1
93,0,0,0,0,0,3,11,5,0,3,16,0
85,0,0,1,0,0,2,0,0,0,9,10,1
37,0,0,0,0,0,1,1,0,0,1,27,1
50,0,0,1,0,0,2,0,0,0,3,28,1
27,0,0,0,0,0,2,4,0,0,2,14,0
27,0,0,0,0,0,1,7,0,0,3,8,0
41,0,0,1,0,0,1,8,0,0,5,12,0
64,0,0,1,0,0,2,8,0,0,1,15,0
31,0,0,0,0,0,3,1,0,0,3,17,1
115,0,0,0,0,0,3,7,5,0,2,13,1
371,0,0,1,1,0,3,48,10,0,3,45,1
39,0,0,0,0,0,2,0,0,0,2,11,0
47,0,0,0,0,0,2,0,0,0,4,20,1
34,0,0,0,0,0,3,0,0,0,2,18,1
38,0,0,0,0,0,2,0,0,1,1,37,0
45,0,0,1,0,0,3,1,0,0,1,20,0
73,0,0,0,1,0,3,10,0,0,2,16,1
20,0,0,0,0,0,3,3,0,0,1,12,1
38,0,0,0,0,0,1,1,2,0,3,14,0
91,0,0,1,0,0,2,13,6,0,3,10,0
30,0,0,0,1,0,3,0,1,0,1,14,1
66,0,0,0,0,0,1,10,8,0,2,19,0
45,0,0,0,0,0,2,1,0,0,5,13,0
70,0,1,0,0,0,4,1,2,0,4,12,1
46,0,0,1,0,0,1,1,0,0,3,9,0
58,0,0,1,1,0,2,0,0,0,4,24,1
92,0,0,1,1,0,6,2,5,0,8,16,1
32,0,0,0,0,0,2,1,0,0,2,16,1
34,0,0,1,0,0,1,8,0,0,3,11,0
39,0,0,1,0,0,2,0,0,1,2,24,0
33,0,0,1,0,0,1,0,0,0,2,21,1
51,0,0,0,1,0,2,1,0,0,3,17,1
81,0,0,1,0,0,2,14,0,0,5,27,0
94,0,0,1,1,0,5,3,5,0,8,10,1
18,0,0,0,0,0,1,0,0,0,1,17,0
33,0,0,0,0,0,3,0,0,0,2,22,0
28,0,0,0,0,0,1,0,0,0,3,8,0
34,0,0,0,1,0,3,1,2,0,3,7,1
68,0,0,0,0,0,1,6,3,0,6,17,0
248,0,0,0,0,0,14,62,18,0,2,15,1
49,0,0,1,0,0,1,14,0,0,4,26,0
22,0,0,0,0,0,3,0,0,0,1,10,1
23,0,0,0,0,0,1,3,0,0,1,22,0
109,0,0,0,0,0,2,0,0,0,5,11,0
50,0,0,1,0,0,2,0,0,0,3,25,0
23,0,0,0,0,0,3,1,0,0,1,16,1
23,0,0,0,0,0,1,2,0,0,1,14,1
18,0,0,1,0,0,2,0,0,0,1,17,1
32,0,0,0,0,0,2,0,0,0,2,16,0
41,0,0,1,0,0,3,3,2,0,1,16,0
32,0,0,0,0,0,2,0,0,1,1,31,0
44,0,0,1,0,0,1,2,0,0,3,9,0
16,0,0,0,0,0,2,0,0,0,1,15,0
31,0,0,1,0,0,1,0,0,0,2,14,0
24,0,0,0,0,0,3,0,0,0,1,15,0
24,0,0,0,0,0,1,0,0,1,3,13,1
140,0,0,1,1,0,10,31,4,1,3,73,1
93,0,0,1,1,0,1,20,0,0,7,18,1
16,0,0,0,0,0,1,0,0,0,2,11,1
39,0,0,1,0,0,1,9,0,0,3,12,0
83,0,0,1,1,0,4,26,2,0,1,28,1
124,0,0,0,0,0,2,12,23,0,1,14,1
25,0,0,1,0,0,2,0,0,0,0,25,1
67,0,0,1,0,0,2,6,0,0,3,19,0
38,0,0,0,0,0,1,0,2,0,1,12,0
87,0,0,0,0,0,2,19,1,0,5,21,1
31,0,0,0,0,0,4,0,2,0,1,20,0
82,0,0,0,0,0,1,5,0,0,1,10,1
39,0,0,1,0,0,3,0,0,0,2,20,1
31,0,0,0,0,0,1,3,2,0,1,11,0
36,0,0,0,0,0,2,0,0,0,4,16,1
36,0,0,1,0,0,1,0,0,0,1,10,0
69,0,0,1,0,0,2,6,0,0,3,22,0
72,0,0,0,0,0,2,6,7,0,2,16,0
43,0,0,1,0,0,2,6,0,0,3,24,1
49,0,0,0,0,0,2,2,3,0,4,16,1
32,0,0,1,0,0,2,0,0,0,1,31,1
34,0,0,0,0,0,2,2,2,0,1,10,1
48,0,0,0,0,0,2,0,0,0,7,12,1
348,0,0,1,1,0,11,33,25,0,3,39,1
60,0,0,1,0,0,2,5,0,0,4,28,1
130,0,0,0,0,0,2,25,7,0,5,20,1
52,0,0,1,0,0,1,0,0,0,3,16,0
16,0,0,0,0,0,1,0,0,0,1,10,1
27,0,0,0,0,0,1,6,0,0,3,18,0
43,0,0,0,0,0,1,0,3,0,1,20,0
88,0,0,0,0,0,1,10,0,0,1,9,1
37,0,0,0,0,0,1,0,0,0,5,13,1
36,0,0,0,0,0,2,0,1,0,2,16,0
78,0,0,1,0,0,2,0,0,1,2,15,0
82,0,0,0,0,0,1,10,2,0,1,12,0
70,0,0,0,0,1,6,10,0,0,5,17,1
61,0,0,1,0,0,2,6,0,0,3,14,0
49,0,0,1,0,0,3,1,0,0,3,10,1
282,0,0,0,1,0,6,58,16,0,1,37,1
33,0,0,0,1,0,2,0,2,0,2,11,1
31,0,0,1,0,0,1,1,2,0,1,11,0
19,0,0,0,0,0,2,0,0,0,1,9,0
47,0,0,1,0,0,2,0,2,0,1,26,0
66,0,0,1,0,0,1,17,0,0,5,15,0
19,0,0,0,0,0,1,0,0,0,1,14,0
60,0,0,1,0,0,2,0,1,0,6,19,1
61,0,0,1,0,0,1,16,0,0,5,18,1
53,0,0,1,0,0,1,12,0,0,6,18,0
53,0,0,0,0,0,3,0,2,0,3,10,0
37,0,0,0,0,0,2,2,0,0,1,23,1
62,0,0,1,0,0,1,12,0,0,3,12,0
65,0,0,1,0,0,3,0,1,0,2,23,0
52,0,0,0,0,0,2,8,0,0,4,16,1
120,0,0,0,1,0,11,26,0,0,2,112,1
102,0,0,1,0,0,2,8,0,0,6,8,0
66,0,1,0,0,0,4,0,2,1,3,22,1
54,0,0,0,0,0,5,7,0,0,3,20,1
16,0,0,0,0,0,1,0,0,0,1,15,0
39,0,0,0,0,0,2,0,1,0,2,16,0
17,0,0,0,0,1,3,13,0,0,0,17,1
30,0,0,1,0,0,2,0,0,0,1,10,0
21,0,0,0,0,0,2,0,0,0,2,11,0
155,0,0,1,0,0,2,9,5,0,7,18,0
34,0,0,0,0,0,2,0,1,0,2,16,0
45,0,0,0,0,0,2,0,0,0,5,11,1
49,0,0,1,0,0,1,0,0,0,2,19,0
37,0,0,0,0,0,3,1,0,0,2,20,1
45,0,0,0,0,0,2,4,2,0,3,12,0
60,0,0,0,0,0,3,15,4,0,2,23,0
232,0,0,1,0,0,12,0,2,0,5,12,1
25,0,0,0,0,0,1,7,0,0,3,8,0
43,0,0,0,0,0,2,4,2,0,1,19,0
40,0,0,0,0,0,2,0,0,0,3,17,1
33,0,0,0,0,0,3,0,0,0,3,14,0
33,0,0,0,0,0,1,0,0,0,4,12,0
40,0,0,0,0,0,1,0,0,0,6,11,1
191,0,0,1,1,0,22,9,0,0,1,171,1
37,0,0,0,0,0,2,0,0,0,2,19,0
42,0,0,1,0,0,2,1,0,0,3,17,1
31,0,0,1,0,0,1,2,3,0,1,11,0
61,0,0,0,0,0,2,4,4,0,1,12,0
115,0,0,0,1,0,4,0,0,0,16,16,1
40,0,0,0,0,0,2,0,1,0,2,21,0
75,0,0,1,0,0,2,8,0,0,5,26,0
74,0,0,1,0,0,1,21,1,0,5,10,1
96,0,0,1,0,0,2,6,8,0,1,17,0
38,0,0,1,0,0,1,0,0,0,4,13,1
13,0,0,0,0,0,1,1,0,0,2,10,1
73,0,0,0,1,0,7,0,0,0,6,24,1
67,0,0,1,0,0,1,10,0,1,2,14,0
67,0,0,1,1,0,2,15,1,0,2,30,1
64,0,0,1,0,0,1,0,0,0,2,14,0
41,0,0,1,1,0,1,0,0,0,1,17,1
20,0,0,0,0,0,2,2,0,0,1,14,1
31,0,0,0,0,0,1,0,0,0,2,12,0
41,0,0,1,0,0,2,1,0,0,3,18,1
95,0,0,1,1,0,7,23,6,0,5,39,1
16,0,0,0,0,0,1,0,0,0,1,15,0
66,0,0,1,0,0,2,20,0,0,4,19,1
173,0,0,1,0,0,5,47,15,0,4,14,1
59,0,0,1,0,0,3,5,4,0,1,21,0
35,0,0,0,0,0,1,3,2,0,1,12,1
61,0,0,1,1,0,2,0,0,0,4,15,1
71,0,0,1,0,0,1,15,2,0,3,18,0
88,0,0,1,0,0,3,3,0,1,4,21,0
33,0,0,0,0,0,2,0,0,0,2,22,0
94,0,0,0,0,0,7,20,0,0,2,60,1
32,0,0,0,0,0,2,5,0,0,2,21,0
44,0,0,1,0,0,2,11,0,0,1,6,0
71,0,0,1,0,0,2,0,0,0,7,12,1
77,0,0,1,0,0,6,11,6,0,5,36,1
39,0,0,0,0,0,1,0,0,0,3,9,0
92,0,0,0,0,0,2,10,0,0,3,18,1
26,0,0,0,0,0,2,3,0,0,2,14,0
24,0,0,0,0,0,2,0,0,0,2,10,0
59,0,0,1,0,0,2,5,0,0,1,16,0
40,0,0,0,1,0,4,0,0,0,2,35,1
23,0,0,0,0,0,1,1,0,0,2,16,1
35,0,0,1,1,0,2,0,1,0,3,13,1
50,0,0,0,0,0,5,1,2,0,5,16,1
75,0,0,1,0,0,1,6,3,0,1,17,0
23,0,0,0,0,0,1,0,0,0,1,22,0
20,0,0,0,0,0,1,0,0,0,0,20,1
69,0,0,1,0,0,1,15,0,0,3,12,0
28,0,0,0,0,0,1,0,0,0,2,12,0
43,0,0,0,0,0,2,14,0,0,3,20,1
64,0,0,1,0,0,1,6,0,0,4,15,0
42,0,0,1,0,0,2,2,0,0,3,17,0
45,0,0,1,0,0,3,0,0,0,2,20,0
29,0,0,0,0,0,2,0,0,0,1,11,0
27,0,0,0,0,0,2,4,0,0,2,14,0
48,0,0,1,0,0,2,7,0,0,5,15,0
26,0,0,0,0,0,3,0,0,1,1,25,1
32,0,0,0,0,0,1,0,0,0,3,13,1
11,0,0,0,0,0,1,1,0,0,1,10,1
48,0,0,1,0,0,2,6,0,0,2,14,0
220,0,0,1,1,0,2,10,16,0,7,7,1
25,0,0,0,0,0,3,5,0,0,1,12,1
49,0,0,0,0,0,2,0,1,0,2,18,0
48,0,0,0,0,0,1,0,0,0,5,17,1
41,0,0,0,0,0,2,3,2,0,1,19,0
21,0,0,1,0,0,1,4,0,0,1,13,1
24,0,0,0,0,0,1,7,0,0,3,8,0
29,0,0,0,0,0,1,0,1,0,2,13,0
99,0,0,1,0,0,2,8,0,0,6,18,0
32,0,0,0,0,0,2,0,0,0,1,22,1
38,0,0,1,0,0,2,0,1,0,3,11,1
44,0,0,0,0,0,3,0,0,0,3,15,0
63,0,0,0,0,0,3,4,4,0,2,26,0
68,0,0,1,0,0,2,7,1,0,7,11,0
50,0,0,1,0,0,3,4,1,0,1,12,0
31,0,0,0,0,0,1,0,0,0,3,15,0
38,0,0,0,1,0,1,0,1,0,2,26,1
83,0,0,0,0,0,2,8,0,0,2,9,1
62,0,0,0,0,0,3,9,4,0,2,24,1
11,0,0,0,0,0,1,0,0,0,1,10,0
56,0,0,0,0,0,3,0,3,0,1,20,0
22,0,0,0,0,0,1,0,0,0,2,12,1
53,0,0,0,0,0,2,0,0,0,3,20,0
44,0,0,1,0,0,2,13,0,0,2,16,1
23,0,0,0,0,0,2,0,0,0,1,13,0
41,0,0,0,0,0,1,6,3,0,2,10,0
70,0,0,1,0,0,2,8,2,0,3,19,1
22,0,0,0,0,0,1,5,0,0,2,9,0
73,0,0,0,0,0,2,0,1,0,4,20,1
39,0,0,0,0,0,2,0,0,0,4,14,1
35,0,0,1,0,0,4,4,4,0,2,9,1
19,0,0,0,0,0,2,0,0,0,1,18,1
115,0,0,0,1,0,6,9,2,1,7,13,1
97,0,0,1,1,0,7,14,7,0,5,39,1
22,0,0,0,0,0,1,0,0,0,1,21,0
41,0,0,0,0,0,2,0,0,0,3,21,1
28,0,0,0,0,0,3,0,0,0,1,14,0
26,0,0,0,0,0,1,0,0,0,3,14,0
19,0,0,1,0,0,1,0,0,0,1,18,0
39,0,0,0,0,0,3,0,0,0,2,24,1
43,0,0,0,0,0,2,0,2,0,1,19,0
96,0,0,1,0,0,3,1,3,0,10,19,1
47,0,0,0,0,0,3,2,2,0,3,12,1
181,0,0,1,0,0,6,27,14,0,2,36,0
229,0,0,1,0,0,4,29,17,0,1,19,1
60,0,0,1,0,0,1,3,0,0,3,10,0
51,0,0,1,0,0,2,0,0,0,1,19,0
49,0,0,0,0,0,2,0,0,0,4,20,1
48,0,0,1,0,0,2,2,0,0,3,22,0
75,0,0,1,0,0,2,0,0,0,3,16,0
51,0,0,1,0,0,1,0,0,0,2,23,0
95,0,0,1,1,0,5,0,0,0,9,19,1
58,0,0,0,0,0,2,0,0,0,5,18,1
63,0,0,1,0,0,1,5,0,0,3,10,0
32,0,0,0,0,0,3,8,0,0,2,16,0
46,0,0,1,0,0,1,10,0,0,3,10,0
36,0,0,1,0,0,1,0,0,0,2,9,0
39,0,0,1,0,0,1,0,0,0,2,17,0
26,0,0,0,0,0,1,0,0,0,2,11,0
68,0,0,0,0,0,3,0,2,0,4,19,0
36,0,0,0,0,0,2,0,2,0,2,16,0
36,0,0,0,0,0,2,0,0,0,3,21,1
49,0,0,0,0,0,2,8,0,0,5,7,0
60,0,1,0,0,0,4,0,2,0,3,16,1
37,0,0,0,0,0,1,0,0,0,3,19,1
20,0,0,0,0,0,1,0,0,0,1,19,0
21,0,0,0,0,0,1,2,2,0,1,15,0
72,0,0,1,1,0,3,0,0,0,7,19,1
49,0,0,1,0,0,1,0,0,0,4,19,1
36,0,0,0,0,0,1,0,0,1,4,14,0
100,0,0,1,1,0,6,15,6,0,1,35,1
93,0,0,0,1,0,1,41,0,0,4,20,1
38,0,0,0,0,0,2,0,1,0,2,19,0
61,0,0,0,1,0,3,0,0,0,2,25,1
105,0,0,1,0,0,1,40,0,0,5,22,1
33,0,0,1,0,0,2,3,0,0,1,24,1
40,0,0,0,0,0,3,1,0,0,2,20,0
27,0,0,0,0,0,3,1,0,0,1,14,1
28,0,0,1,0,0,2,3,0,0,1,17,0
56,0,0,1,0,0,2,10,2,0,1,20,0
79,0,0,0,0,0,2,0,5,0,3,22,0
263,0,1,1,0,0,14,52,16,1,4,14,1
21,0,0,0,0,0,1,1,0,0,1,11,1
18,0,0,0,0,0,1,0,0,0,1,17,0
56,0,0,0,0,0,3,0,0,0,4,32,1
41,0,0,0,0,0,2,0,0,0,3,17,0
56,0,0,0,0,0,2,0,0,0,3,36,0
50,0,0,1,0,0,3,3,2,0,1,27,0
31,0,0,0,0,0,2,10,0,0,2,13,0
33,0,0,0,0,0,3,0,0,0,1,20,0
77,0,0,1,0,0,3,0,0,1,6,22,1
138,0,0,1,1,0,3,37,0,0,3,18,1
36,0,0,1,0,0,1,6,0,0,2,8,0
76,0,0,0,0,0,2,8,6,0,4,10,0
17,0,0,0,0,0,1,0,0,0,1,16,0
38,0,0,1,0,0,2,2,0,0,2,19,1
263,0,0,1,1,0,5,97,5,0,3,43,1
25,0,0,0,0,0,1,7,0,0,3,8,0
28,0,0,0,0,0,2,3,2,0,1,10,0
50,0,0,1,0,0,1,2,0,0,3,9,0
37,0,0,0,0,0,1,4,0,0,2,28,1
148,0,0,0,0,0,1,63,1,0,6,23,1
70,0,0,1,0,0,2,0,4,0,1,25,0
26,0,0,0,0,0,2,2,0,0,1,18,1
22,0,0,0,0,0,1,5,2,0,1,13,0
32,0,0,0,0,0,1,9,0,0,3,9,1
13,0,0,0,0,0,1,1,0,1,1,6,1
96,0,0,0,0,0,2,55,2,0,1,32,1
16,0,0,0,1,0,1,0,0,0,1,15,0
66,0,0,1,0,0,1,0,0,0,4,12,0
64,0,0,0,0,0,3,6,4,0,4,11,0
31,0,0,0,0,0,2,2,0,0,2,12,1
64,0,0,1,0,0,2,0,0,0,2,19,0
250,0,0,1,1,0,1,40,16,0,7,11,0
24,0,0,0,0,0,2,0,0,0,1,17,1
56,0,0,0,1,0,3,0,0,0,4,22,1
46,0,0,1,1,0,2,0,0,0,5,15,1
36,0,0,1,0,0,1,0,1,0,3,12,0
47,0,0,0,0,0,3,0,0,0,1,26,0
33,0,0,0,0,0,1,0,0,0,3,21,1
114,0,0,1,1,0,2,4,11,0,1,22,1
43,0,0,0,0,0,1,5,0,0,3,12,0
36,0,0,0,0,0,2,4,2,0,2,16,0
27,0,0,1,0,0,1,0,0,0,1,19,1
53,0,0,1,0,0,2,0,0,0,4,31,1
41,0,0,1,0,0,1,5,0,0,4,13,0
35,0,0,1,0,0,2,5,0,0,2,10,1
53,0,0,1,0,0,3,0,0,0,3,24,1
44,0,0,0,0,0,2,1,0,0,4,15,1
121,0,0,1,1,0,1,39,6,0,1,23,1
26,0,0,0,1,1,3,11,0,0,1,14,1
26,0,0,0,0,0,1,1,0,0,1,17,1
113,0,0,1,1,0,8,25,7,0,5,35,1
87,0,0,0,1,0,3,19,4,0,2,24,1
8,0,0,0,0,0,1,0,0,0,1,7,0
25,0,0,1,0,0,2,0,0,1,1,24,0
42,0,0,0,0,0,3,4,0,0,3,13,1
63,0,0,1,0,0,1,14,1,0,3,11,0
53,0,0,0,1,0,1,24,0,0,3,13,1
16,0,0,0,0,0,2,0,0,0,1,15,0
125,0,0,1,0,0,1,12,0,0,2,15,0
101,0,0,0,1,0,5,1,7,0,4,13,1
44,0,0,0,0,0,2,0,0,1,2,14,0
31,0,0,1,0,0,2,3,0,0,1,30,0
17,0,0,1,0,0,1,0,0,0,1,16,1
108,0,0,1,0,0,1,0,0,0,4,8,0
41,0,0,1,0,0,1,0,0,0,2,9,0
541,0,0,1,0,0,3,134,2,0,4,17,1
60,0,0,0,0,0,3,11,4,0,2,24,1
62,0,1,0,0,1,5,18,2,0,2,17,1
23,0,0,0,0,0,1,3,0,0,1,14,1
24,0,0,0,0,0,1,0,0,0,1,23,1
38,0,0,0,0,0,2,0,0,0,2,25,0
77,0,0,1,0,0,1,8,0,0,1,12,0
49,0,0,1,0,0,1,0,0,0,2,20,0
14,0,0,0,0,0,1,1,0,0,2,10,1
33,0,0,1,0,0,2,2,0,0,3,12,1
16,0,0,0,0,0,1,0,0,0,1,15,1
22,0,0,0,0,0,2,0,0,0,2,13,0
47,0,0,1,0,0,2,4,4,0,2,14,0
47,0,0,0,0,0,1,0,0,0,1,21,0
55,0,0,0,0,0,2,0,1,0,4,13,0
244,0,0,1,1,0,10,95,5,0,4,83,1
85,0,0,1,1,0,2,1,5,0,4,15,1
47,0,0,0,0,0,3,6,0,1,3,25,0
22,0,0,1,0,0,1,0,0,0,1,21,1
47,0,0,0,0,0,2,0,1,0,2,30,0
123,1,0,1,1,0,10,27,0,0,4,81,1
87,0,0,1,0,0,1,6,0,0,2,20,0
103,0,0,1,0,0,2,18,2,0,4,21,0
54,0,0,0,0,0,2,2,5,0,2,16,0
31,0,0,0,0,0,2,0,0,0,2,11,0
84,0,0,0,0,0,4,18,4,0,2,21,1
62,0,0,1,0,0,1,4,0,0,2,10,0
35,0,0,0,0,0,2,0,0,0,3,20,1
96,0,0,1,0,0,1,8,7,0,1,15,0
46,0,0,1,0,0,2,4,2,0,2,20,0
40,0,0,0,0,0,1,4,0,0,3,16,1
49,0,0,0,0,0,3,0,0,0,3,19,1
31,0,0,0,0,0,1,1,2,0,1,11,0
53,0,0,0,0,0,3,4,0,0,4,17,0
34,0,0,0,0,0,3,7,4,1,1,13,0
55,0,0,0,0,0,3,0,0,0,3,32,0
86,0,0,0,0,0,1,26,15,0,1,10,0
63,0,0,1,1,0,1,2,0,0,5,14,1
28,0,0,1,0,0,1,0,0,0,2,16,0
31,0,0,0,0,0,2,0,0,0,5,12,0
46,0,0,0,0,0,1,0,3,0,1,15,0
17,0,0,0,0,0,1,0,0,0,2,13,1
43,0,0,1,0,0,2,7,3,0,1,8,0
17,0,0,0,0,0,1,3,0,0,1,10,1
64,0,0,1,1,0,2,1,2,0,4,21,1
31,0,0,0,0,0,1,0,2,0,1,11,0
41,0,0,0,0,0,1,27,0,0,3,11,1
239,0,0,0,1,0,12,107,0,0,3,21,1
40,0,0,0,0,0,4,0,0,0,3,18,1
77,0,0,0,0,0,2,0,0,0,6,11,1
46,0,0,1,0,0,2,0,0,0,1,21,0
79,0,0,1,0,0,1,3,0,0,4,11,0
54,0,0,1,0,0,1,7,0,0,4,13,0
47,0,0,0,0,0,4,1,2,0,5,12,1
27,0,0,0,0,0,2,4,0,0,2,14,0
31,0,0,1,0,0,1,1,0,0,4,13,0
52,0,0,1,0,0,1,6,0,0,4,14,0
57,0,0,0,0,0,2,0,0,0,4,20,1
35,0,0,0,0,0,3,0,0,0,5,11,1
31,0,0,0,0,0,2,0,0,0,2,12,0
44,0,0,1,0,0,3,0,0,0,2,15,0
113,0,0,0,0,0,3,27,7,0,2,17,1
46,0,0,1,0,0,1,0,0,0,3,25,1
17,0,0,0,0,0,1,0,0,0,2,9,0
41,0,0,0,0,0,3,0,0,1,2,18,0
59,0,0,1,0,0,1,0,0,0,3,12,0
82,0,0,1,1,0,7,11,6,0,5,39,1
43,0,0,0,0,0,3,0,0,0,3,19,1
61,0,0,0,1,0,5,1,3,0,7,11,1
38,0,0,0,0,0,3,1,0,0,2,22,1
38,0,0,1,0,0,3,9,0,0,2,10,0
59,0,0,1,0,0,3,10,0,0,5,20,1
48,0,0,0,0,0,1,0,0,0,4,12,0
117,0,0,1,1,0,5,0,0,0,7,19,1
21,0,0,0,0,0,1,2,0,0,1,13,1
78,0,0,0,1,0,7,0,0,0,3,25,1
45,0,0,1,0,0,2,0,0,0,2,24,0
11,0,0,0,0,0,1,4,0,0,0,11,1
39,0,0,1,0,0,3,3,0,0,1,30,1
42,0,0,1,0,0,3,0,0,0,3,16,1
28,0,0,0,0,0,2,0,0,0,2,14,0
61,0,0,1,0,0,3,11,0,1,2,18,0
108,0,0,1,0,0,8,12,0,0,2,15,0
263,0,0,0,0,0,14,67,18,0,5,12,1
44,0,0,0,0,0,3,0,0,0,2,15,0
19,0,0,0,0,0,1,0,0,0,1,18,0
67,0,0,1,0,0,1,0,0,0,3,14,0
17,0,0,0,0,0,1,0,0,0,1,16,0
40,0,0,0,0,0,1,10,1,0,4,10,0
21,0,0,0,0,0,2,0,0,0,2,16,0
16,0,0,0,0,0,2,1,0,0,1,15,1
26,0,0,0,0,0,1,6,0,0,2,14,0
54,0,0,0,0,0,1,8,3,0,4,17,0
66,0,0,1,0,0,3,10,0,0,4,23,1
21,0,0,1,0,0,2,0,0,0,1,20,1
29,0,0,0,0,0,3,0,0,0,1,16,0
125,0,0,1,1,0,7,8,11,0,5,17,1
30,0,0,0,0,0,3,6,0,0,2,17,1
64,0,0,0,0,0,1,19,0,0,5,15,1
15,0,0,0,0,0,1,3,0,0,1,8,1
49,0,0,1,0,0,1,0,0,0,2,11,0
20,0,0,0,0,0,1,4,0,0,1,12,1
44,0,0,0,0,0,2,4,2,0,2,14,0
64,0,0,1,0,0,1,15,0,0,3,12,0
33,0,0,0,0,0,2,0,0,0,3,13,0
13,0,0,0,0,1,3,9,0,0,1,12,1
52,0,0,1,0,0,2,0,0,0,6,11,1
22,0,0,1,0,0,1,3,0,0,1,13,1
59,0,0,1,0,0,3,9,0,1,1,21,0
73,0,0,1,0,0,1,9,0,0,4,16,0
34,0,0,0,0,0,2,0,1,0,2,8,0
64,0,0,1,0,0,3,6,0,1,3,24,0
27,0,0,0,0,0,1,2,0,0,2,17,1
98,0,0,1,1,0,6,2,5,0,8,18,1
27,0,0,0,0,0,2,4,0,0,2,14,0
66,0,0,1,0,0,2,0,0,0,5,11,0
61,0,1,0,0,0,3,1,2,0,4,12,1
35,0,0,0,0,0,1,0,0,0,4,12,0
41,0,0,0,0,0,2,0,1,0,2,16,0
32,0,0,1,0,0,1,0,0,0,2,14,0
107,0,0,0,0,0,1,21,1,0,8,16,1
41,0,0,0,0,0,3,0,0,0,3,13,1
52,0,0,0,0,0,2,3,0,0,1,23,0
47,0,0,1,0,0,1,4,1,0,4,19,0
29,0,0,0,0,0,3,1,0,0,3,19,0
21,0,0,0,0,0,1,3,0,0,1,14,1
56,0,0,0,0,0,3,2,1,0,6,16,1
37,0,0,0,0,0,2,0,1,0,2,16,0
158,0,0,1,1,0,5,30,8,0,3,19,1
77,0,0,0,0,0,2,4,0,0,6,14,1
88,0,0,1,1,0,3,4,0,0,4,14,1
61,0,0,0,0,0,4,1,0,1,7,21,1
94,0,0,0,0,0,3,23,3,0,6,11,1
71,0,0,1,0,0,1,0,2,0,4,19,1
58,0,0,1,0,0,2,0,0,0,3,32,0
62,0,0,0,0,0,2,9,5,0,3,21,1
37,0,0,0,0,0,1,0,0,0,4,14,1
50,0,0,1,0,0,1,25,0,0,3,12,1
45,0,0,1,0,0,3,0,0,1,2,17,0
34,0,0,0,0,0,2,0,1,0,2,16,0
58,0,0,1,0,0,2,2,1,0,4,16,0
32,0,0,0,1,0,2,0,0,0,1,20,1
28,0,0,0,0,0,1,0,0,0,1,27,0
15,0,0,0,0,0,1,1,0,0,1,8,1
44,0,0,1,0,0,1,7,0,0,3,10,0
45,0,0,1,0,0,2,0,0,0,3,26,1
169,0,0,0,1,0,14,58,3,0,3,120,1
27,0,0,0,0,0,2,15,1,0,2,13,1
35,0,0,1,0,0,2,2,0,0,1,26,1
47,0,0,1,0,0,2,3,1,0,1,15,0
53,0,0,0,0,1,3,30,0,0,2,13,1
57,0,0,1,0,0,2,4,2,0,3,16,1
64,0,0,0,0,0,1,21,0,0,4,9,1
46,0,0,0,0,0,3,0,2,0,2,16,0
49,0,0,0,0,0,2,3,5,0,1,10,1
58,0,0,0,0,0,2,0,0,0,1,30,0
13,0,0,0,0,0,1,0,0,0,1,12,0
61,0,0,0,0,0,2,0,0,0,4,21,1
73,0,0,1,0,0,1,7,4,0,3,14,0
90,0,0,1,1,0,5,10,0,0,13,19,1
51,0,0,0,0,0,2,0,2,0,2,16,0
70,0,0,1,0,1,6,16,1,0,4,15,1
55,0,0,0,0,0,2,4,6,0,2,16,0
22,0,0,0,0,0,1,0,0,0,1,21,0
27,0,0,0,0,0,1,0,0,0,2,21,1
33,0,0,0,1,0,2,0,0,0,2,25,1
61,0,0,1,0,0,3,5,0,0,2,24,0
37,0,0,1,0,0,1,3,0,0,2,12,0
57,0,0,1,0,0,2,2,0,0,5,14,0
13,0,0,0,0,0,1,0,0,0,1,12,0
25,0,0,0,0,0,1,0,0,0,2,18,1
371,0,0,1,1,0,3,45,11,0,3,45,1
69,0,0,1,1,0,2,3,1,0,7,12,1
31,0,0,0,0,0,1,4,0,0,2,25,1
103,0,0,0,1,0,7,22,5,0,5,30,1
16,0,0,0,0,0,1,0,0,0,1,15,0
45,0,0,0,0,0,3,1,0,0,2,28,0
16,0,0,0,0,0,1,1,0,0,1,10,1
73,0,0,1,1,0,5,1,3,0,7,12,1
23,0,0,0,0,0,2,3,0,0,2,12,0
41,0,0,1,1,0,1,0,0,0,4,15,1
25,0,0,0,0,0,2,4,0,0,1,24,0
16,0,0,0,0,0,1,0,0,0,1,15,1
102,0,0,0,0,0,2,12,6,1,5,28,0
30,0,0,0,0,0,3,0,0,0,2,11,0
153,0,0,1,1,0,16,9,0,0,5,15,1
20,0,0,1,0,0,1,0,0,0,4,9,1
37,0,0,0,0,0,3,0,0,0,2,23,1
99,0,0,1,0,0,4,12,0,0,1,18,0
68,0,0,0,0,0,2,0,1,0,7,17,1
77,0,0,1,1,0,2,21,0,0,5,15,1
20,0,0,0,0,0,1,2,0,0,2,11,0
54,0,0,1,0,0,2,4,0,0,2,17,0
37,0,0,0,0,0,2,0,0,0,3,11,1
31,0,0,0,0,0,1,3,0,0,5,7,0
20,0,0,0,0,0,1,0,0,0,1,19,0
32,0,0,0,0,0,3,3,0,0,2,20,1
51,0,0,1,0,0,2,5,1,0,1,18,0
31,0,0,0,0,0,1,2,2,0,1,11,0
38,0,0,0,0,0,1,0,0,0,3,14,1
44,0,0,0,0,0,1,6,0,0,3,12,0
42,0,0,1,0,0,3,1,2,0,2,14,1
67,0,0,1,0,0,3,6,1,0,7,11,1
77,0,0,1,0,0,1,5,3,0,2,10,0
55,0,0,1,0,0,1,15,0,0,3,12,0
32,0,0,0,0,0,2,4,0,0,1,18,0
49,0,0,0,0,0,2,0,1,0,4,13,0
43,0,0,1,0,0,1,4,0,0,3,16,0
52,0,0,0,0,0,1,27,0,0,4,12,1
19,0,0,0,0,0,1,0,0,0,0,19,1
22,0,0,0,0,0,2,0,0,0,1,9,0
30,0,0,0,0,0,3,0,0,0,1,16,0
38,0,0,1,0,0,2,0,0,0,3,14,0
55,0,0,0,0,0,2,12,0,0,5,11,0
42,0,0,0,0,0,2,0,0,0,4,12,1
67,0,0,0,0,0,1,1,2,0,3,10,0
69,0,0,1,0,0,2,3,0,0,2,9,0
78,0,0,0,0,0,2,0,0,0,1,30,0
49,0,0,0,0,0,2,0,0,0,2,19,0
26,0,0,0,0,0,2,2,0,1,1,11,0
86,0,0,0,0,0,3,12,0,0,7,30,1
39,0,0,0,1,0,2,0,2,0,2,18,1
103,0,0,1,1,0,3,2,2,0,5,24,1
60,0,0,1,0,0,5,0,0,0,2,32,0
21,0,0,0,0,0,1,0,0,0,1,20,1
20,0,0,0,0,0,2,0,0,0,2,15,1
35,0,0,0,0,0,2,0,0,0,1,20,1
23,0,0,0,0,1,4,9,0,0,2,12,1
35,0,0,0,0,0,2,1,1,0,1,21,0
34,0,0,1,0,0,1,1,0,0,3,9,0
27,0,0,1,0,0,1,0,0,0,2,11,0
92,0,0,0,0,0,2,14,6,0,6,14,0
175,0,0,1,0,0,5,25,14,0,2,36,0
24,0,0,0,0,0,1,0,0,0,2,16,1
27,0,0,0,0,0,2,4,0,0,2,14,0
138,0,0,0,0,0,3,25,7,0,6,21,1
51,0,0,1,1,0,2,0,0,0,3,11,1
18,0,0,0,0,1,3,14,0,0,0,18,1
14,0,0,0,0,0,1,0,0,0,1,13,0
9,0,0,0,0,0,1,1,0,0,1,8,1
49,0,0,1,1,0,3,0,0,0,3,18,1
26,0,0,0,0,0,1,0,0,0,2,17,1
44,0,0,1,0,0,1,7,0,0,2,13,0
20,0,0,0,0,0,2,0,0,0,1,19,0
75,0,0,0,0,1,7,14,3,0,6,14,1
54,0,0,1,0,0,1,1,0,0,2,20,0
159,0,1,1,1,0,2,24,6,0,4,20,1
66,0,0,0,0,0,5,1,1,0,5,19,1
150,0,0,1,1,0,7,32,0,0,1,139,1
45,0,0,0,1,0,2,0,0,0,3,16,1
146,0,0,0,1,0,7,54,0,0,5,65,1
55,0,0,0,0,0,2,0,0,0,5,15,1
34,0,0,1,0,0,1,0,0,0,3,9,0
37,0,0,0,0,0,2,0,0,0,4,14,1
30,0,0,0,0,0,2,0,0,0,1,29,0
83,0,0,0,1,0,2,21,0,0,5,18,1
66,0,0,1,0,0,3,16,0,0,5,30,0
31,0,0,0,0,0,2,0,0,0,1,15,1
34,0,0,0,0,0,2,0,0,0,2,14,0
77,0,0,1,0,0,2,9,4,0,3,10,0
77,0,0,0,0,0,4,6,1,0,12,16,1
54,0,0,1,0,0,2,0,1,0,3,16,0
113,0,0,0,0,0,2,29,5,0,2,11,1
45,0,0,1,0,0,2,3,0,0,2,19,1
44,0,0,0,0,0,4,0,0,0,1,32,1
60,0,0,0,0,0,1,22,0,0,4,13,1
36,0,0,0,0,0,2,3,2,0,1,18,0
32,0,0,0,0,0,1,1,0,0,6,10,1
22,0,0,0,0,0,1,1,0,0,1,14,1
178,0,0,1,0,0,3,11,15,0,1,36,1
27,0,0,0,0,1,4,13,0,0,1,14,1
100,0,0,0,0,0,2,18,0,0,6,17,1
33,0,0,0,1,0,2,0,0,1,3,18,1
24,0,0,0,0,0,1,0,0,0,1,23,0
42,0,0,0,0,0,2,0,3,0,2,16,0
247,0,0,1,1,0,6,101,6,0,4,24,1
24,0,0,0,0,0,1,7,0,0,3,8,0
37,0,0,0,0,0,1,5,0,0,5,13,0
45,0,0,0,0,0,1,0,4,0,1,16,0
82,0,0,1,0,0,3,5,4,0,1,14,0
27,0,0,0,0,0,2,2,0,0,1,16,0
54,0,0,0,0,0,1,0,2,0,1,22,0
82,0,0,1,0,0,3,0,1,0,7,30,1
35,0,0,0,0,0,3,0,1,0,2,19,0
87,0,0,1,0,0,1,17,0,0,5,14,0
215,0,0,1,1,0,12,80,0,0,1,198,1
28,0,0,0,0,0,2,0,0,0,1,15,0
84,0,0,1,1,0,2,4,0,0,2,15,0
93,0,0,1,0,0,2,7,0,0,2,11,0
46,0,0,0,0,0,3,1,0,0,3,19,0
19,0,0,0,0,0,1,0,0,0,1,18,0
32,0,0,0,0,0,3,0,0,0,1,22,0
371,0,0,1,1,0,3,50,11,0,3,45,1
61,0,0,1,0,0,2,5,6,0,3,11,0
160,0,0,0,0,0,2,19,6,0,2,11,1
81,0,0,1,0,0,1,20,0,0,6,19,1
39,0,0,1,0,0,2,3,1,0,2,11,0
75,0,0,1,0,0,3,2,0,0,3,24,0
29,0,0,1,0,0,2,4,0,0,2,15,1
17,0,0,0,0,0,1,4,0,0,1,11,1
20,0,0,0,0,0,1,0,0,0,1,19,0
32,0,0,0,0,0,2,0,0,0,2,14,1
47,0,0,1,1,0,6,0,2,0,1,28,1
90,0,0,1,0,0,6,25,6,0,5,36,1
20,0,0,0,0,0,1,1,0,1,1,12,1
28,0,0,1,0,0,1,4,0,0,2,8,0
30,0,0,0,0,0,2,4,0,0,3,12,1
30,0,0,0,0,0,2,0,0,0,2,18,1
98,0,0,1,0,0,2,5,1,0,7,11,0
107,0,0,1,0,0,1,1,0,0,4,8,0
108,0,0,1,1,0,5,4,3,0,8,12,1
59,0,0,1,0,0,1,22,0,0,3,14,1
27,0,0,0,0,0,2,0,0,0,2,10,1
20,0,0,1,0,0,2,1,0,0,1,15,1
371,0,0,1,1,0,3,50,12,0,3,45,1
14,0,0,0,0,0,2,0,0,0,1,13,0
29,0,0,0,0,0,3,0,1,0,1,16,0
29,0,0,0,0,0,2,0,0,0,2,13,1
73,0,0,1,0,0,1,12,0,1,2,14,0
49,0,0,0,0,0,2,2,0,0,4,12,0
63,0,0,1,0,0,2,5,0,0,4,17,1
33,0,0,0,0,0,2,1,0,0,2,25,1
30,0,0,0,0,0,1,3,0,0,3,19,1
36,0,0,0,0,0,3,0,0,0,3,17,1
32,0,0,0,0,0,3,4,0,0,1,23,1
108,0,0,0,0,0,2,7,6,0,3,16,0
28,0,0,1,0,0,1,5,0,0,1,20,1
14,0,0,0,0,0,1,2,0,0,1,8,1
371,0,0,1,1,0,3,57,16,0,3,45,1
124,0,0,1,1,0,6,8,11,0,5,14,1
28,0,0,0,0,0,3,0,0,1,1,27,1
158,0,0,1,1,0,5,46,8,0,3,19,1
73,0,0,1,0,0,2,0,1,0,7,21,1
44,0,0,1,0,0,2,0,0,0,2,11,0
40,0,0,0,0,0,3,0,0,0,2,20,1
38,0,0,0,0,0,2,0,0,0,1,20,0
25,0,0,1,0,0,1,2,0,0,3,16,0
45,0,0,0,0,0,2,2,0,0,6,16,0
38,0,0,1,0,0,3,1,1,0,2,16,1
25,0,0,1,0,0,1,0,0,0,2,11,0
56,0,0,0,1,0,2,4,0,0,6,12,1
24,0,0,0,0,0,2,0,0,0,1,12,0
39,0,0,1,0,0,2,8,0,0,2,12,0
41,0,0,0,1,0,2,5,2,0,1,16,1
54,0,0,0,0,0,2,6,6,1,2,15,0
31,0,0,0,0,0,1,2,0,0,1,22,1
21,0,0,1,0,0,1,2,0,0,0,21,1
30,0,0,0,0,0,2,1,0,0,1,12,0
21,0,0,0,0,0,1,0,0,0,1,20,0
34,0,0,0,0,0,1,0,0,0,2,23,0
76,0,0,0,0,0,1,19,1,0,4,19,1
65,0,0,1,0,0,1,10,0,0,3,10,0
17,0,0,0,0,0,2,1,0,0,1,16,1
43,0,0,0,0,0,3,1,0,0,3,23,1
81,0,0,1,0,0,2,13,0,0,4,25,0
30,0,0,0,0,0,2,3,2,0,1,12,0
45,0,0,0,1,0,3,0,2,0,2,16,1
53,0,0,0,0,0,1,23,0,0,4,9,1
32,0,0,0,0,0,1,0,0,0,2,21,0
98,0,0,1,0,0,3,7,9,0,4,12,1
67,0,0,0,0,0,2,8,4,0,1,27,0
48,0,0,0,0,0,2,0,0,0,3,23,1
148,0,0,0,0,0,1,13,0,0,2,16,1
56,0,0,0,0,0,5,0,1,0,4,12,1
122,0,0,1,0,0,2,7,6,0,5,17,0
46,0,0,1,0,0,1,0,0,0,2,8,0
21,0,0,0,0,0,2,0,0,0,1,13,1
87,0,0,1,0,0,2,11,0,0,3,23,0
73,0,0,0,0,0,2,6,7,0,2,16,0
31,0,0,1,0,0,2,1,0,1,1,30,1
66,0,0,1,1,0,7,1,0,0,3,44,1
23,0,0,0,0,0,2,0,0,0,1,13,1
54,0,0,0,0,0,3,0,0,0,1,40,1
95,0,0,1,1,0,5,5,5,0,8,11,1
31,0,0,1,0,0,1,2,3,0,1,11,0
30,0,0,0,0,0,2,0,0,0,2,10,0
42,0,0,1,0,0,2,2,2,0,2,12,0
79,0,0,1,0,0,1,7,0,0,4,10,0
18,0,0,1,0,0,1,0,0,1,3,8,0
64,0,0,1,0,0,2,4,0,0,6,9,1
25,0,0,0,0,0,1,7,0,0,3,8,0
40,0,0,0,1,0,2,0,2,0,3,11,1
238,0,0,1,0,0,5,67,2,0,3,11,1
72,0,0,1,1,0,2,16,3,0,2,25,1
143,0,0,1,0,0,6,34,5,0,5,12,1
82,0,0,0,0,0,4,30,2,0,2,25,1
37,0,0,0,0,0,3,4,0,0,2,22,0
78,0,0,1,0,0,1,0,0,0,3,21,0
23,0,0,0,0,0,2,3,0,0,0,23,1
52,0,0,0,0,0,3,1,3,0,7,12,1
35,0,0,0,0,0,1,4,2,0,1,13,0
94,0,0,1,0,0,1,8,0,1,5,15,0
28,0,0,0,0,0,3,0,0,0,1,15,0
185,0,0,1,1,0,2,76,5,1,2,12,1
37,0,0,0,0,0,2,0,0,0,1,26,0
38,0,0,1,0,0,2,12,0,0,1,13,0
26,0,0,0,0,0,2,0,0,0,2,16,0
14,0,0,0,0,0,1,0,0,0,1,13,1
45,0,0,1,0,0,2,0,1,0,2,12,0
23,0,0,0,0,0,1,0,0,0,2,12,1
118,0,0,1,0,0,2,8,0,0,2,14,0
28,0,0,1,0,0,2,0,0,0,1,10,0
27,0,0,0,0,0,2,0,0,0,2,16,0
25,0,0,0,0,0,1,0,0,0,2,19,0
65,0,0,1,0,0,1,1,0,0,2,14,0
95,0,0,1,0,0,1,5,0,0,2,13,0
24,0,0,0,0,0,1,0,0,0,3,9,1
91,0,0,1,0,0,1,17,1,0,4,11,1
101,0,0,1,0,0,1,16,0,0,3,8,0
30,0,0,0,0,0,1,0,1,0,2,11,0
17,0,0,0,0,0,1,0,0,0,1,16,0
59,0,0,0,0,0,1,21,0,0,3,20,1
65,0,0,1,0,0,3,0,0,0,5,21,1
37,0,0,1,0,0,1,0,0,0,3,11,0
25,0,0,0,0,0,2,0,0,0,1,24,0
45,0,0,0,0,0,2,0,0,0,3,16,1
42,0,0,1,0,0,1,6,0,0,3,11,0
106,0,0,1,1,0,7,1,8,1,4,23,1
127,0,0,1,1,0,10,0,2,0,1,111,1
56,0,0,1,0,0,4,18,1,0,1,29,0
116,0,0,0,1,0,2,0,9,0,6,13,1
28,0,0,0,0,0,1,0,2,0,1,6,0
81,0,0,1,0,0,3,7,0,0,3,33,1
9,0,0,0,0,0,1,0,0,0,1,8,0
42,0,0,0,0,0,2,5,2,0,1,18,0
95,0,0,1,1,0,8,9,0,0,8,14,1
96,0,0,1,0,0,1,0,0,0,3,24,0
66,0,0,1,0,0,3,6,0,1,3,24,0
16,0,0,0,0,0,2,0,0,0,1,15,1
83,0,0,0,0,0,3,0,0,0,9,21,1
22,0,0,0,0,0,3,0,0,0,1,12,0
11,0,0,0,0,0,1,2,0,0,1,10,0
41,0,0,0,0,0,3,0,0,0,3,24,0
38,0,0,0,0,0,4,0,0,0,3,17,1
201,0,0,1,1,0,5,86,5,0,3,28,1
64,0,0,1,0,0,3,10,2,0,3,15,0
56,0,0,1,0,0,4,7,0,1,3,20,0
29,0,0,1,0,0,2,0,0,0,2,16,0
37,0,0,0,0,0,1,18,0,0,0,37,1
34,0,0,0,0,0,1,0,0,0,1,33,0
96,0,0,1,0,0,5,0,1,0,4,44,1
92,0,0,1,0,0,2,19,2,0,3,25,0
24,0,0,0,0,0,1,3,0,0,1,6,1
76,0,0,1,0,0,3,7,0,1,3,30,0
46,0,0,0,0,0,1,4,2,0,1,16,1
20,0,0,0,0,0,1,0,0,0,2,10,0
31,0,0,1,0,0,1,2,3,0,1,11,0
30,0,0,0,0,0,2,0,0,0,2,11,0
47,0,0,0,0,0,3,2,0,0,3,21,0
50,0,0,1,0,0,3,6,0,0,2,32,1
21,0,0,0,0,0,2,2,0,0,1,15,1
11,0,0,0,0,0,1,4,0,0,0,11,1
40,0,0,0,0,0,2,0,0,0,3,12,0
70,0,0,1,0,0,4,6,4,0,2,27,0
83,0,0,1,1,0,2,2,0,0,8,22,1
18,0,0,0,0,0,2,1,0,0,1,12,1
38,0,0,0,0,0,2,0,0,0,2,13,0
24,0,0,0,0,0,2,0,0,0,1,15,0
70,0,0,1,0,0,2,7,0,0,2,11,0
61,0,0,1,0,0,2,12,0,0,5,23,0
57,0,0,0,0,0,3,0,0,0,3,20,0
44,0,0,0,0,0,4,9,2,0,2,23,1
38,0,0,0,0,0,2,0,0,0,3,16,0
39,0,0,1,0,0,1,8,0,0,5,12,0
15,0,0,0,0,0,1,0,0,0,1,14,0
23,0,0,0,0,0,1,2,0,0,1,13,1
106,0,0,1,1,0,7,2,5,0,8,13,1
63,0,0,1,1,0,2,4,4,0,5,12,1
69,0,0,0,0,0,2,26,0,0,3,21,1
70,0,0,0,0,0,1,20,0,1,4,19,1
24,0,0,0,0,0,2,1,0,0,1,23,1
20,0,0,1,0,0,2,0,0,0,2,14,1
36,0,0,1,0,0,3,1,0,0,2,26,1
20,0,0,0,0,0,1,0,0,0,1,19,0
100,0,0,1,0,0,4,10,0,0,2,29,1
26,0,0,0,0,0,2,3,0,1,1,25,1
24,0,0,0,0,0,1,3,0,0,1,17,1
44,0,0,0,0,0,3,0,0,0,3,17,1
79,0,0,1,0,0,3,17,0,0,5,14,1
43,0,0,0,0,0,2,3,1,0,2,22,1
19,0,0,0,0,0,1,0,0,0,1,11,0
63,0,0,0,0,0,3,1,3,0,7,16,1
51,0,0,1,0,0,5,2,0,0,3,23,0
42,0,0,0,0,0,2,0,0,0,1,24,0
45,0,0,0,0,0,2,0,2,0,3,19,0
30,0,0,0,0,0,2,0,0,0,1,15,0
37,0,0,0,0,0,1,13,2,0,1,11,0
23,0,0,0,0,0,1,0,1,0,1,11,0
44,0,0,0,0,0,1,5,0,0,3,12,0
107,0,0,0,0,0,2,23,4,0,2,11,1
30,0,0,0,1,0,3,1,0,0,1,20,1
48,0,0,1,0,0,2,0,0,0,1,23,0
37,0,0,1,0,0,1,5,0,0,3,10,0
81,0,0,1,1,0,7,1,5,0,3,23,1
36,0,0,0,0,0,2,0,0,0,4,16,0
102,0,0,0,1,0,5,1,7,0,4,15,1
42,0,0,0,0,0,1,7,0,0,4,22,0
104,0,0,1,1,0,7,2,5,0,8,15,1
345,0,0,1,1,0,3,55,10,0,3,45,1
44,0,0,0,0,0,2,1,0,0,3,12,0
40,0,0,1,0,0,2,0,0,0,1,19,0
27,0,0,0,0,0,4,1,0,0,1,16,0
36,0,0,0,0,0,2,0,0,0,2,19,1
21,0,0,0,0,0,1,2,0,0,1,12,1
29,0,0,1,0,0,1,0,0,0,2,14,0
66,0,0,1,0,0,1,6,0,0,5,13,0
31,0,0,1,0,0,1,0,0,0,2,19,1
15,0,0,0,0,0,1,1,0,0,1,8,1
16,0,0,0,0,0,1,0,0,0,1,15,1
18,0,0,0,0,1,3,14,0,0,0,18,1
63,0,0,1,0,0,1,8,0,0,3,8,0
44,0,0,0,0,0,3,0,0,0,2,23,1
112,0,0,1,1,0,3,41,4,0,2,13,1
62,0,0,0,1,0,5,0,0,0,3,31,1
21,0,0,0,0,0,2,0,0,0,1,13,1
33,0,0,0,0,0,3,0,1,0,1,15,0
27,0,0,1,0,0,2,0,0,0,1,18,1
110,0,0,1,0,0,5,5,2,0,3,47,1
42,0,0,1,0,0,1,6,0,0,2,12,0
50,0,0,0,0,0,2,13,2,0,2,17,0
110,0,0,1,0,0,2,20,7,0,1,15,0
11,0,0,0,0,0,1,0,0,0,1,10,0
41,0,0,1,0,0,1,0,0,0,2,14,0
42,0,0,1,0,0,1,9,0,0,3,12,0
45,0,0,1,0,0,1,0,0,0,3,16,0
27,0,0,0,0,0,1,0,0,0,1,26,0
48,0,0,0,1,0,4,0,2,0,3,27,1
121,0,0,1,1,0,7,2,8,1,4,25,1
60,0,0,1,0,0,2,0,0,0,2,14,0
21,0,0,1,0,0,2,0,0,0,1,20,1
46,0,0,0,0,0,2,3,2,0,2,14,0
63,0,0,0,0,0,4,2,1,0,4,28,1
33,0,0,0,0,0,2,6,0,0,1,24,1
70,0,0,1,0,0,1,1,2,0,2,15,0
22,0,0,0,0,0,2,3,0,0,1,16,1
29,0,0,1,0,0,1,0,0,0,2,14,0
28,0,0,0,0,0,2,0,0,0,1,18,0
27,0,0,0,1,0,1,0,0,0,2,16,1
74,0,0,0,0,0,2,7,0,0,4,19,0
76,0,0,0,0,0,3,20,0,0,3,25,1
55,0,0,0,0,0,2,0,3,0,4,8,0
92,0,0,1,0,0,5,9,2,0,3,19,1
18,0,0,0,0,0,1,0,0,0,1,17,0
13,0,0,0,0,0,1,0,0,0,1,12,0
40,0,0,0,0,0,2,10,2,0,1,24,1
49,0,0,0,0,0,2,0,2,0,2,16,0
28,0,0,0,0,0,1,0,0,0,3,15,1
31,0,0,1,0,0,2,0,0,1,1,30,0
33,0,0,0,0,0,3,8,0,0,2,16,1
37,0,0,1,0,0,1,6,0,0,5,12,0
20,0,0,0,0,0,2,0,0,0,2,14,0
31,0,0,0,0,0,2,0,0,1,1,18,0
52,0,0,0,0,0,3,0,3,0,3,18,1
19,0,0,0,0,0,2,0,0,0,1,18,1
43,0,0,0,0,0,3,0,0,0,2,22,1
22,0,0,0,0,0,2,0,0,0,2,15,1
26,0,0,1,0,0,2,0,1,0,2,24,1
29,0,0,1,0,0,2,0,0,0,1,20,1
51,0,0,1,0,0,1,10,0,0,3,10,0
41,0,0,0,0,0,3,8,3,0,1,16,1
21,0,0,0,0,0,1,1,0,0,1,10,1
43,0,0,1,0,0,2,0,0,0,2,21,1
141,0,0,1,0,0,2,43,2,0,5,12,1
62,0,0,0,0,0,5,2,0,0,4,14,1
25,0,0,0,0,0,1,2,0,0,1,19,1
30,0,0,0,0,0,4,0,0,0,1,21,0
22,0,0,0,0,0,1,0,0,0,2,16,0
39,0,0,0,0,0,2,0,2,0,1,15,0
118,0,0,0,0,0,2,4,12,0,4,13,0
109,0,0,1,0,0,3,42,1,0,4,21,1
45,0,0,1,0,0,2,0,0,0,2,10,0
58,0,0,0,0,0,3,0,0,1,4,25,0
29,0,0,0,0,0,2,0,0,0,2,16,1
48,0,0,0,0,0,2,0,3,0,2,16,0
28,0,0,0,0,0,3,1,0,0,1,17,1
23,0,0,0,0,0,1,0,0,0,2,14,0
31,0,0,0,0,0,1,0,0,0,2,18,0
367,0,0,1,0,0,2,67,32,0,4,16,1
34,0,0,0,0,0,1,0,0,0,3,22,1
34,0,0,1,0,0,3,1,0,0,1,17,0
52,0,0,0,1,0,2,17,0,0,2,19,1
37,0,0,0,0,0,3,0,0,0,2,16,0
36,0,0,0,0,0,2,0,0,0,2,19,0
252,0,0,1,1,0,16,60,5,0,6,16,1
26,0,0,0,0,0,1,0,1,0,2,13,0
65,0,0,1,0,0,3,0,0,0,5,18,1
48,0,0,0,0,0,3,5,0,0,3,23,0
63,0,0,0,0,0,2,6,7,1,1,11,0
41,0,0,0,0,0,2,0,0,0,3,17,0
363,0,0,1,1,0,3,51,13,0,3,45,1
29,0,0,1,0,0,2,0,0,0,2,8,1
16,0,0,0,0,0,2,0,0,0,1,15,0
37,0,0,0,0,0,2,6,0,0,4,19,0
75,0,0,0,1,0,2,11,4,0,4,22,1
96,0,0,0,0,0,3,6,13,0,1,22,0
34,0,0,0,0,0,1,0,0,0,3,9,0
85,0,0,1,1,0,5,7,6,0,3,32,1
18,0,0,0,0,0,1,0,0,0,2,11,0
74,0,1,0,0,0,4,0,2,0,2,21,1
37,0,0,1,0,0,2,7,0,0,2,10,0
53,0,0,1,0,0,1,9,0,0,3,12,0
24,0,0,1,0,0,2,0,0,0,1,23,0
23,0,0,0,0,0,2,0,0,0,1,22,1
57,0,0,1,0,0,5,3,1,0,5,16,1
37,0,0,0,0,0,1,0,2,0,3,11,0
88,0,0,1,1,0,4,21,0,0,3,39,1
61,0,0,1,0,0,1,8,0,0,5,21,0
30,0,0,0,0,0,1,3,0,0,2,13,0
371,0,0,1,1,0,3,48,12,0,3,45,1
39,0,0,0,0,0,2,0,1,0,2,16,0
22,0,0,1,0,0,1,0,0,0,1,21,0
37,0,0,0,0,0,2,0,0,1,2,19,1
25,0,0,0,0,0,2,3,0,0,2,6,1
29,0,0,0,0,0,2,0,0,0,2,20,0
42,0,0,0,0,0,2,0,0,1,3,18,1
15,0,0,0,0,0,1,0,0,0,1,14,1
50,0,0,0,0,0,3,0,0,0,2,30,1
40,0,0,1,0,0,1,0,0,0,3,18,0
31,0,0,0,0,0,2,0,0,0,1,22,1
115,0,0,1,1,0,2,19,8,0,5,12,1
262,0,0,1,1,0,15,79,0,0,4,219,1
39,1,0,1,1,0,2,0,0,0,1,38,1
31,0,0,0,0,0,2,0,0,0,2,16,1
81,0,0,0,0,0,3,5,8,0,1,23,0
43,0,0,0,0,0,2,0,2,0,2,14,0
55,0,0,1,0,0,3,0,0,0,3,25,0
44,0,0,0,0,0,2,0,2,0,2,10,0
21,0,0,0,0,0,1,2,0,0,1,12,1
13,0,0,0,0,0,1,0,0,0,1,12,0
34,0,0,1,0,0,1,6,0,0,1,11,0
64,0,0,1,0,0,2,0,0,0,2,25,0
39,0,0,0,0,0,2,2,0,0,1,32,1
127,0,0,1,1,0,6,8,11,0,5,12,1
154,0,0,0,0,0,1,18,7,0,2,19,1
29,0,0,0,0,0,3,0,0,0,1,16,0
50,0,0,1,1,0,1,0,0,0,3,16,0
31,0,0,0,0,0,2,1,0,0,3,16,0
49,0,0,0,0,0,2,0,0,0,3,16,0
115,0,0,1,1,0,7,34,0,0,2,68,1
54,0,0,0,0,0,2,15,0,0,4,9,0
35,0,0,0,1,0,2,0,0,0,2,13,1
37,0,0,1,0,0,1,4,0,0,5,12,0
53,0,0,0,0,0,2,0,1,0,4,22,1
50,0,0,0,0,0,1,0,1,0,3,18,0
58,0,0,0,0,0,2,14,2,0,2,17,0
85,0,0,1,0,0,2,7,0,0,3,19,0
25,0,0,0,0,0,3,0,0,0,2,16,0
45,0,0,0,0,0,3,1,0,0,2,20,1
15,0,0,0,0,0,1,0,0,0,1,14,0
61,0,0,1,0,0,2,6,0,0,3,19,0
51,0,0,0,0,0,2,4,0,0,4,10,0
45,0,0,0,0,0,3,3,0,0,4,17,1
88,0,0,1,0,0,7,2,2,0,8,10,1
53,0,0,1,0,0,3,1,0,0,3,27,1
44,0,0,0,0,0,2,2,0,0,3,15,1
32,0,0,0,0,0,2,0,0,0,3,17,0
48,0,0,1,0,0,2,5,0,0,1,18,0
50,0,0,1,0,0,3,0,2,0,3,16,1
21,0,0,1,0,0,1,6,0,0,2,11,0
30,0,0,0,0,0,3,0,0,0,2,13,1
41,0,0,0,0,0,3,7,0,0,3,16,1
16,0,0,1,0,0,1,0,0,0,1,15,0
35,0,0,0,0,0,1,4,0,0,2,11,0
44,0,0,0,0,0,2,8,1,0,1,26,0
27,0,0,0,0,0,1,7,0,0,3,8,0
29,0,0,0,0,0,2,1,0,0,3,9,1
67,0,0,1,0,0,2,0,2,0,4,22,1
19,0,0,0,0,0,1,1,0,0,1,12,1
25,0,0,0,0,0,1,3,2,0,1,16,0
72,0,0,0,1,0,6,1,4,0,3,45,1
279,0,0,0,0,0,15,52,16,0,5,14,1
24,0,0,0,0,0,1,0,0,0,1,23,0
101,0,0,1,0,0,6,23,5,0,3,26,1
58,0,0,1,0,0,2,2,0,0,3,15,0
45,0,0,1,0,0,2,8,0,0,2,12,0
33,0,0,0,0,0,1,0,0,0,4,16,1
61,0,0,0,0,0,2,2,2,0,2,22,0
43,0,0,1,0,0,3,3,0,0,2,14,0
18,0,0,0,0,0,1,1,0,0,1,11,1
27,0,0,0,0,0,2,0,0,1,1,26,0
23,0,0,0,0,0,1,0,0,1,1,22,1
23,0,0,0,0,0,1,0,0,0,1,22,0
19,0,0,0,0,0,2,0,0,0,1,14,0
92,0,0,1,0,0,3,0,0,0,5,25,1
26,0,0,0,0,0,2,0,0,0,2,15,0
41,0,0,1,0,0,1,5,4,0,2,14,0
28,0,0,0,0,0,3,0,0,0,1,16,1
44,0,0,0,0,0,2,6,2,0,2,7,0
98,0,0,1,0,0,2,6,0,0,4,24,0
44,0,0,1,0,0,1,15,0,0,3,12,0
23,0,0,0,0,0,2,0,0,0,1,22,0
40,0,0,0,0,0,2,0,0,1,3,17,0
192,0,0,1,1,0,2,64,8,0,8,22,1
58,0,0,0,0,0,2,0,0,0,1,30,0
22,0,0,1,0,0,2,0,0,0,1,12,0
44,0,0,1,0,0,2,0,0,0,2,10,0
49,0,0,0,0,0,1,1,4,0,3,14,0
42,0,0,0,0,0,2,5,2,0,2,14,0
52,0,0,0,0,1,4,10,1,0,3,13,1
26,0,0,0,0,0,1,0,0,0,1,20,1
65,0,0,0,0,0,2,16,6,0,1,15,0
13,0,0,0,0,0,1,1,0,1,1,6,1
57,0,0,0,0,0,2,1,0,0,2,36,0
42,0,0,0,1,0,1,0,0,0,5,16,1
55,0,0,1,0,0,1,6,0,0,3,10,0
18,0,0,0,0,0,1,0,0,0,1,17,0
72,0,0,1,0,0,1,23,2,0,3,13,1
54,0,0,1,0,0,2,7,2,0,1,8,0
35,0,0,1,0,0,2,3,0,0,1,16,0
29,0,0,1,0,0,2,0,0,0,1,18,0
23,0,0,0,0,0,1,0,0,0,2,17,1
45,0,0,1,0,0,1,4,0,0,3,9,0
13,0,0,0,0,0,1,2,0,1,1,6,1
48,0,0,1,0,0,1,19,1,0,5,7,1
67,0,0,1,0,0,1,6,0,0,4,14,0
61,0,0,1,0,0,3,7,1,0,1,20,0
13,0,0,0,0,0,1,6,0,0,1,6,1
38,0,0,0,0,0,1,7,0,0,2,24,0
69,0,0,1,0,0,2,14,2,1,4,18,0
45,0,0,0,0,0,1,4,0,0,5,13,1
56,0,0,1,1,0,2,1,0,0,3,12,1
39,0,0,1,0,0,3,3,0,0,1,30,1
67,0,0,1,0,0,1,0,0,0,3,21,0
40,0,0,0,0,0,3,0,3,1,1,15,0
46,0,0,1,0,0,1,7,0,0,3,14,0
48,0,0,0,0,0,3,0,0,0,2,21,1
66,0,0,1,0,0,1,3,0,0,5,26,0
16,0,0,0,0,0,1,0,0,0,1,15,0
82,0,0,1,1,0,7,11,6,0,5,39,1
60,0,0,1,0,0,3,4,0,0,5,19,1
30,0,0,0,0,0,2,0,0,0,2,23,1
29,0,0,0,0,0,1,1,0,0,3,12,0
74,0,1,1,0,0,3,2,3,1,4,14,1
121,0,0,1,1,0,2,38,5,0,2,13,1
78,0,0,1,0,0,1,10,0,0,3,10,0
23,0,0,1,0,0,1,0,0,0,2,11,1
37,0,0,0,0,0,2,0,0,0,3,8,0
33,0,0,0,0,0,2,2,0,0,1,32,0
76,0,0,1,0,0,1,27,1,0,3,27,1
242,0,0,0,0,0,14,74,23,0,4,10,1
51,0,0,0,0,0,1,0,0,0,6,12,1
48,0,0,1,0,0,1,5,2,1,1,11,0
44,0,0,1,0,0,1,4,4,0,3,15,0
34,0,0,1,0,0,3,0,0,0,2,15,0
191,0,0,1,1,0,2,73,5,1,3,12,1
69,0,0,1,1,0,1,7,3,0,1,17,0
45,0,0,1,0,0,1,0,0,0,3,8,0
38,0,0,1,0,0,2,0,0,0,2,21,0
34,0,0,0,0,0,2,0,0,0,3,14,1
37,0,0,0,0,0,1,2,0,0,1,21,1
44,0,0,0,0,0,2,1,4,0,1,16,0
30,0,0,0,0,0,2,0,0,1,2,19,0
22,0,0,0,0,0,1,0,0,0,1,21,0
11,0,0,0,0,0,1,0,0,0,1,10,1
73,0,0,0,0,0,4,1,3,0,7,16,1
87,0,0,0,0,0,4,14,4,0,7,23,1
25,0,0,0,0,0,2,5,0,0,1,15,1
44,0,0,0,0,0,3,0,0,0,3,15,0
175,0,0,1,1,0,10,60,0,0,1,166,1
157,0,0,1,1,0,6,6,5,0,8,18,1
39,0,0,1,0,0,2,2,1,0,1,26,0
29,0,0,0,0,0,2,0,0,0,2,14,1
45,0,0,0,0,0,3,0,0,0,4,25,0
43,0,0,1,0,0,1,0,0,0,2,14,1
27,0,0,0,0,0,2,0,0,0,1,26,1
62,0,0,1,0,0,2,6,0,0,3,11,0
28,0,0,0,0,0,1,0,0,0,1,27,0
72,0,0,1,0,0,1,22,4,0,2,8,0
78,0,0,0,0,0,3,5,4,0,5,11,1
68,0,0,0,1,0,1,19,0,0,3,15,1
38,0,0,1,0,0,1,4,0,0,3,10,0
56,0,0,1,0,0,4,4,0,0,2,24,1
31,0,0,0,0,0,3,0,0,0,1,18,0
30,0,0,1,0,0,2,6,0,0,1,29,1
46,0,0,0,0,0,3,0,0,1,3,15,0
65,0,0,0,0,0,1,4,2,0,1,36,1
23,0,0,0,0,0,1,0,0,0,1,10,0
29,0,0,0,0,0,2,1,0,0,1,17,0
37,0,0,0,0,0,2,0,0,0,2,33,1
73,0,0,1,0,0,3,6,0,1,3,33,0
73,0,0,1,0,0,3,6,0,1,3,29,0
96,0,0,1,0,0,1,0,0,0,2,12,0
64,0,0,0,0,0,3,0,0,0,4,20,1
23,0,0,0,0,0,1,0,0,0,1,10,0
82,0,0,0,0,0,2,19,7,0,2,14,0
68,0,0,1,0,0,2,4,6,0,2,16,0
19,0,0,0,0,0,1,1,0,0,1,10,1
33,0,0,0,0,0,2,2,0,0,2,13,1
21,0,0,0,0,0,2,0,0,0,2,12,0
36,0,0,0,0,0,4,0,0,0,1,16,1
36,0,0,0,0,0,1,0,1,0,2,16,0
72,0,0,0,0,0,2,8,4,0,1,21,0
249,0,0,1,1,0,4,11,10,0,12,19,1
53,0,1,0,1,0,3,0,1,0,3,16,1
69,0,0,1,0,0,3,1,0,0,5,23,1
19,0,0,0,0,0,2,0,0,0,1,14,1
29,0,0,0,0,0,1,0,1,0,2,14,0
32,0,0,0,0,0,2,0,0,0,2,12,0
42,0,0,0,0,0,3,0,0,0,2,26,1
44,0,0,0,0,0,2,0,0,0,1,43,1
147,0,0,1,1,0,4,18,1,0,4,78,1
48,0,0,0,0,0,2,0,0,0,4,18,0
50,0,0,0,0,0,2,0,1,0,4,15,0
86,0,0,1,1,0,6,2,5,0,8,12,1
58,0,0,0,0,0,4,0,0,0,5,16,1
76,0,0,0,1,0,5,4,0,0,4,25,1
61,0,0,1,0,0,1,4,0,0,3,15,0
33,0,0,1,0,0,1,1,0,0,3,9,0
69,0,0,0,0,0,2,2,5,0,1,15,0
170,0,0,0,1,0,8,5,14,0,10,15,1
27,0,0,0,0,0,4,0,0,0,1,17,1
29,0,0,1,0,0,2,0,0,0,2,15,0
21,0,0,1,0,0,1,2,0,0,0,21,1
24,0,0,0,0,0,1,2,0,0,1,18,1
84,0,0,0,0,0,2,23,0,0,4,15,1
141,0,0,1,1,0,10,1,6,0,5,32,1
23,0,0,0,0,0,1,4,0,0,1,22,0
40,0,0,0,0,0,2,2,4,0,1,10,0
37,0,0,1,0,0,2,0,0,0,2,20,1
42,0,0,1,0,0,1,10,0,0,3,12,0
22,0,0,0,0,0,1,0,0,0,1,21,0
21,0,0,0,0,0,1,3,0,0,2,12,0
106,0,0,1,1,0,7,2,5,0,8,13,1
31,0,0,0,0,0,2,0,0,1,1,30,0
31,0,0,0,0,0,1,3,4,0,1,11,0
23,0,0,0,0,0,1,0,0,0,1,11,1
240,0,0,0,0,0,11,51,24,0,3,15,1
75,0,0,1,0,0,2,8,0,1,2,12,0
97,0,0,1,0,0,3,8,0,0,7,27,0
22,0,0,0,0,0,1,0,0,0,1,21,0
30,0,0,0,0,0,2,0,0,0,2,17,0
138,0,0,1,0,0,3,6,1,0,4,24,0
33,0,0,1,0,0,2,0,0,0,1,32,0
52,0,0,0,0,0,3,12,3,1,1,28,0
18,0,0,0,0,0,1,3,0,0,1,11,1
84,0,0,1,0,0,3,5,0,0,2,21,0
41,0,0,0,0,0,1,2,2,0,2,14,0
51,0,0,1,0,0,2,3,0,0,2,20,1
23,0,0,1,0,0,1,10,0,0,1,10,0
36,0,0,1,0,0,2,0,0,1,1,35,0
91,0,0,1,0,0,3,0,0,0,2,10,0
37,0,0,1,0,0,3,0,0,1,3,23,0
106,0,0,1,0,0,5,8,0,0,3,41,0
36,0,0,0,0,0,3,4,0,0,3,19,0
54,0,0,0,0,0,2,7,2,0,3,17,0
32,0,0,0,0,0,2,0,1,0,2,16,0
21,0,0,0,0,0,2,2,0,0,0,21,1
45,0,0,0,0,0,3,3,3,0,2,13,0
15,0,0,0,0,0,2,0,0,0,2,10,1
40,0,0,0,0,0,3,0,2,0,1,15,0
40,0,0,1,0,0,2,3,0,1,3,19,1
136,0,0,0,0,0,5,44,2,0,2,23,1
26,0,0,1,0,0,2,0,0,0,1,25,0
10,0,0,0,0,0,1,0,0,0,1,9,0
47,0,0,1,0,0,2,0,0,0,4,13,0
31,0,0,0,0,0,2,5,0,0,2,18,0
34,0,0,1,0,0,2,5,0,0,3,12,1
26,0,0,1,0,0,2,2,0,0,3,10,0
42,0,0,0,0,0,3,2,1,0,2,15,0
33,0,0,0,0,0,1,0,1,0,2,19,0
14,0,0,0,0,0,1,0,0,0,1,13,1
55,0,0,0,0,0,3,1,2,0,2,21,0
72,0,0,1,0,0,3,19,0,0,3,10,1
32,0,0,1,0,0,3,0,0,0,1,31,0
43,0,0,0,0,0,4,3,0,0,2,17,1
15,0,0,0,0,0,1,0,0,0,1,14,0
40,0,0,0,0,0,3,0,0,0,1,29,0
20,0,0,0,0,1,3,11,0,0,2,14,1
58,0,0,0,0,0,2,0,3,0,2,16,0
113,0,0,1,1,0,8,27,7,0,5,35,1
66,0,1,0,1,0,5,2,1,0,3,15,1
55,0,0,1,0,0,1,15,0,0,3,12,0
123,0,0,1,0,0,3,30,7,0,4,15,1
67,0,0,1,1,0,2,0,0,0,5,21,1
36,0,0,1,0,0,4,0,0,0,1,25,1
44,0,0,1,0,0,3,0,0,0,3,19,1
49,0,0,0,0,0,2,4,1,0,3,16,0
52,0,0,1,0,0,2,7,2,0,3,16,0
83,0,0,1,0,0,3,0,0,0,8,18,1
9,0,0,0,0,0,1,2,0,0,0,9,1
217,0,0,0,0,0,2,90,5,0,3,15,1
37,0,0,0,0,0,4,0,0,0,2,16,0
40,0,0,0,0,0,2,0,2,0,1,14,0
90,0,0,0,1,0,2,19,0,0,3,12,1
35,0,0,0,0,0,2,0,1,0,2,9,0
35,0,0,0,0,0,2,2,0,0,1,28,1
69,0,0,0,0,0,3,8,9,0,2,11,1
53,0,0,0,0,0,2,3,1,0,5,15,0
17,0,0,0,0,0,2,0,0,1,1,16,0
49,0,0,0,0,0,3,12,0,0,4,15,1
74,0,0,1,1,0,5,0,1,0,6,13,1
28,0,0,1,0,0,2,0,0,0,1,27,0
20,0,0,0,0,0,1,1,0,0,1,11,0
57,0,0,0,1,0,5,0,1,0,2,31,1
94,0,0,0,0,0,5,3,5,0,1,24,1
54,0,0,0,1,0,3,2,4,0,5,10,1
64,0,0,1,0,0,2,8,0,0,5,25,0
40,0,0,0,0,0,2,1,2,0,2,19,0
71,0,0,1,0,0,1,19,1,0,6,22,1
32,0,0,0,0,0,2,0,0,0,2,12,0
65,0,0,1,0,0,3,0,0,0,5,21,1
27,0,0,0,0,0,1,0,0,1,1,26,0
48,0,0,0,0,0,3,13,0,0,3,26,1
24,0,0,0,0,0,2,0,0,0,1,23,1
85,0,0,0,1,0,6,0,4,0,5,15,1
89,0,0,1,0,0,2,0,3,0,5,17,0
41,0,0,0,0,0,2,0,0,1,1,40,0
18,0,0,0,0,0,1,0,0,1,1,17,0
25,0,0,0,0,0,2,0,0,0,2,14,0
37,0,0,0,0,0,2,0,0,0,2,17,1
24,0,0,0,0,0,1,0,0,0,1,11,0
93,0,0,1,1,0,1,18,1,0,7,19,1
85,0,0,1,0,0,2,13,0,0,3,26,0
138,0,0,0,0,0,3,45,3,0,3,15,1
371,0,0,1,1,0,3,52,11,0,3,45,1
43,0,0,1,0,0,2,7,3,0,2,16,0
27,0,0,0,0,0,2,0,0,0,2,20,0
35,0,0,1,0,0,1,0,0,0,2,11,0
44,0,0,1,0,0,6,3,0,0,1,33,1
138,0,0,0,0,0,5,48,2,0,2,25,1
72,0,0,1,1,0,1,19,1,0,5,14,1
24,0,0,1,0,0,2,0,0,0,1,23,1
17,0,0,0,0,0,1,0,0,0,2,11,1
79,0,0,1,0,0,1,7,0,0,6,10,0
22,0,0,0,0,0,1,5,0,0,1,13,1
29,0,0,0,0,0,2,0,0,0,2,17,1
320,0,0,0,1,0,13,120,5,0,2,140,1
31,0,0,0,0,0,1,0,2,0,1,12,0
35,0,0,0,0,0,3,5,2,0,1,12,0
39,0,0,0,0,0,2,0,0,0,3,16,1
31,0,0,0,0,0,1,2,2,0,1,11,0
54,0,0,1,0,0,1,5,0,0,1,15,0
55,0,0,1,0,0,3,2,1,1,4,18,0
31,0,0,0,0,0,2,2,4,0,2,11,1
35,0,0,1,0,0,1,0,0,0,3,14,0
53,0,0,0,0,0,2,6,3,0,4,12,1
35,0,0,1,0,0,2,0,0,0,3,12,1
41,0,0,0,0,0,1,1,0,0,7,13,1
76,0,0,1,1,0,2,3,3,0,4,15,1
29,0,0,0,0,0,2,0,1,0,1,15,0
77,0,1,0,1,0,3,0,3,0,4,12,1
27,0,0,0,0,0,2,0,0,0,2,14,0
22,0,0,1,0,0,1,4,0,0,2,13,1
49,0,0,1,0,0,3,0,0,0,4,10,1
36,0,0,0,0,0,2,0,1,0,2,20,0
17,0,0,1,0,0,1,0,0,0,1,16,1
26,0,0,0,0,0,1,0,0,0,2,11,1
10,0,0,0,0,0,1,0,0,0,1,9,0
82,0,0,0,0,0,3,5,4,0,2,30,0
24,0,0,0,0,0,1,0,0,0,1,23,0
45,0,0,1,0,0,3,0,0,0,2,19,1
84,0,0,0,0,0,2,6,8,0,2,11,0
54,0,0,1,0,0,1,0,0,0,2,8,0
95,0,0,1,0,0,2,8,0,0,3,16,0
22,0,0,0,0,0,1,0,0,0,1,13,1
28,0,0,0,1,0,3,0,2,1,1,13,1
31,0,0,0,0,0,1,2,2,0,1,11,0
33,0,0,0,0,0,5,0,0,0,1,32,1
97,0,0,1,1,0,5,0,0,0,9,31,1
56,0,0,1,0,0,2,6,0,0,4,16,0
17,0,0,0,0,0,1,0,0,0,1,16,1
72,0,0,0,0,0,3,10,1,0,3,25,0
59,0,0,1,0,0,1,0,1,0,2,9,0
30,0,0,1,0,0,2,0,0,0,1,11,0
45,0,0,0,0,0,3,0,0,0,5,12,0
191,0,0,1,1,0,3,48,10,0,3,20,1
31,0,0,0,0,0,1,3,2,0,1,11,0
41,0,0,0,0,0,2,0,1,0,2,16,0
38,0,0,0,1,0,2,0,0,0,2,13,1
29,0,0,1,0,0,2,0,0,0,2,16,0
33,0,0,0,0,0,1,0,0,0,4,12,0
82,0,0,1,1,0,7,11,6,0,5,39,1
28,0,0,1,0,0,3,0,0,0,2,14,1
40,0,0,1,0,0,2,0,0,0,3,13,1
143,0,0,0,0,0,2,80,0,0,7,12,1
46,0,0,0,0,0,4,0,0,0,2,30,1
91,0,0,1,1,0,2,20,0,0,8,12,1
120,0,0,0,0,0,4,0,0,0,9,26,1
34,0,0,1,0,0,2,5,0,0,1,8,0
30,0,0,0,0,0,1,4,0,0,2,19,0
26,0,0,0,0,0,1,0,0,0,1,25,0
25,0,0,1,0,0,3,0,0,0,1,17,1
19,0,0,0,0,0,1,4,0,0,2,11,0
84,0,0,0,0,0,4,0,1,0,5,22,1
56,0,0,1,0,0,2,0,0,0,1,30,0
30,0,0,1,0,0,1,0,0,0,2,7,0
29,0,0,0,0,0,2,0,0,0,2,15,1
58,0,0,0,0,0,2,22,0,0,2,14,1
28,0,0,0,0,0,3,4,0,0,1,22,1
38,0,0,1,0,0,2,0,0,0,2,34,0
37,0,0,0,0,0,2,0,2,0,2,16,0
55,0,0,0,0,0,1,15,0,0,3,16,1
19,0,0,0,0,0,3,0,0,0,1,18,1
79,0,0,1,0,0,1,4,0,0,2,12,0
52,0,0,0,0,0,2,0,0,0,3,21,1
67,0,0,0,0,0,4,13,1,0,4,31,0
17,0,0,0,0,0,1,0,0,0,1,16,0
77,0,0,1,0,0,2,8,0,0,8,6,0
50,0,0,0,0,0,2,0,1,0,3,20,0
14,0,0,0,0,0,1,0,0,0,1,11,1
46,0,0,0,0,0,2,0,0,0,4,23,1
39,0,0,0,0,0,3,0,0,0,2,18,0
48,0,0,0,0,0,2,1,0,0,4,13,0
27,0,0,0,0,0,2,4,0,0,2,14,0
12,0,0,0,0,0,1,0,0,0,1,11,0
38,0,0,1,0,0,2,0,1,0,2,16,0
55,0,0,1,0,0,1,8,0,0,3,10,0
39,0,0,0,0,0,2,2,0,0,3,19,0
17,0,0,1,0,0,1,0,0,0,1,16,0
26,0,0,0,0,0,1,4,2,0,1,18,0
66,0,0,1,0,0,2,0,0,0,2,16,0
45,0,0,0,0,1,3,20,1,0,3,19,1
31,0,0,0,0,0,1,0,3,0,1,11,0
14,0,0,0,0,0,1,0,0,0,1,13,0
32,0,0,0,0,0,3,0,0,0,1,20,0
41,0,0,0,0,0,2,10,0,0,2,16,1
60,0,0,1,0,0,4,0,0,0,5,17,1
30,0,0,0,0,0,2,0,0,0,2,19,0
19,0,0,0,0,0,1,3,0,0,1,10,1
40,0,0,0,0,0,2,4,0,0,2,22,0
29,0,0,1,0,0,2,2,0,0,2,14,0
15,0,0,0,0,0,1,1,0,0,1,14,0
31,0,0,0,0,0,2,2,0,0,3,17,0
33,0,0,0,0,0,2,0,0,0,2,13,1
54,0,0,0,1,0,2,0,2,0,2,15,1
31,0,0,0,0,0,1,2,2,0,1,11,0
88,0,0,1,0,0,2,19,2,0,3,25,0
39,0,0,0,0,0,2,0,1,0,2,20,0
18,0,0,0,0,0,1,6,0,0,1,10,1
16,0,0,0,0,0,1,1,0,0,1,10,1
36,0,0,0,0,0,3,0,0,0,3,15,1
15,0,0,0,0,0,2,0,0,0,1,14,1
89,0,0,1,1,0,1,2,0,0,3,12,0
24,0,0,0,0,0,3,0,0,1,2,20,1
88,0,0,0,1,0,6,1,4,0,8,9,1
47,0,0,1,0,0,1,6,0,0,3,10,0
26,0,0,0,0,0,1,1,0,0,1,18,1
77,0,0,1,0,0,1,4,0,0,2,14,0
932,0,0,1,0,0,14,229,74,0,14,39,1
62,0,0,0,0,0,1,0,3,0,4,12,0
63,0,0,1,0,0,1,4,0,0,6,10,0
55,0,0,1,0,0,2,15,0,0,3,18,0
45,0,0,1,0,0,1,0,0,0,3,30,1
27,0,0,1,0,0,2,5,0,0,1,14,0
51,0,0,1,0,0,1,1,0,0,3,9,0
31,0,0,0,0,0,2,0,0,0,2,20,0
163,0,0,1,1,0,2,65,6,0,3,10,1
24,0,0,0,0,0,2,7,0,1,1,23,1
41,0,0,1,0,0,3,9,2,1,1,21,1
24,0,0,0,0,0,2,0,0,0,2,14,1
35,0,0,0,0,0,2,0,1,0,2,16,0
43,0,0,0,0,0,2,0,1,0,4,16,1
63,0,0,1,0,0,2,11,0,0,1,6,0
48,0,0,0,0,0,3,0,1,0,1,19,0
69,0,0,1,0,0,3,16,0,0,5,30,0
41,0,0,0,0,0,2,0,0,0,3,25,1
62,0,0,1,0,0,1,3,0,0,2,19,0
34,0,0,1,0,0,1,5,0,0,3,10,0
29,0,0,0,0,0,2,0,0,0,1,28,1
59,0,0,1,0,0,2,0,0,0,4,21,1
56,0,0,1,0,0,2,0,0,1,4,13,1
76,0,0,1,0,0,1,25,1,0,3,27,1
24,0,0,0,0,1,4,11,0,0,1,14,1
166,0,0,0,1,0,2,36,10,0,5,10,1
40,0,0,0,0,0,2,0,2,0,2,16,0
49,0,0,0,0,0,1,2,1,0,3,18,0
72,0,0,0,1,0,3,12,9,0,2,23,1
27,0,0,0,0,0,2,0,0,0,2,13,0
67,0,0,0,1,0,3,23,0,0,2,22,1
25,0,0,0,0,0,3,2,0,0,1,17,1
36,0,0,0,0,0,1,0,0,0,3,18,1
78,0,0,1,0,0,5,0,0,1,5,15,1
44,0,0,1,0,0,2,14,0,0,2,16,1
118,0,0,0,1,0,12,32,0,0,3,72,1
66,0,0,0,1,0,3,0,1,0,4,23,1
42,0,0,1,0,0,1,5,1,0,3,16,0
49,0,0,1,0,0,1,15,0,0,3,12,0
113,0,0,0,0,0,2,28,3,0,2,12,1
156,0,0,1,0,0,2,55,2,0,6,28,1
115,0,0,1,0,0,2,8,0,0,5,33,0
35,0,0,0,1,0,3,0,0,0,2,16,0
82,0,1,1,0,0,3,1,2,0,4,14,1
56,0,0,0,0,0,3,0,0,0,5,26,1
27,0,0,0,0,0,1,3,0,0,3,13,1
18,0,0,0,0,0,1,1,0,0,1,17,1
48,0,0,1,0,0,1,0,0,0,3,19,0
62,0,0,0,0,0,2,17,0,0,4,17,1
189,0,0,1,1,0,5,91,5,0,1,25,1
17,0,0,1,0,0,1,0,0,0,1,16,0
51,0,0,0,0,0,1,0,2,0,2,21,0
35,0,0,0,0,0,3,2,0,0,2,11,0
39,0,0,0,0,0,3,0,0,0,2,22,0
79,0,0,1,0,0,2,9,4,0,3,10,0
114,0,0,1,0,0,2,9,3,0,2,16,0
33,0,0,0,0,0,2,0,1,0,2,16,0
32,0,0,0,0,0,1,4,0,0,3,14,1
93,0,0,0,1,0,3,18,3,0,2,21,1
43,0,0,0,0,0,2,4,1,0,1,22,0
76,0,0,1,0,0,5,0,0,0,2,41,0
27,0,0,1,0,0,1,0,0,0,3,6,0
102,0,0,1,0,0,2,6,2,0,5,16,0
31,0,0,0,0,0,1,0,2,0,1,11,0
46,0,0,1,0,0,2,0,0,0,3,27,1
63,0,0,1,0,0,6,1,0,0,5,8,1
36,0,0,0,0,0,2,0,0,0,2,15,1
27,0,0,0,0,0,2,4,0,0,2,14,0
31,0,0,0,0,0,2,0,0,0,1,21,0
73,0,0,1,1,0,3,0,0,0,3,9,1
36,0,0,1,0,0,2,0,0,0,2,11,1
54,0,0,0,0,0,7,2,3,0,2,18,1
43,0,0,1,0,0,2,8,2,0,2,16,0
66,0,0,1,0,0,3,16,0,0,5,30,0
26,0,0,0,0,0,1,0,0,0,1,20,1
17,0,0,0,0,0,2,0,0,0,2,12,1
86,0,0,1,0,0,1,12,0,0,5,11,0
38,0,0,0,0,0,2,11,2,0,1,12,0
61,0,0,0,0,0,3,17,1,0,6,11,1
44,0,0,1,0,0,2,1,0,0,4,11,0
20,0,0,0,0,0,2,0,0,0,1,11,1
29,0,0,0,0,0,1,0,0,0,3,13,1
94,0,0,1,1,0,6,2,5,0,8,13,1
21,0,0,0,0,0,1,0,0,0,2,11,0
37,0,0,0,0,0,2,3,3,1,2,15,1
104,0,0,1,1,0,7,2,5,0,8,15,1
19,0,0,1,0,0,1,0,0,0,1,18,0
21,0,0,0,0,0,1,3,0,0,2,12,0
27,0,0,0,0,0,2,4,0,0,1,14,0
43,0,0,1,0,0,1,1,0,0,3,9,0
111,0,0,1,0,0,2,13,10,0,2,22,0
11,0,0,0,0,0,1,4,0,0,0,11,1
24,0,0,0,0,0,2,0,0,0,2,19,1
55,0,0,0,0,0,1,19,0,0,5,9,1
31,0,0,0,1,0,3,0,0,0,3,12,1
47,0,0,0,0,0,4,1,2,0,5,13,1
40,0,0,0,0,0,2,0,0,0,1,23,0
18,0,0,0,0,0,1,2,0,0,2,13,0
95,0,0,1,1,0,7,18,6,0,5,39,1
43,0,0,1,0,0,2,0,0,1,1,42,0
98,0,0,1,1,0,6,2,5,0,8,9,1
32,0,0,0,0,0,2,5,0,0,2,21,0
53,0,0,0,0,0,1,19,0,0,4,25,1
36,0,0,0,0,0,1,0,0,0,4,12,0
127,0,0,1,1,0,9,1,8,1,6,35,1
41,0,0,0,0,0,2,1,3,0,2,16,0
41,0,0,1,0,0,2,0,1,0,1,10,0
66,0,0,0,0,0,3,25,0,0,5,9,1
80,0,1,0,0,0,3,0,2,0,2,22,1
147,0,0,1,1,0,4,37,0,0,3,18,1
55,0,0,0,0,1,3,28,0,0,3,14,1
110,0,0,1,0,0,2,2,3,0,4,8,0
52,0,0,0,0,0,3,2,1,0,3,19,1
36,0,0,0,0,0,2,0,2,0,2,16,0
31,0,0,1,0,0,1,0,0,0,2,12,0
53,0,0,1,0,0,2,0,1,0,4,15,1
17,0,0,0,1,0,1,0,0,0,1,16,1
31,0,0,0,0,0,1,1,2,0,1,11,0
30,0,0,0,0,0,2,0,0,0,2,7,1
195,0,0,0,0,0,2,103,1,0,4,16,1
40,0,0,0,0,0,3,4,0,0,2,16,0
62,0,0,1,0,0,1,0,0,1,2,14,0
34,0,0,0,0,0,1,0,0,0,4,12,0
85,0,0,1,0,0,2,21,0,0,7,11,1
64,0,0,0,0,0,3,0,0,0,4,17,0
96,0,0,1,0,0,2,8,0,0,5,19,0
61,0,0,1,0,0,1,0,0,0,2,15,0
36,0,0,0,0,0,1,1,0,0,3,18,1
55,0,0,1,1,0,6,10,0,0,2,34,1
96,0,0,1,1,0,7,1,8,0,3,23,1
26,0,0,0,0,0,1,0,0,0,1,19,0
31,0,0,0,0,0,1,2,3,0,1,11,0
80,0,0,1,0,0,3,5,0,0,6,29,0
34,0,0,0,0,0,2,4,0,0,1,29,0
52,0,0,0,0,0,5,0,0,0,1,23,1
53,0,0,0,0,0,3,0,5,0,1,14,0
47,0,0,0,0,0,2,0,0,0,4,22,1
53,0,0,1,0,0,2,11,2,0,2,14,1
27,0,0,0,0,0,2,4,0,0,2,14,0
19,0,0,0,0,0,1,0,0,0,1,18,0
25,0,0,0,0,0,2,5,0,0,2,8,0
47,0,0,0,0,0,2,0,0,0,2,23,0
76,0,0,1,0,0,1,10,0,0,5,17,0
13,0,0,0,0,0,2,0,0,0,0,13,1
25,0,0,0,0,0,3,0,0,0,1,15,0
34,0,0,0,0,0,3,4,0,0,2,12,0
20,0,0,0,0,0,2,0,0,0,2,13,0
78,0,0,1,0,0,3,6,0,1,3,28,0
62,0,0,0,0,0,2,14,6,0,1,12,0
23,0,0,0,0,0,1,0,0,0,1,22,0
19,0,0,0,0,0,2,0,0,0,2,14,0
109,0,0,0,1,0,8,1,8,0,5,27,1
29,0,0,0,0,0,2,0,0,0,3,10,1
65,0,0,1,0,0,2,16,0,0,4,15,1
21,0,0,0,0,0,2,0,0,1,1,20,0
27,0,0,0,0,0,3,0,0,0,1,22,0
51,0,0,0,0,0,2,4,5,0,2,16,0
48,0,0,0,0,0,3,0,0,0,3,18,0
20,0,0,0,0,0,1,0,0,0,1,19,0
371,0,0,1,1,0,3,55,12,0,3,45,1
39,0,0,0,0,0,1,0,0,0,4,8,0
19,0,0,0,0,0,1,0,0,0,1,18,0
93,0,0,0,1,0,5,1,7,0,4,13,1
28,0,0,0,0,0,2,0,0,0,3,14,1
46,0,0,1,0,0,2,1,0,0,3,20,1
75,0,0,1,0,0,2,0,0,0,6,22,1
82,0,0,1,0,0,1,0,0,0,2,13,0
20,0,0,0,0,0,1,0,0,0,2,14,0
32,0,0,0,0,0,2,0,1,0,2,16,0
70,0,0,1,0,0,1,0,0,0,2,14,0
46,0,0,1,0,0,2,0,0,0,3,7,0
137,0,0,0,1,0,9,51,7,0,1,35,1
30,0,0,0,0,0,2,1,1,0,4,11,1
314,0,0,1,1,0,5,94,0,0,2,89,1
42,0,0,1,0,0,1,6,0,0,3,11,0
62,0,0,1,0,0,1,7,0,0,3,13,0
29,0,0,0,0,0,2,0,0,0,1,28,1
50,0,0,0,0,0,4,4,3,0,1,20,0
63,0,0,1,0,0,1,5,0,0,1,9,0
27,0,0,1,0,0,1,0,0,0,2,20,0
49,0,0,1,0,0,2,4,0,0,2,10,0
19,0,0,0,0,0,1,3,0,0,1,12,1
51,0,0,0,0,0,2,0,0,0,3,27,0
146,0,0,1,0,0,1,1,0,0,4,17,0
57,0,0,0,0,0,3,0,0,0,5,12,0
73,0,0,0,0,0,6,0,0,0,7,13,1
11,0,0,0,0,0,1,4,0,0,0,11,1
27,0,0,1,0,0,2,0,0,0,2,17,0
24,0,0,0,0,0,2,0,2,0,1,17,1
229,0,0,0,0,0,6,24,22,0,2,25,1
116,0,0,0,1,0,6,0,0,0,6,12,1
55,0,0,1,0,0,3,0,0,0,3,19,0
36,0,0,1,0,0,1,0,0,0,2,23,0
49,0,0,0,1,0,4,0,2,0,3,13,1
29,0,0,0,0,0,1,0,0,0,1,18,0
34,0,0,0,0,0,2,0,0,0,2,19,1
48,0,0,1,1,0,1,3,0,0,5,15,1
40,0,0,1,0,0,2,0,0,0,2,12,0
107,0,0,1,0,0,3,13,2,0,2,12,1
13,0,0,0,0,0,1,0,1,0,1,6,0
67,0,0,0,0,0,2,0,6,0,2,16,0
35,0,0,0,0,0,4,1,2,0,1,19,1
39,0,0,0,0,0,1,0,0,0,4,8,0
33,0,0,0,0,0,1,0,0,0,3,26,1
245,0,0,0,1,0,8,10,23,0,10,15,1
124,0,0,1,1,0,6,8,11,0,5,18,1
28,0,0,0,0,0,3,0,0,0,1,17,0
35,0,0,0,0,0,1,0,1,0,5,9,0
45,0,0,0,0,0,2,11,0,0,6,13,0
47,0,0,0,0,0,3,0,0,0,4,13,0
36,0,0,0,0,0,3,6,2,0,2,12,0
44,0,0,0,0,0,1,4,2,0,1,16,1
19,0,0,0,0,0,1,2,0,0,1,13,1
18,0,0,0,0,0,1,0,0,0,1,17,0
82,0,0,1,0,0,2,6,0,0,6,14,0
25,0,0,0,0,0,2,5,0,0,2,12,0
55,0,0,1,0,0,2,0,1,0,3,27,0
33,0,0,0,0,0,2,0,0,0,2,14,1
145,0,0,0,0,0,3,18,9,0,4,26,0
29,0,0,1,0,0,2,3,0,0,1,20,1
47,0,0,0,0,0,2,22,0,0,5,14,1
21,0,0,0,0,0,2,0,0,0,2,6,1
54,0,0,1,0,0,4,2,1,0,2,23,1
63,0,0,1,0,0,2,9,0,0,4,16,0
73,0,0,0,0,0,1,18,1,0,5,9,1
106,0,0,1,1,0,4,22,2,0,6,10,1
62,0,0,0,0,0,2,6,4,0,3,6,0
45,0,0,0,1,0,3,2,3,1,7,9,1
108,0,0,1,0,0,2,6,0,0,4,15,0
34,0,0,0,0,0,2,1,0,0,2,29,1
33,0,0,0,0,0,2,2,0,0,2,13,1
61,0,0,1,0,0,3,0,0,0,4,29,1
24,0,0,1,0,0,2,0,0,0,1,23,0
30,0,0,1,0,0,2,0,0,0,1,15,1
18,0,0,0,0,0,2,0,0,0,1,17,0
23,0,0,0,0,0,1,0,0,0,2,14,0
25,0,0,1,0,0,1,6,0,0,1,15,1
72,0,0,0,0,0,2,20,0,0,6,14,1
25,0,0,0,0,0,1,3,0,0,1,16,1
26,0,0,0,0,0,2,0,0,0,1,17,1
29,0,0,0,0,0,2,3,0,0,2,14,1
51,0,0,0,0,0,2,5,0,0,5,12,1
20,0,0,0,0,0,1,1,0,0,1,14,1
102,0,0,0,0,0,7,8,7,0,3,19,0
28,0,0,0,0,0,1,0,0,0,1,27,0
133,0,0,0,0,0,3,21,6,0,1,19,1
45,0,0,0,0,0,2,0,2,0,2,14,0
56,0,0,1,0,0,2,5,1,0,4,20,0
33,0,0,0,0,0,2,3,0,1,1,32,0
310,0,0,1,1,0,12,124,1,0,4,209,1
55,0,0,0,1,0,6,0,2,0,3,27,1
27,0,0,0,0,0,2,0,0,0,1,16,0
95,0,0,1,0,0,2,1,7,0,4,16,1
31,0,0,0,0,0,1,4,2,0,1,11,0
54,0,0,1,0,0,2,4,2,0,3,13,1
56,0,0,1,0,0,3,0,0,0,4,18,1
36,0,0,0,0,0,2,0,0,0,3,19,0
56,0,0,1,0,0,1,23,0,0,5,11,1
70,0,0,0,0,0,2,5,4,0,4,7,0
30,0,0,0,0,0,1,0,0,0,2,10,1
35,0,0,1,0,0,2,2,0,0,1,18,0
66,0,0,1,1,0,3,0,0,0,4,29,1
24,0,0,0,1,0,1,0,0,0,1,23,0
20,0,0,0,0,0,1,4,0,0,1,10,1
158,0,0,1,1,0,5,40,8,0,3,19,1
104,0,0,1,0,0,3,7,7,0,1,20,0
66,0,0,0,0,0,1,17,10,0,1,10,0
31,0,0,0,0,0,2,5,0,0,2,16,1
33,0,0,0,0,0,2,0,0,1,1,23,0
225,0,0,1,1,0,5,84,5,0,5,18,1
85,0,0,1,0,0,4,15,0,0,5,18,0
30,0,0,1,0,0,3,0,0,0,2,12,1
68,0,0,1,0,0,1,9,1,0,6,15,0
138,0,0,0,0,0,5,42,2,0,2,25,1
25,0,0,0,0,0,2,4,0,0,1,15,1
40,0,0,0,0,0,2,4,5,0,2,8,0
27,0,0,0,0,0,2,0,0,0,1,26,0
31,0,0,1,0,0,1,1,2,0,1,11,0
15,0,0,1,0,0,1,0,0,0,1,14,1
47,0,0,1,0,0,2,0,0,0,4,19,1
51,0,0,0,0,1,4,15,0,0,5,11,1
23,0,0,0,0,0,2,0,0,0,2,18,0
40,0,0,1,0,0,1,7,0,0,3,11,0
75,0,0,1,0,0,1,8,0,0,7,10,0
40,0,0,1,0,0,3,0,0,0,1,26,0
69,0,0,0,0,0,3,11,0,0,6,13,0
88,0,0,1,0,0,2,3,2,0,6,9,1
45,0,0,0,0,0,2,0,0,0,2,17,0
60,0,0,1,0,0,2,0,0,0,6,9,1
31,0,0,0,0,0,1,1,3,0,1,11,0
27,0,0,0,0,1,4,16,0,0,1,15,1
40,0,0,1,0,0,3,0,0,0,3,16,0
126,0,0,1,1,0,6,8,11,0,5,20,1
30,0,0,1,1,0,2,4,0,0,1,29,1
67,0,0,1,0,0,1,0,2,0,7,17,1
91,0,0,1,1,0,6,2,5,0,8,14,1
64,0,0,0,0,0,4,0,0,0,5,15,1
31,0,0,0,0,0,1,0,0,0,3,13,1
70,0,0,0,0,0,3,1,1,0,6,15,1
32,0,0,0,0,0,3,0,0,0,1,18,0
45,0,0,1,0,0,1,2,0,0,3,9,0
31,0,0,0,0,0,2,2,2,0,2,23,1
22,0,0,0,0,0,1,0,0,0,1,17,0
36,0,0,1,0,0,1,0,0,0,4,19,1
82,0,0,1,1,0,6,0,3,0,3,14,1
46,0,0,0,0,0,1,0,4,0,1,6,0
29,0,0,1,0,0,2,0,0,0,1,18,1
42,0,0,0,0,0,3,0,0,0,3,15,1
41,0,0,1,1,0,1,8,0,0,6,10,1
66,0,0,1,0,0,2,10,2,0,9,10,0
31,0,0,0,0,0,2,0,0,0,2,14,1
40,0,0,1,0,0,2,4,0,0,3,20,0
15,0,0,0,0,0,1,0,0,0,1,14,0
54,0,0,0,0,0,3,1,0,0,5,15,1
44,0,0,1,0,0,1,2,0,0,2,31,1
31,0,0,0,0,0,1,0,2,0,1,11,0
29,0,0,0,0,0,2,1,0,0,1,12,0
99,0,0,1,0,0,1,16,0,0,3,8,0
80,0,0,0,0,0,2,7,6,1,3,21,0
31,0,0,0,0,0,2,0,0,1,1,30,0
252,0,0,1,1,0,5,82,14,0,5,19,1
30,0,0,0,0,0,2,0,1,0,1,13,0
33,0,0,0,0,0,2,0,0,0,2,14,0
66,0,0,1,0,0,1,9,0,0,5,19,0
119,0,0,1,0,0,1,6,0,0,4,11,0
42,0,0,0,0,0,2,0,0,0,3,22,1
52,0,0,0,0,0,2,10,0,0,6,11,0
371,0,0,1,1,0,3,51,13,0,3,45,1
50,0,0,1,0,0,1,4,0,0,4,18,1
50,0,0,0,0,0,2,6,4,0,2,16,0
16,0,0,0,0,0,2,0,0,1,1,15,1
22,0,0,0,0,0,1,0,0,0,2,13,1
38,0,0,1,0,0,3,4,0,0,1,28,0
34,0,0,0,0,0,3,0,0,1,2,14,1
41,0,0,1,0,0,2,4,0,0,3,22,0
47,0,0,0,0,0,2,0,1,0,4,7,0
53,0,0,1,1,0,2,0,0,0,4,13,1
36,0,0,0,0,0,1,0,0,0,1,21,0
19,0,0,0,0,0,2,0,0,0,1,13,1
51,0,0,1,0,0,2,0,0,0,4,16,1
37,0,0,1,0,0,1,0,0,1,1,18,0
68,0,0,1,0,0,3,0,0,0,6,29,0
35,0,0,0,0,0,1,0,0,0,3,18,1
66,0,0,0,1,0,6,0,0,0,4,19,1
41,0,0,0,0,0,1,2,0,0,3,25,0
151,0,0,1,0,0,2,55,12,0,2,14,1
67,0,0,1,1,0,7,0,0,1,4,11,1
79,0,0,1,1,0,3,5,1,0,5,16,1
77,0,0,0,0,0,3,8,2,0,4,25,0
117,0,0,1,0,0,1,32,0,0,3,12,0
17,0,0,0,0,1,3,13,0,0,0,17,1
24,0,0,0,0,0,2,0,0,0,1,16,0
57,0,0,1,0,0,1,10,0,0,3,16,0
32,0,0,0,0,0,1,0,2,0,1,9,0
62,0,0,0,0,0,3,5,4,0,3,16,0
106,0,0,1,1,0,7,2,5,0,8,13,1
12,0,0,0,0,0,1,0,0,0,1,7,1
39,0,0,0,0,0,3,6,1,0,1,22,0
24,0,0,0,0,0,2,3,0,0,1,11,0
77,0,0,0,0,0,2,19,0,0,3,16,0
65,0,0,1,0,0,1,15,0,0,3,12,0
13,0,0,0,0,0,1,0,0,0,1,12,1
37,0,0,0,0,0,2,3,2,0,1,13,0
32,0,0,1,0,0,1,0,0,0,4,11,1
28,0,0,0,0,0,1,0,0,0,3,14,1
41,0,0,0,0,0,2,0,1,0,2,23,0
12,0,0,0,0,0,1,0,0,0,1,11,1
85,0,1,1,1,0,3,0,2,0,4,14,1
79,0,0,1,0,0,2,4,0,0,3,27,0
31,0,0,1,0,0,1,2,3,0,1,11,0
75,0,0,0,0,0,5,4,2,0,2,30,1
65,0,0,0,0,0,5,1,2,0,5,15,1
82,0,0,1,0,0,4,5,6,0,2,34,0
76,0,0,0,0,0,1,0,3,0,6,13,0
34,0,0,0,0,0,2,0,0,0,3,18,0
98,0,0,1,0,0,1,8,0,0,7,14,0
33,0,0,0,0,0,1,3,0,0,5,7,0
17,0,0,0,0,0,2,1,0,0,2,10,1
52,0,0,0,0,0,1,16,0,0,3,9,1
33,0,0,0,0,0,2,0,0,0,3,20,0
44,0,0,0,0,0,2,0,2,0,2,16,0
83,0,0,1,0,0,1,21,1,0,3,21,1
117,0,0,1,1,0,6,6,10,0,1,21,1
13,0,0,0,0,0,1,0,0,1,1,6,1
12,0,0,0,0,0,2,0,0,0,1,11,1
70,0,0,1,0,0,1,8,0,1,2,14,0
38,0,0,0,0,0,1,0,0,0,4,8,0
33,0,0,1,1,0,3,0,0,0,2,19,1
39,0,0,1,0,0,1,6,0,0,5,12,0
51,0,0,1,1,0,2,2,3,0,2,21,1
59,0,0,0,0,0,1,23,0,0,3,18,1
146,0,0,1,1,0,13,23,3,0,2,113,1
27,0,0,0,0,0,1,0,0,1,1,16,0
132,0,0,1,1,0,1,22,4,0,5,19,1
40,0,0,1,1,0,2,0,0,0,1,39,1
20,0,0,0,0,0,2,0,0,0,1,19,0
16,0,0,0,0,0,1,2,0,0,1,9,1
164,0,0,1,1,0,3,72,4,0,2,32,1
37,0,0,0,0,0,1,0,0,0,3,17,1
33,0,0,0,0,0,2,0,0,0,2,15,0
33,0,0,0,0,0,1,3,0,0,1,24,1
16,0,0,0,0,0,1,0,0,1,1,15,0
90,0,0,1,1,0,5,2,5,0,8,9,1
36,0,0,0,0,0,2,0,1,0,2,19,0
15,0,0,0,0,0,1,0,0,0,1,14,0
42,0,0,0,0,0,1,0,0,0,5,7,0
22,0,0,0,0,0,1,0,0,0,1,10,0
40,0,0,1,0,0,1,0,0,0,3,10,0
15,0,0,0,0,0,1,3,0,0,1,7,1
15,0,0,0,0,0,2,1,0,0,1,14,1
48,0,0,0,0,0,1,4,0,0,2,17,0
37,0,0,0,0,0,2,10,0,0,2,19,1
118,0,0,1,0,0,3,13,0,0,5,33,1
224,0,0,1,1,0,8,88,0,0,2,190,1
62,0,0,0,0,0,2,2,1,0,1,35,0
63,0,0,0,0,0,2,0,0,0,6,17,1
76,0,0,0,0,0,3,37,1,0,2,14,1
39,0,0,1,0,0,2,0,0,0,3,19,0
77,0,0,1,0,0,1,8,0,0,6,13,0
19,0,0,0,0,0,2,0,0,0,1,18,0
36,0,0,0,0,0,2,0,1,0,2,16,0
129,0,0,1,0,0,2,17,1,0,2,18,0
44,0,0,0,0,0,3,1,0,0,3,18,0
74,0,0,0,0,0,5,5,0,0,2,23,1
12,0,0,1,0,0,1,0,0,0,1,11,1
44,0,0,0,1,0,4,0,2,0,5,12,1
47,0,0,1,0,0,1,0,0,0,5,31,1
20,0,0,0,0,0,1,6,0,0,1,11,1
77,0,0,1,1,0,3,0,0,1,8,10,1
43,0,0,0,0,0,2,3,2,0,5,14,1
40,0,0,0,0,0,1,4,3,0,2,10,0
36,0,0,0,0,0,2,2,0,0,2,22,1
60,0,0,0,0,0,2,2,3,0,1,16,0
128,0,0,0,0,0,2,11,2,0,6,8,1
79,0,0,1,0,0,2,0,0,0,2,19,1
34,0,0,0,0,0,1,1,2,0,1,11,0
31,0,0,0,0,0,1,1,2,0,1,11,0
59,0,0,1,0,0,1,0,0,0,3,19,0
42,0,0,0,0,0,3,2,0,0,2,22,0
44,0,0,0,1,0,2,0,0,0,2,25,1
32,0,0,0,0,0,3,1,3,0,1,20,0
39,0,0,1,0,0,1,2,0,0,4,17,0
60,0,0,1,0,0,2,7,0,0,3,22,0
25,0,0,1,0,0,2,0,0,0,1,24,1
36,0,0,0,0,0,3,0,0,1,1,30,1
53,0,0,1,0,0,2,6,0,0,4,15,0
23,0,0,0,0,0,2,0,0,0,1,22,1
28,0,0,0,0,0,1,0,0,0,1,21,1
21,0,0,0,0,0,1,0,1,0,2,13,1
41,0,0,0,0,0,3,0,0,0,3,23,1
56,0,0,1,0,0,1,2,1,0,4,22,1
33,0,0,0,0,0,1,0,0,0,2,9,0
29,0,0,0,0,1,4,10,0,0,2,13,1
55,0,0,0,0,0,2,1,3,0,2,16,1
74,0,0,1,1,0,9,8,0,0,1,73,1
30,0,0,0,1,0,3,0,0,0,2,15,1
49,0,0,1,0,0,2,0,0,1,4,17,1
263,0,0,1,1,0,16,93,0,0,5,222,1
93,0,0,0,1,0,4,1,7,0,4,10,1
26,0,0,0,0,0,2,0,0,0,2,16,1
79,0,0,0,0,0,4,22,0,0,4,20,1
180,0,0,1,1,0,2,10,20,0,7,7,1
20,0,0,0,0,0,1,2,0,0,2,15,1
68,0,0,1,0,0,4,6,6,0,2,24,0
60,0,0,1,0,0,2,7,4,0,3,12,0
62,0,0,1,0,0,2,0,0,0,6,21,1
30,0,0,0,0,0,1,2,0,0,3,15,1
37,0,0,0,0,0,1,0,0,0,2,19,0
169,0,0,0,1,0,10,43,1,0,7,22,1
33,0,0,0,0,0,3,4,0,0,2,11,0
93,0,0,0,0,0,1,6,0,0,1,9,1
191,0,0,1,1,0,2,46,7,0,8,16,1
31,0,0,0,0,0,3,0,0,0,1,22,0
38,0,0,0,0,0,1,0,2,0,2,13,0
32,0,0,0,0,0,2,0,0,0,2,16,1
42,0,0,0,0,0,1,23,0,0,3,16,1
34,0,0,1,0,0,2,5,0,0,3,12,1
33,0,0,0,1,0,1,2,0,0,3,13,0
28,0,0,0,0,0,2,0,1,0,1,16,0
53,0,0,1,0,0,4,0,0,0,5,17,1
149,0,0,0,0,0,3,38,6,0,5,21,1
37,0,0,0,0,0,1,0,1,0,3,15,0
35,0,0,0,0,0,2,0,1,0,2,13,1
168,0,0,1,1,0,17,67,0,0,1,167,1
83,0,0,1,1,0,6,2,5,0,8,14,1
63,0,0,0,0,0,2,15,0,0,3,13,1
35,0,0,0,0,0,2,0,2,0,1,13,0
40,0,0,1,0,0,1,5,1,0,3,16,0
28,0,0,0,0,0,2,0,0,0,1,27,0
30,0,0,0,0,0,2,0,0,0,1,14,0
27,0,0,0,0,0,2,4,0,0,2,14,0
38,0,0,0,0,0,2,14,0,0,2,30,1
69,0,0,1,0,0,3,6,0,1,3,32,0
103,0,0,1,1,0,7,2,5,0,8,14,1
75,0,0,1,0,0,1,7,0,0,3,10,0
49,0,0,0,0,0,2,6,2,0,1,14,0
280,0,0,1,1,0,12,116,7,0,1,197,1
55,0,0,1,0,0,1,8,0,0,5,17,0
86,0,0,1,1,0,6,14,0,0,1,85,1
217,0,0,1,1,0,13,51,5,0,4,103,1
110,0,0,1,0,0,1,14,0,1,3,12,0
46,0,0,1,0,0,1,0,0,0,2,12,1
36,0,0,0,0,0,2,3,2,0,1,16,0
28,0,0,0,0,0,2,0,0,0,2,16,1
29,0,0,0,0,0,2,0,0,0,1,20,1
29,0,0,1,0,0,2,1,0,0,3,12,1
99,0,0,1,1,0,7,2,5,0,8,14,1
35,0,0,1,0,0,2,2,0,0,1,26,1
144,0,0,1,0,0,2,4,0,0,4,14,0
42,0,0,1,0,0,2,5,0,0,5,15,0
64,0,0,0,0,0,3,8,3,0,5,21,0
23,0,0,0,0,0,2,0,0,0,1,22,0
46,0,0,1,0,0,1,5,0,0,4,7,0
54,0,0,1,0,0,1,0,0,0,2,17,0
20,0,0,0,0,0,1,2,0,0,1,13,1
33,0,0,0,0,0,2,0,0,1,1,32,0
38,0,0,0,0,0,2,0,0,0,1,22,0
41,0,0,1,0,0,3,4,0,0,2,26,1
45,0,0,1,0,0,1,10,0,0,3,12,0
67,0,0,1,0,0,1,8,0,0,3,18,0
27,0,0,0,0,0,4,0,0,0,3,17,0
54,0,0,1,0,0,1,0,0,0,2,19,1
54,0,0,0,0,0,2,0,2,0,4,16,0
30,0,0,1,0,0,1,0,0,0,2,11,0
47,0,0,0,1,0,2,0,0,0,4,14,1
32,0,0,1,0,0,2,0,0,0,2,9,0
44,0,0,1,0,0,1,0,0,0,2,11,0
27,0,0,0,0,0,1,0,0,0,1,17,0
69,0,0,0,0,0,2,24,0,0,3,21,1
201,0,0,1,1,0,3,48,10,0,3,30,1
45,0,0,0,0,0,2,0,0,0,5,15,1
51,0,0,0,0,0,4,0,0,0,4,15,1
35,0,0,1,0,0,2,0,0,0,2,11,1
15,0,0,0,0,1,3,11,0,0,1,14,1
46,0,0,1,0,0,1,0,0,0,4,20,0
42,0,0,1,0,0,2,0,0,0,3,24,1
186,0,0,0,1,0,2,32,1,0,4,17,1
67,0,0,0,0,0,1,13,0,0,5,12,1
18,0,0,0,0,0,1,0,0,0,1,17,1
41,0,0,1,0,0,1,10,0,0,3,12,0
253,0,0,0,1,0,19,87,0,1,3,162,1
51,0,0,1,0,0,2,8,4,0,2,14,0
25,0,0,0,0,0,2,0,0,0,2,17,1
53,0,0,1,0,0,4,21,0,0,3,25,1
78,0,0,1,0,0,2,0,0,0,2,17,0
32,0,0,0,0,0,2,0,0,0,1,19,0
31,0,0,1,0,0,1,3,2,0,1,11,0
49,0,0,0,0,0,2,7,2,0,3,13,0
132,0,0,0,0,0,4,13,2,0,2,21,1
26,0,0,0,0,0,1,2,2,0,2,15,0
94,0,0,1,0,0,1,6,2,0,4,14,0
165,0,0,1,1,0,10,64,0,0,4,83,1
29,0,0,1,0,0,1,1,0,0,2,11,0
43,0,0,1,0,0,1,0,0,0,5,8,1
26,0,0,0,0,0,2,0,0,0,2,12,1
12,0,0,0,0,0,2,1,0,0,1,11,0
61,0,0,1,1,0,2,4,1,0,5,22,1
142,0,0,1,1,0,11,25,3,1,2,83,1
19,0,0,0,0,0,2,0,0,0,1,10,1
363,0,0,1,1,0,3,54,16,0,3,45,1
62,0,0,0,0,0,1,9,4,0,3,14,0
34,0,0,0,0,0,2,0,1,0,2,16,0
48,0,0,1,1,0,1,0,0,0,4,14,1
31,0,0,0,0,0,1,0,0,0,2,25,0
63,0,0,1,0,0,3,8,0,1,5,17,0
97,0,0,1,1,0,6,0,4,0,5,21,1
235,0,0,1,1,0,9,93,5,0,4,30,1
45,0,0,0,0,0,2,0,0,0,3,27,1
107,0,0,1,0,0,1,15,3,0,4,11,1
42,0,0,0,0,0,3,0,0,0,2,25,1
26,0,0,0,1,1,3,11,0,0,1,14,1
31,0,0,0,0,0,1,2,0,0,3,15,1
34,0,0,0,0,0,2,0,1,0,2,16,0
191,0,0,1,1,0,2,92,7,0,2,10,1
81,0,0,1,0,0,3,8,10,0,2,6,1
30,0,0,0,0,0,2,0,0,0,2,20,1
47,0,0,1,0,0,1,3,1,0,1,11,0
56,0,0,0,0,0,1,3,4,0,2,13,0
132,0,0,1,1,0,8,2,9,0,1,43,1
50,0,0,1,0,0,1,0,0,0,2,19,0
20,0,0,0,0,0,2,4,0,0,1,19,1
49,0,0,1,0,0,1,0,0,0,2,11,0
902,0,0,1,1,0,11,187,63,0,1,17,1
645,0,0,1,1,0,3,88,21,0,3,45,1
53,0,0,1,0,0,2,2,0,0,3,28,1
43,0,0,1,0,0,1,0,0,0,4,16,1
22,0,0,0,0,0,1,0,0,0,2,11,0
60,0,0,1,0,0,1,3,0,0,3,14,0
33,0,0,0,0,0,2,0,0,0,2,13,1
10,0,0,0,0,0,1,1,0,0,1,8,1
61,0,0,0,0,0,1,20,0,0,4,15,1
28,0,0,0,0,0,1,0,0,0,2,13,0
29,0,0,0,0,0,1,12,0,0,4,8,0
99,0,0,0,1,0,6,1,7,0,4,16,1
19,0,0,0,0,0,2,0,0,0,1,18,0
43,0,0,1,0,0,2,5,0,0,2,16,0
57,0,0,1,0,0,3,17,1,1,2,17,0
18,0,0,0,0,0,1,0,0,0,1,17,0
64,0,0,0,1,0,3,0,0,0,4,33,1
110,0,0,0,0,0,1,28,7,0,3,16,1
106,0,0,1,1,0,2,12,2,0,6,22,1
227,0,0,0,0,0,1,68,1,0,4,13,1
257,0,0,1,0,0,2,1,21,0,3,11,0
80,0,0,1,0,0,1,20,0,0,5,19,1
62,0,0,0,0,0,2,6,0,0,3,23,0
30,0,0,0,0,0,2,0,0,0,2,13,1
18,0,0,0,0,0,1,3,0,0,1,11,1
51,0,0,0,1,0,2,5,0,0,3,31,0
34,0,0,0,0,0,2,3,2,0,1,9,0
129,0,0,1,0,0,3,2,10,0,5,25,1
42,0,0,0,0,0,3,17,0,0,4,17,1
68,0,0,1,0,0,2,4,0,0,6,15,1
50,0,0,0,0,0,2,0,0,0,3,15,0
44,0,0,0,0,0,2,7,2,0,2,12,0
26,0,0,0,0,0,1,2,0,1,3,15,1
15,0,0,0,0,0,1,0,0,0,1,14,1
65,0,0,1,0,0,2,0,0,0,2,51,1
68,0,0,0,0,0,1,21,0,0,5,15,1
28,0,0,0,0,0,1,0,0,0,3,14,1
37,0,0,0,0,0,2,0,0,1,1,20,0
23,0,0,0,0,0,3,0,0,0,2,15,0
269,0,0,1,0,0,6,48,17,0,1,20,1
62,0,0,1,0,0,1,0,1,0,4,12,1
21,0,0,0,0,0,1,2,0,0,1,11,1
28,0,0,0,0,0,2,0,0,0,1,17,0
107,0,0,0,0,0,3,0,7,0,3,19,0
38,0,0,1,1,0,2,5,0,0,3,16,1
50,0,0,1,0,0,2,0,0,0,2,17,0
16,0,0,0,0,0,1,0,0,0,1,15,0
80,0,0,0,0,0,2,5,8,0,1,22,0
17,0,0,0,0,0,2,0,0,0,1,16,1
48,0,0,0,0,0,2,0,2,0,2,14,0
36,0,0,1,0,0,2,0,0,1,3,24,0
41,0,0,1,0,0,1,0,0,0,3,16,0
42,0,0,0,0,0,2,0,0,0,2,24,0
36,0,0,0,0,0,6,19,1,0,1,6,1
100,0,0,1,1,0,4,1,3,0,10,19,1
113,0,0,1,1,0,4,2,2,0,11,23,1
78,0,0,0,0,0,1,17,1,0,4,12,1
62,0,0,0,0,0,2,0,4,0,2,19,0
61,0,0,1,1,0,2,21,0,0,2,27,1
24,0,0,0,0,0,1,0,0,0,1,11,0
18,0,0,0,0,0,1,0,1,0,1,6,0
10,0,0,0,0,0,1,0,0,0,1,9,0
88,0,0,1,0,0,2,7,12,0,1,16,0
106,0,0,1,0,0,2,14,0,0,2,16,0
97,0,0,1,0,0,5,30,2,0,4,23,0
51,0,0,1,0,0,2,0,2,0,2,22,0
55,0,0,0,1,0,2,0,0,0,3,27,1
78,0,0,1,0,0,2,9,0,1,4,13,0
30,0,0,0,0,0,3,7,0,0,1,18,1
187,0,0,1,1,0,2,11,28,0,6,21,1
22,0,0,1,0,0,1,0,0,0,3,13,1
25,0,0,0,0,0,1,0,0,0,1,24,0
28,0,0,0,0,1,4,11,0,0,2,12,1
90,0,1,1,0,0,4,0,3,0,7,12,1
42,0,0,0,0,0,3,3,0,0,2,24,0
15,0,0,0,0,0,1,0,0,0,1,14,0
31,0,0,0,0,0,3,0,0,0,3,12,0
29,0,0,0,0,0,2,0,0,0,3,20,0
79,0,0,0,0,0,2,4,1,0,3,11,0
78,0,0,1,1,0,6,2,4,0,6,23,1
55,0,0,1,0,0,2,6,3,0,2,16,0
53,0,0,1,0,0,3,6,0,0,4,13,0
43,0,0,0,0,0,2,0,2,0,2,15,0
37,0,0,0,0,0,2,10,2,0,1,11,0
53,0,0,1,0,0,3,7,0,1,3,21,0
32,0,0,0,0,0,2,0,0,0,3,19,0
40,0,0,0,0,0,2,0,0,0,3,16,1
99,0,0,1,1,0,7,2,5,0,8,14,1
36,0,0,0,0,0,1,0,1,0,3,12,0
81,0,0,0,0,0,3,17,2,0,5,11,1
32,0,0,0,0,0,1,3,0,0,1,26,1
51,0,0,0,0,0,1,19,0,0,2,11,1
54,0,0,0,0,0,2,0,1,0,4,13,0
44,0,0,0,0,0,3,0,0,0,3,19,1
66,0,0,1,0,0,2,5,0,0,4,12,0
79,0,0,1,0,0,1,6,0,0,3,8,0
58,0,0,1,0,0,2,0,4,0,2,17,0
68,0,0,0,0,0,2,8,2,0,1,27,0
31,0,0,0,0,0,1,2,2,0,1,11,0
23,0,0,0,0,0,2,7,1,0,1,11,1
19,0,0,0,0,0,2,0,0,0,1,18,0
50,0,0,1,0,0,4,6,0,0,2,26,1
23,0,0,0,0,0,2,0,0,0,1,10,0
34,0,0,0,0,0,2,1,0,0,2,15,0
95,0,0,1,0,0,1,5,1,0,3,19,0
33,0,0,1,0,0,2,0,0,0,2,23,1
22,0,0,0,0,0,1,0,0,0,1,14,1
23,0,0,0,0,0,2,2,0,0,1,14,1
40,0,0,0,0,0,1,4,2,0,1,20,0
119,0,0,0,0,0,3,26,2,0,2,15,1
82,0,0,1,0,0,1,9,0,0,4,11,0
13,0,0,0,0,0,1,0,0,0,1,12,1
35,0,0,0,0,0,2,0,0,0,1,18,0
20,0,0,0,0,0,2,0,0,0,2,11,0
41,0,0,0,0,0,2,4,2,0,1,18,0
238,0,0,1,0,0,5,78,7,1,3,21,1
37,0,0,0,0,0,2,0,1,0,4,11,1
150,0,0,1,1,0,3,33,5,0,5,17,1
27,0,0,1,0,0,1,0,0,0,2,11,0
19,0,0,0,0,0,1,2,0,0,1,12,1
43,0,0,0,1,0,3,1,1,0,3,12,1
34,0,0,0,0,0,3,0,0,0,2,17,1
58,0,0,0,0,0,2,14,2,0,2,17,0
36,0,0,1,0,0,1,0,0,0,3,8,0
27,0,0,1,0,0,2,0,0,0,1,26,0
51,0,0,0,0,0,3,4,1,0,4,18,0
42,0,0,0,0,0,3,6,0,0,2,22,0
25,0,0,0,0,0,2,0,0,0,2,9,0
99,0,0,0,0,0,4,2,1,0,12,11,1
18,0,0,0,0,0,1,0,0,0,0,18,1
52,0,0,0,0,0,3,1,3,0,2,23,0
45,0,0,1,0,0,2,6,0,0,5,15,0
52,0,0,1,0,0,1,0,1,0,3,11,0
47,0,0,0,1,0,2,0,2,0,3,13,1
24,0,0,0,0,0,2,0,0,0,2,18,1
23,0,0,1,0,0,1,10,0,0,1,10,0
48,0,0,0,0,0,2,4,0,0,4,13,0
48,0,0,0,0,0,3,5,2,0,2,25,0
36,0,0,0,0,0,2,0,0,0,3,14,1
29,0,0,0,0,1,4,11,0,0,1,14,1
47,0,0,0,0,0,1,2,5,0,2,12,0
39,0,0,1,0,0,4,0,0,0,2,24,0
25,0,0,0,0,0,1,7,0,0,3,8,0
21,0,0,0,0,0,2,0,0,0,1,20,1
107,0,0,1,0,0,4,14,0,0,3,43,0
119,0,0,1,1,0,6,12,0,0,6,12,1
31,0,0,0,0,0,1,2,2,0,1,11,0
21,0,0,0,0,0,2,0,0,0,2,14,0
52,0,0,1,0,0,1,14,0,0,3,12,0
49,0,0,0,0,0,4,4,0,0,3,16,0
68,0,0,0,0,0,5,3,0,0,3,20,1
34,0,0,1,0,0,1,7,0,0,3,10,1
31,0,0,1,0,0,1,1,0,0,3,13,0
70,0,0,1,0,0,3,0,0,0,5,22,1
44,0,0,1,0,0,4,0,0,0,2,20,0
87,0,0,1,0,0,2,0,6,0,4,17,1
27,0,0,0,0,0,3,0,0,0,1,17,0
33,0,0,0,0,0,1,0,0,0,3,20,1
19,0,0,0,0,0,1,1,0,0,2,10,0
28,0,0,0,0,0,2,0,0,0,1,17,0
37,0,0,0,0,0,2,0,0,0,2,10,0
80,0,0,0,0,0,3,6,3,0,5,20,0
28,0,0,0,0,0,2,0,0,0,2,11,1
114,0,0,0,1,0,5,1,7,0,5,19,1
40,0,0,1,0,0,3,8,0,0,3,16,0
44,0,0,1,0,0,2,0,0,1,4,22,0
22,0,0,0,0,0,1,0,0,0,1,21,0
71,0,0,0,0,0,1,29,0,0,3,11,1
30,0,0,0,0,0,2,0,0,0,1,19,0
67,0,0,1,0,0,1,9,0,1,2,14,0
35,0,0,1,0,0,2,0,0,1,1,18,0
30,0,0,0,0,0,2,0,0,0,2,15,1
396,0,0,1,1,0,13,164,5,0,2,221,1
103,0,0,1,0,0,3,6,1,0,2,22,0
40,0,0,1,0,0,3,0,0,0,2,19,0
169,0,0,1,1,0,24,42,0,0,2,150,1
48,0,0,0,0,0,2,6,0,0,2,17,1
35,0,0,0,0,0,2,0,2,0,1,9,0
203,0,0,1,1,0,3,5,29,0,1,15,1
50,0,0,1,0,0,1,11,0,0,4,12,0
56,0,0,0,0,0,1,0,0,0,4,15,0
36,0,0,1,1,0,1,0,0,0,1,9,1
37,0,0,0,0,0,3,0,0,0,2,18,0
56,0,0,0,0,0,2,1,0,0,7,17,1
83,0,0,1,1,0,5,2,5,0,8,10,1
68,0,0,1,0,0,2,8,0,0,5,30,0
126,0,0,0,0,0,5,9,13,0,2,23,1
39,0,0,1,0,0,1,0,0,0,2,14,0
49,0,0,1,0,0,2,0,0,0,5,11,1
32,0,0,0,0,0,1,0,0,0,4,15,1
100,0,0,1,0,0,2,17,0,0,6,19,1
41,0,0,0,0,0,3,4,2,0,2,14,0
60,0,0,1,0,0,1,7,2,0,5,14,0
25,0,0,0,0,0,1,0,0,0,1,16,1
60,0,0,1,0,0,1,12,0,0,3,18,0
26,0,0,0,0,0,1,0,0,0,2,12,0
15,0,0,0,0,0,2,0,0,0,1,14,1
219,0,0,1,1,0,2,76,7,0,7,13,1
36,0,0,0,0,0,2,0,1,0,2,20,0
79,0,0,1,0,0,2,3,0,0,5,16,0
39,0,0,0,0,0,2,0,2,0,2,14,0
264,0,1,0,1,0,15,62,18,0,3,10,1
30,0,0,0,0,0,2,0,0,0,2,10,1
141,0,0,0,1,0,10,32,0,0,4,77,1
61,0,0,1,0,0,2,0,0,0,1,15,0
44,0,0,0,0,0,3,0,1,0,3,21,0
26,0,0,0,0,0,3,0,0,0,1,16,0
33,0,0,0,0,0,2,2,0,0,2,13,1
32,0,0,0,0,0,2,0,0,0,2,17,0
67,0,0,1,0,0,2,8,0,0,4,13,0
138,0,0,1,0,0,4,13,1,0,2,24,1
63,0,0,0,0,0,6,3,0,0,5,23,0
48,0,0,0,0,0,3,5,0,0,2,29,1
38,0,0,1,0,0,1,8,0,0,3,10,0
35,0,0,0,1,0,4,0,0,0,1,21,1
24,0,0,0,0,0,2,0,0,0,1,15,1
63,0,0,1,0,0,2,0,0,0,3,14,0
106,0,0,1,1,0,7,2,5,0,8,13,1
93,0,0,0,0,0,3,40,1,0,11,16,1
39,0,0,1,0,0,4,4,0,0,1,30,1
52,0,0,0,0,1,3,26,0,0,2,12,1
26,0,0,0,0,0,1,0,0,0,1,25,0
54,0,0,0,0,0,1,1,3,0,3,14,0
45,0,0,0,0,0,3,3,0,0,1,31,1
19,0,0,0,0,0,3,2,0,0,1,18,1
13,0,0,0,0,0,1,0,1,0,1,9,1
36,0,0,0,0,0,1,0,0,0,2,28,1
42,0,0,0,0,0,1,0,1,0,3,18,0
29,0,0,0,0,0,2,2,0,0,1,23,1
162,0,0,1,1,0,7,39,0,0,1,161,1
31,0,0,0,0,0,2,0,0,0,3,7,0
41,0,0,0,0,0,2,0,3,0,2,16,0
53,0,0,0,0,0,1,0,4,0,2,10,0
41,0,0,1,0,0,2,1,0,1,2,15,0
49,0,0,0,0,0,4,9,1,0,2,21,0
28,0,0,0,1,0,3,0,0,0,1,17,1
41,0,0,1,0,0,1,0,0,0,3,12,0
54,0,0,1,0,0,2,0,0,0,5,25,1
90,0,0,1,0,0,3,8,0,0,7,21,1
62,0,0,1,0,0,1,10,0,0,3,10,0
61,0,0,1,0,0,2,15,0,0,3,18,0
43,0,0,1,0,0,3,6,0,0,2,14,0
103,0,0,1,1,0,7,2,5,0,8,14,1
55,0,0,0,0,0,1,4,0,0,6,9,0
33,0,0,0,0,0,2,1,0,0,3,11,1
22,0,0,0,0,0,1,0,0,0,1,16,1
26,0,0,0,0,0,2,0,0,0,2,12,1
95,0,0,1,1,0,7,24,6,0,5,39,1
18,0,0,0,0,0,1,0,0,0,2,13,1
19,0,0,1,0,0,1,4,0,0,1,18,1
33,0,0,0,0,0,2,0,0,0,2,13,1
38,0,0,0,0,0,2,0,1,0,2,16,0
37,0,0,1,0,0,3,5,0,0,2,21,1
31,0,0,0,0,0,3,0,0,1,2,22,0
46,0,0,0,0,0,3,4,0,0,3,29,1
40,0,0,0,0,0,2,0,2,0,2,16,0
39,0,0,0,0,0,1,14,0,0,4,10,0
85,0,0,1,0,0,6,0,0,0,5,26,1
20,0,0,0,0,0,1,0,0,0,1,19,0
37,0,0,0,0,0,3,0,0,0,3,23,1
249,0,0,0,1,0,2,34,2,0,6,14,1
88,0,0,1,0,0,3,0,1,1,4,34,1
18,0,0,0,0,0,1,2,0,0,1,11,1
53,0,0,1,0,0,3,0,0,0,4,23,1
58,0,0,0,0,0,1,3,4,0,2,21,0
18,0,0,0,0,0,2,0,0,0,1,17,0
161,0,0,1,0,0,2,22,0,0,4,16,0
55,0,0,0,0,0,3,1,1,0,5,14,0
70,0,0,1,0,0,4,4,6,0,2,24,0
60,0,0,0,0,0,2,0,3,0,2,16,0
36,0,0,0,0,0,2,0,1,0,2,16,0
54,0,0,0,0,0,2,15,0,0,4,23,1
31,0,0,0,1,0,3,0,0,0,3,12,1
59,0,0,0,1,0,3,0,0,0,4,22,1
227,0,0,1,1,0,2,108,7,0,7,13,1
36,0,0,0,0,0,3,4,1,0,2,14,1
36,0,0,1,0,0,2,0,1,1,3,17,1
31,0,0,1,0,0,1,0,2,0,1,11,0
41,0,0,0,0,0,2,0,0,0,1,25,0
28,0,0,0,0,0,1,0,0,0,3,19,0
39,0,0,0,0,0,2,0,0,1,2,18,0
55,0,0,0,0,0,4,0,0,0,5,17,1
47,0,0,1,0,0,3,1,0,0,2,10,0
29,0,0,0,0,0,1,1,0,0,3,17,1
23,0,0,0,0,0,1,3,0,0,1,16,1
21,0,0,1,0,0,1,0,0,0,1,20,0
31,0,0,0,0,0,2,2,0,0,2,11,1
84,0,0,0,0,0,3,0,0,0,7,26,1
40,0,0,0,0,0,1,1,1,0,3,13,0
76,0,0,0,0,0,3,21,2,0,2,21,1
31,0,0,1,0,0,1,1,3,0,1,11,0
40,0,0,1,0,0,2,0,0,0,2,13,0
15,0,0,0,0,0,1,0,0,0,1,14,0
15,0,0,0,0,0,1,0,0,0,1,14,0
49,0,0,0,0,0,4,0,0,0,3,23,1
88,0,1,1,0,0,3,3,2,0,5,14,1
18,0,0,0,0,0,1,0,0,0,1,17,0
54,0,0,1,1,0,3,1,0,0,5,15,1
37,0,0,1,0,0,1,7,0,0,3,12,0
93,0,0,0,1,0,6,5,3,0,4,15,1
45,0,0,1,0,0,2,0,0,0,1,15,0
33,0,0,0,0,0,1,0,0,0,2,28,1
20,0,0,1,0,0,1,0,0,0,1,19,0
70,0,0,1,0,0,1,1,0,0,4,21,1
35,0,0,0,0,0,1,0,0,0,4,12,0
584,0,0,0,1,0,29,14,44,0,35,11,1
45,0,0,0,0,0,1,0,0,0,2,11,0
75,0,0,0,0,0,2,6,6,0,1,30,0
41,0,0,0,0,0,3,7,0,0,4,16,0
46,0,0,0,0,0,2,0,2,0,2,16,0
36,0,0,0,0,0,1,1,2,0,2,9,0
337,0,0,1,1,0,3,48,8,0,3,44,1
33,0,0,0,0,0,2,0,0,0,3,17,0
22,0,0,0,0,0,2,0,0,1,1,21,1
46,0,0,0,0,0,2,0,1,0,3,19,0
65,0,0,1,0,0,5,4,0,0,4,20,0
24,0,0,0,0,0,2,0,0,0,1,23,0
21,0,0,0,0,0,1,4,0,0,1,15,1
23,0,0,0,0,0,1,0,0,0,1,11,0
47,0,0,1,0,0,2,3,0,0,4,15,1
51,0,0,1,0,0,4,0,0,0,2,19,0
31,0,0,0,0,0,1,4,2,0,1,11,0
43,0,0,0,0,0,2,0,0,0,1,42,0
17,0,0,0,0,0,1,0,0,0,1,16,1
114,0,0,0,0,0,1,2,10,0,1,8,0
43,0,0,0,0,0,1,2,5,1,1,12,0
61,0,0,1,0,0,2,8,0,0,1,15,0
34,0,0,0,0,0,3,2,0,0,2,18,0
35,0,0,0,0,0,2,0,0,0,3,13,0
95,0,0,1,1,0,7,0,0,0,4,27,1
40,0,0,0,0,0,2,0,2,0,2,10,0
21,0,0,0,1,0,1,0,0,0,1,20,0
22,0,0,0,0,0,1,0,0,0,1,21,0
17,0,0,0,0,0,1,7,0,0,1,9,0
62,0,0,0,0,0,6,0,0,0,3,23,1
86,0,0,0,0,0,4,4,1,0,6,27,1
95,0,0,1,0,0,2,0,0,1,2,26,0
22,0,0,0,0,0,1,0,0,0,1,10,0
69,0,0,0,0,0,2,0,9,0,2,16,0
51,0,0,0,0,0,3,1,1,0,2,28,0
72,0,0,1,0,0,2,8,4,0,1,16,0
34,0,0,0,0,0,2,0,0,0,2,16,0
83,0,0,1,1,0,6,2,5,0,8,14,1
41,0,0,0,0,0,2,0,0,0,3,22,1
115,0,0,0,1,0,9,1,8,0,5,33,1
40,0,0,1,0,0,1,2,0,0,2,14,0
47,0,0,1,0,0,3,6,0,1,3,18,0
52,0,0,1,1,0,6,0,3,0,1,28,1
58,0,0,0,0,0,2,14,2,0,2,17,0
26,0,0,0,0,0,1,0,1,0,1,13,0
27,0,0,1,0,0,2,0,0,0,1,15,1
40,0,0,0,0,0,1,0,0,0,4,12,1
15,0,0,0,0,0,1,0,0,0,1,14,0
37,0,0,0,0,0,1,0,0,0,4,8,0
60,0,0,1,0,0,3,0,0,0,2,14,0
38,0,0,1,0,0,1,0,0,0,3,7,0
44,0,0,0,0,0,1,1,0,0,5,16,1
64,0,0,1,0,0,2,0,0,0,5,16,1
20,0,0,0,0,0,2,0,0,0,1,19,0
45,0,0,0,0,0,2,3,0,0,6,19,0
53,0,0,1,0,0,2,0,0,0,4,25,0
33,0,0,1,0,0,1,4,0,1,3,14,0
21,0,0,0,0,0,1,0,0,0,2,10,0
39,0,0,0,0,0,1,0,0,0,5,12,1
39,0,0,0,0,0,3,2,0,0,2,17,1
23,0,0,0,0,0,1,0,0,0,1,22,0
29,0,0,0,0,0,1,3,0,0,2,13,0
49,0,0,0,0,0,2,4,2,0,2,14,0
43,0,0,0,0,0,1,6,0,0,4,13,0
96,0,0,1,0,0,2,19,2,0,3,19,0
48,0,0,0,0,0,2,3,0,0,3,17,1
32,0,0,0,0,0,2,0,0,0,1,16,1
52,0,0,0,0,0,3,8,0,0,3,20,0
18,0,0,0,0,0,1,0,0,0,1,17,0
30,0,0,0,0,0,2,0,0,0,2,19,0
47,0,0,0,0,0,3,8,0,0,3,15,0
73,0,0,1,0,0,2,1,0,0,4,24,1
87,0,0,1,0,0,2,17,1,0,6,19,1
69,0,0,1,0,0,2,12,0,0,3,21,0
45,0,0,0,0,0,3,0,2,0,1,24,0
22,0,0,0,0,0,1,2,0,0,1,16,1
44,0,0,0,0,0,5,0,0,0,2,19,0
71,0,0,1,0,0,3,7,0,0,1,18,0
46,0,0,1,0,0,3,0,1,0,2,18,1
46,0,0,1,0,0,2,0,0,0,1,21,0
23,0,0,0,1,0,2,0,0,1,1,22,0
54,0,0,1,0,0,2,0,0,0,2,15,0
57,0,0,0,0,0,2,0,3,0,2,16,0
86,0,0,0,0,0,2,20,0,0,5,11,1
29,0,0,0,0,0,3,0,0,0,1,19,0
12,0,0,0,0,0,2,0,0,0,1,11,0
43,0,0,1,0,0,1,8,0,0,5,12,0
39,0,0,1,0,0,3,4,0,0,1,22,1
35,0,0,0,0,0,1,0,0,0,2,10,0
35,0,0,0,0,0,2,0,0,0,2,23,0
51,0,0,0,0,0,2,0,1,0,3,18,0
52,0,0,0,0,0,3,2,1,0,2,22,1
25,0,0,0,0,0,1,0,0,0,1,22,1
61,0,0,1,0,0,1,2,0,0,3,10,0
136,0,1,1,0,0,3,1,7,0,5,28,1
27,0,0,0,0,0,2,0,0,0,2,18,0
23,0,0,1,0,0,1,10,0,0,1,10,0
40,0,0,0,0,0,3,1,0,0,3,20,1
39,0,0,0,0,0,2,4,2,0,1,16,0
49,0,0,0,0,0,1,4,3,0,2,21,0
62,0,0,0,0,0,4,0,1,0,5,10,1
114,0,0,1,0,0,2,9,0,0,1,21,0
60,0,0,0,0,0,1,0,4,0,3,12,0
35,0,0,1,0,0,2,0,0,0,2,10,0
56,0,0,0,0,0,2,4,3,1,3,21,0
89,0,0,1,0,0,3,4,2,1,6,23,0
95,0,0,1,1,0,7,25,6,0,5,39,1
39,0,0,0,0,0,1,0,0,0,4,12,0
54,0,1,0,1,0,3,0,3,0,4,10,1
44,0,0,0,0,0,3,0,2,0,1,26,0
15,0,0,0,0,0,1,0,0,0,1,14,0
18,0,0,0,0,0,2,0,0,0,0,18,1
35,0,0,0,0,0,3,1,0,0,3,16,1
24,0,0,0,0,1,4,12,0,0,1,13,1
75,0,0,1,0,0,1,25,0,0,4,15,1
51,0,0,1,0,0,1,0,0,0,2,17,0
27,0,0,1,0,0,1,5,2,0,1,18,0
115,0,0,1,0,0,4,10,10,0,2,19,0
59,0,0,0,0,0,2,4,4,0,4,15,0
17,0,0,0,0,0,1,0,0,0,2,13,1
57,0,0,0,0,0,2,2,3,0,1,17,0
65,0,0,1,0,0,2,0,0,0,4,21,1
37,0,0,0,0,0,3,0,0,0,3,13,1
23,0,0,0,0,0,2,0,0,0,1,22,0
98,0,0,0,1,0,2,20,0,0,8,9,1
56,0,0,1,0,0,3,10,0,1,3,24,0
18,0,0,0,0,1,3,14,0,0,0,18,1
54,0,0,0,0,0,3,6,2,0,1,24,0
36,0,0,1,0,0,1,0,1,0,3,15,1
55,0,0,1,0,0,1,0,0,0,4,24,1
20,0,0,1,1,0,2,0,0,0,1,19,1
99,0,0,1,1,0,6,2,7,0,12,12,1
216,0,0,0,0,0,5,50,6,0,6,10,1
229,0,0,1,1,0,7,95,0,0,4,118,1
58,0,0,1,0,0,2,4,1,0,2,17,1
60,0,0,1,0,0,2,0,0,0,1,21,0
54,0,0,0,0,0,1,19,0,0,3,15,1
65,0,0,1,0,0,1,15,0,1,4,11,0
47,0,0,0,0,0,2,3,2,0,4,11,0
50,0,0,1,0,0,2,0,0,0,4,22,1
41,0,0,0,0,0,2,0,0,0,1,28,0
99,0,0,1,1,0,6,2,5,0,8,20,1
266,0,0,0,0,0,14,62,18,0,3,18,1
26,0,0,0,0,0,1,0,0,1,2,6,0
75,0,0,1,0,0,5,0,0,0,4,26,1
24,0,0,0,0,0,1,4,2,0,1,16,0
84,0,0,0,0,0,2,0,0,0,5,32,0
24,0,0,0,0,0,1,7,0,0,3,8,0
64,0,0,1,0,0,1,0,1,1,4,14,1
11,0,0,0,0,0,1,0,0,0,1,10,0
67,0,0,1,0,0,2,6,0,0,1,21,0
24,0,0,0,0,0,1,0,0,0,1,23,0
20,0,0,0,0,0,1,0,0,0,1,19,0
53,0,0,0,1,0,2,0,2,0,5,11,1
52,0,0,0,0,0,2,0,3,0,2,13,0
25,0,0,0,0,0,1,0,0,0,1,24,0
64,0,1,0,0,0,3,0,2,0,3,8,1
46,0,0,1,0,0,2,0,1,0,3,23,1
71,0,0,0,0,0,1,0,0,0,5,19,1
35,0,0,1,0,0,1,3,0,0,2,12,0
230,0,0,1,1,0,8,38,18,0,7,8,1
50,0,0,0,1,0,5,0,1,0,3,38,1
27,0,0,0,0,0,1,0,0,0,2,20,1
27,0,0,0,0,0,2,1,0,0,3,8,1
43,0,0,0,0,0,2,0,0,0,3,12,0
89,0,0,0,0,0,3,16,2,0,8,14,0
39,0,0,0,0,0,2,0,1,0,2,16,0
53,0,0,1,0,0,2,0,4,0,1,10,0
53,0,0,0,0,0,3,0,1,0,3,16,1
12,0,0,0,0,0,1,0,0,0,1,11,1
18,0,0,0,0,0,1,0,0,0,2,10,0
90,0,0,1,0,0,1,0,0,0,4,8,0
120,0,0,0,0,0,2,12,16,0,1,28,0
68,0,0,0,0,0,2,0,7,0,2,16,0
59,0,0,1,0,0,2,2,0,0,3,13,0
58,0,0,1,1,0,1,17,1,0,5,7,1
28,0,0,0,0,0,1,0,0,0,2,20,1
63,0,0,1,0,0,3,0,1,0,4,21,1
38,0,0,0,0,0,3,0,1,0,2,13,1
81,0,0,0,0,0,1,5,0,0,1,10,1
67,0,0,0,1,0,1,21,0,0,2,20,1
31,0,0,0,0,0,1,2,3,0,1,11,0
371,0,0,1,1,0,3,46,12,0,3,45,1
31,0,0,0,0,0,1,0,0,0,4,9,0
29,0,0,0,0,0,2,5,2,0,1,8,0
64,0,0,0,0,0,2,1,3,0,3,11,1
68,0,0,0,0,0,1,18,0,0,6,13,1
17,0,0,0,0,0,1,0,0,0,1,16,0
34,0,0,0,0,0,3,0,0,0,2,18,0
36,0,0,0,0,0,2,8,0,0,3,10,0
19,0,0,0,0,0,1,0,0,0,1,14,0
23,0,0,0,0,0,1,0,1,0,1,11,0
223,0,0,1,1,0,3,92,6,0,2,15,1
345,0,0,1,1,0,3,52,8,0,3,45,1
18,0,0,0,0,0,1,0,0,1,1,17,0
51,0,0,1,0,0,3,3,0,0,4,17,1
26,0,0,0,0,0,2,3,0,0,2,14,0
34,0,0,0,0,0,1,0,0,0,4,12,0
38,0,0,0,0,0,2,0,3,0,2,8,0
17,0,0,1,0,0,1,0,0,0,0,17,1
400,0,0,1,0,0,21,68,21,0,10,22,1
19,0,0,0,0,0,1,0,0,0,1,18,0
25,0,0,0,0,0,1,0,0,0,2,13,1
19,0,0,0,0,0,1,3,0,0,1,10,1
33,0,0,0,0,0,1,1,0,0,3,9,0
33,0,0,0,0,0,1,2,0,0,1,24,1
14,0,0,0,0,0,1,0,0,0,1,13,1
26,0,0,0,0,0,1,4,0,0,1,18,1
35,0,0,0,0,1,4,14,4,0,1,13,1
241,0,0,1,1,0,9,63,6,0,2,119,1
75,0,0,1,0,0,3,0,3,0,5,16,0
371,0,0,1,1,0,3,55,9,0,3,45,1
26,0,0,0,0,0,1,3,0,0,1,18,1
99,0,0,0,1,0,3,6,7,0,5,16,1
36,0,0,0,0,0,3,3,0,0,2,18,0
31,0,0,0,0,0,1,1,2,0,1,11,0
24,0,0,1,0,0,2,0,0,0,1,16,1
138,0,0,0,0,0,1,58,1,0,6,13,1
23,0,0,0,0,0,4,0,0,0,2,17,0
14,0,0,0,0,0,1,0,0,0,2,10,1
43,0,0,0,0,0,3,2,1,0,2,17,0
15,0,0,0,0,0,1,0,0,0,2,9,1
24,0,0,0,0,0,1,0,0,0,1,23,0
24,0,0,0,0,0,2,2,0,1,1,23,0
50,0,0,0,0,0,2,0,2,0,1,29,0
166,0,1,0,0,0,4,30,12,0,2,23,1
69,0,0,1,0,0,3,5,4,0,5,9,1
43,0,0,0,0,0,1,27,0,0,3,13,1
31,0,0,1,0,0,2,0,0,0,1,18,0
43,0,0,0,0,0,1,0,2,0,2,12,0
44,0,0,1,0,0,2,8,0,0,5,15,0
26,0,0,0,0,0,1,5,2,1,1,17,0
43,0,0,1,0,0,2,5,0,0,3,18,0
40,0,0,0,0,0,4,0,0,0,2,21,1
83,0,0,1,0,0,2,10,2,0,4,16,0
23,0,0,1,0,0,1,10,0,0,1,10,0
53,0,0,1,0,0,1,0,0,0,3,9,0
48,0,0,1,0,0,3,0,0,0,3,16,0
31,0,0,0,0,0,2,0,0,0,1,21,0
46,0,0,1,0,0,1,8,0,0,3,18,0
33,0,0,0,0,0,2,2,0,0,2,13,1
29,0,0,0,0,0,2,0,0,0,1,19,0
22,0,0,0,0,0,1,0,0,0,2,12,1
36,0,0,0,0,0,3,0,1,0,1,15,1
24,0,0,0,0,0,2,0,0,0,2,17,0
92,0,0,1,1,0,1,10,0,1,2,18,0
24,0,0,1,0,0,1,0,0,0,1,23,0
42,0,0,0,0,0,3,0,0,0,2,21,0
41,0,0,1,0,0,2,7,0,0,4,13,0
20,0,0,0,0,0,1,8,0,0,2,12,1
46,0,0,0,0,0,2,5,2,0,3,12,0
23,0,0,0,0,0,1,3,0,0,1,16,1
345,0,0,1,1,0,3,50,10,0,3,45,1
248,0,0,0,0,0,2,3,2,0,8,12,1
123,0,0,1,1,0,6,8,11,0,5,17,1
51,0,0,1,0,0,1,10,0,0,3,10,0
30,0,0,1,1,0,2,4,0,0,1,29,1
15,0,0,0,0,0,1,0,0,1,1,14,0
28,0,0,0,0,0,2,0,0,0,1,12,0
83,0,0,1,0,0,1,21,1,0,3,21,1
39,0,0,0,0,0,2,0,1,0,2,19,0
31,0,0,0,0,0,1,2,2,0,1,11,0
31,0,0,0,0,0,3,1,0,0,2,13,1
52,0,0,0,1,0,3,0,2,0,3,12,1
41,0,0,0,0,0,3,1,0,0,3,15,0
27,0,0,0,0,0,2,4,0,0,2,14,0
34,0,0,0,0,0,1,2,0,0,3,9,0
36,0,0,0,0,0,3,1,0,0,2,15,0
48,0,0,0,0,0,1,0,0,0,5,12,1
22,0,0,1,0,0,1,9,0,0,1,10,0
345,0,0,1,1,0,3,48,9,0,3,45,1
26,0,0,0,0,0,2,0,0,0,3,14,1
23,0,0,0,0,0,2,1,0,0,1,17,1
34,0,0,0,0,0,2,0,0,0,1,33,1
20,0,0,1,0,0,1,0,0,0,1,10,0
132,0,0,1,0,0,2,14,0,0,5,28,0
32,0,0,1,0,0,1,0,0,0,2,12,0
88,0,0,0,0,0,3,4,6,0,2,13,1
42,0,0,1,0,0,1,12,0,0,3,12,0
57,0,1,0,0,0,2,0,3,0,4,13,1
68,0,0,0,0,0,4,4,4,0,5,23,0
52,0,0,0,0,0,2,6,1,0,2,22,1
19,0,0,0,0,0,1,3,0,0,2,11,1
23,0,0,1,1,0,1,0,0,0,1,22,1
25,0,0,0,0,0,1,0,0,1,1,24,0
69,0,0,1,0,0,2,24,0,0,5,23,1
44,0,0,1,0,0,1,2,0,0,3,9,0
171,0,0,0,1,0,4,80,2,0,2,23,1
25,0,0,0,0,0,1,0,0,0,1,24,0
53,0,0,1,0,0,1,3,0,0,2,13,0
128,0,0,1,0,0,1,13,0,0,4,12,0
140,0,0,0,0,0,4,13,3,0,2,25,1
48,0,0,1,0,0,1,0,4,0,1,14,0
21,0,0,0,0,0,2,0,0,0,1,20,0
51,0,0,1,0,0,2,0,0,0,3,21,0
25,0,0,0,0,0,2,1,0,0,1,18,1
56,0,0,1,0,0,1,9,0,0,3,10,0
45,0,0,1,0,0,2,5,0,0,2,29,1
42,0,0,0,0,0,3,1,0,1,2,26,1
32,0,0,0,0,0,1,0,0,0,1,31,0
35,0,0,0,0,0,2,0,0,0,3,15,1
107,0,0,1,1,0,10,22,0,0,3,63,1
26,0,0,0,0,0,2,0,0,0,2,18,0
12,0,0,0,0,0,1,0,0,1,1,11,0
82,0,0,1,0,0,3,14,0,1,3,34,0
31,0,0,0,0,0,4,0,0,0,2,18,1
25,0,0,0,0,0,1,0,0,0,2,13,0
24,0,0,0,0,0,1,7,0,0,3,8,0
49,0,0,1,0,0,1,23,0,0,3,23,1
32,0,0,0,0,0,2,0,0,0,2,15,0
59,0,0,0,0,0,4,0,2,0,2,18,0
139,0,0,0,1,0,2,55,0,0,13,22,1
89,0,0,1,1,0,6,2,5,0,8,11,1
47,0,0,0,0,0,2,0,0,0,3,23,0
29,0,0,0,0,0,2,0,0,0,3,12,1
72,0,0,0,0,0,2,24,0,0,6,14,1
191,0,0,1,1,0,2,83,5,1,3,12,1
83,0,0,1,1,0,4,26,2,0,1,28,1
93,0,1,1,1,0,3,0,2,1,7,14,1
57,0,0,1,0,0,1,3,0,1,3,16,1
53,0,0,0,0,0,1,23,0,0,4,9,1
26,0,0,1,0,0,1,0,0,0,2,13,1
43,0,0,1,0,0,1,4,0,0,4,12,0
31,0,0,0,0,0,2,0,0,0,1,23,1
55,0,0,1,0,0,2,9,0,0,3,15,0
55,0,0,0,0,0,2,6,0,0,2,31,1
33,0,0,0,0,0,2,7,2,0,2,7,0
91,0,0,0,0,0,5,4,0,0,4,33,1
48,0,0,0,0,0,2,0,3,0,2,16,0
34,0,0,0,0,0,1,0,0,0,1,16,0
51,0,0,0,0,0,2,0,0,0,4,12,1
21,0,0,0,0,0,2,0,0,0,4,10,1
24,0,0,0,0,0,2,1,0,0,1,18,1
92,0,0,1,0,0,6,19,0,0,5,14,1
28,0,0,0,0,0,1,5,0,0,2,11,0
49,0,0,0,0,0,2,0,2,0,2,16,0
47,0,0,0,0,0,2,0,3,0,1,22,0
34,0,0,0,0,0,1,0,1,0,2,13,0
14,0,0,0,0,0,1,0,0,0,1,13,0
67,0,0,1,0,0,3,10,0,0,2,17,0
51,0,0,0,0,0,1,0,1,0,5,9,1
72,0,0,0,0,0,2,0,1,0,5,17,0
52,0,0,0,0,0,2,4,4,0,2,16,0
32,0,0,0,0,0,1,1,0,0,5,6,1
35,0,0,0,0,0,1,7,0,0,3,10,1
26,0,0,0,0,0,1,0,1,0,1,13,0
23,0,0,1,0,0,2,0,0,0,2,10,1
32,0,0,0,0,0,1,0,1,0,1,14,0
44,0,0,1,0,0,1,0,0,0,3,17,1
27,0,0,0,0,0,2,0,0,1,1,26,0
43,0,0,1,0,0,1,0,0,0,3,14,0
52,0,0,1,0,0,1,0,0,1,3,14,0
26,0,0,0,0,0,2,0,0,0,2,16,0
100,0,0,1,1,0,6,2,5,0,8,11,1
86,0,0,1,0,0,1,9,0,0,6,18,0
11,0,0,0,0,0,1,0,0,0,1,10,1
106,0,0,1,1,0,6,15,6,0,1,37,1
57,0,0,1,0,0,1,18,0,0,3,16,1
25,0,0,0,0,0,2,1,0,0,1,24,1
39,0,0,0,0,0,2,0,0,0,3,7,0
77,0,0,0,1,0,2,1,2,0,6,22,1
31,0,0,0,0,0,1,1,2,0,1,11,0
29,0,0,0,0,0,2,0,0,0,2,14,1
37,0,0,0,0,0,2,10,2,0,1,11,0
33,0,0,0,0,0,2,1,2,0,1,16,0
22,0,0,0,0,0,2,0,0,0,1,12,0
42,0,0,0,0,0,1,0,0,0,4,13,0
19,0,0,0,0,0,1,3,2,0,1,12,1
89,0,0,1,0,0,1,17,0,0,5,21,0
107,0,0,1,1,0,5,5,5,0,10,11,1
26,0,0,0,0,0,2,0,0,0,1,25,0
47,0,0,0,0,0,1,16,0,0,5,13,0
38,0,0,0,0,0,2,0,0,0,2,17,1
51,0,0,0,1,0,1,19,0,0,2,8,1
61,0,0,1,0,0,4,6,0,0,5,23,1
160,0,0,1,1,0,6,32,0,0,3,22,1
19,0,0,0,0,1,3,15,0,0,0,19,1
29,0,0,0,0,0,2,0,0,0,2,19,0
16,0,0,0,0,0,1,0,0,0,1,15,0
33,0,0,1,0,0,1,2,0,0,3,9,0
14,0,0,0,0,0,1,1,0,0,1,8,1
60,0,0,1,0,0,1,0,0,1,5,13,0
127,0,0,1,1,0,4,37,3,0,3,15,1
58,0,0,0,0,0,2,16,2,0,2,17,0
30,0,0,0,0,0,2,0,2,0,2,10,0
79,0,0,1,0,0,2,8,0,0,5,29,0
41,0,0,0,0,0,4,0,0,0,3,11,0
75,0,0,0,0,0,2,12,4,0,1,26,0
33,0,0,1,0,0,1,0,0,0,3,13,1
19,0,0,0,0,0,1,0,0,0,1,18,0
126,0,0,1,1,0,2,10,11,0,4,11,1
27,0,0,0,0,0,2,4,0,0,2,14,0
83,0,0,1,0,0,3,0,2,0,2,19,0
17,0,0,0,0,0,1,0,0,0,1,16,0
31,0,0,0,0,0,2,4,0,0,2,9,0
40,0,0,0,0,0,2,3,1,0,2,14,0
57,0,0,1,0,0,2,0,0,0,5,18,1
21,0,0,0,0,0,1,0,0,0,1,20,0
65,0,0,0,0,0,2,14,6,1,1,15,0
26,0,0,0,0,0,2,0,0,0,1,25,0
56,0,0,0,0,0,4,3,0,0,2,21,1
39,0,0,0,0,0,1,1,2,0,3,14,0
63,0,0,1,0,0,4,2,4,0,5,14,1
18,0,0,1,0,0,1,1,0,0,1,10,1
54,0,0,1,0,0,1,0,0,0,2,18,0
32,0,0,0,0,0,2,0,0,0,4,15,0
64,0,0,1,0,0,1,0,0,0,2,15,0
41,0,0,0,0,0,3,7,0,0,4,16,0
46,0,0,1,0,0,2,6,0,0,4,16,0
27,0,0,0,0,0,1,0,0,0,3,15,1
30,0,0,1,0,0,2,1,0,1,1,29,1
33,0,0,0,0,0,2,0,0,0,2,20,0
16,0,0,0,0,0,1,0,0,0,1,9,1
79,0,0,0,0,0,3,18,0,1,4,15,1
34,0,0,0,0,0,1,0,0,0,3,19,0
33,0,0,0,0,0,2,1,0,0,2,13,1
66,0,0,0,0,0,1,8,4,0,3,14,0
20,0,0,0,0,0,2,0,0,0,1,19,0
40,0,0,1,0,0,1,0,0,0,3,9,0
53,0,0,0,0,0,1,16,0,0,2,19,1
46,0,0,0,0,0,3,4,1,0,3,11,0
31,0,0,0,0,0,1,0,4,0,1,11,0
18,0,0,0,0,0,1,0,0,0,1,17,0
125,0,0,0,0,0,5,10,13,0,2,23,1
51,0,0,0,0,0,2,4,2,0,4,11,0
29,0,0,0,0,0,2,0,0,1,1,28,0
91,0,0,1,0,0,2,9,4,0,3,10,0
185,0,0,1,1,0,2,89,5,0,1,17,1
57,0,0,0,0,0,2,0,2,0,3,11,0
28,0,0,0,0,0,3,0,0,0,1,18,1
15,0,0,0,0,0,1,0,0,0,1,14,0
30,0,0,0,0,0,2,0,0,0,2,12,0
82,0,0,1,0,0,2,7,0,0,4,13,0
38,0,0,0,0,0,1,0,0,0,5,9,1
23,0,0,0,0,0,1,0,1,0,1,13,0
27,0,0,0,0,0,2,1,0,0,2,16,1
16,0,0,0,0,0,1,0,0,1,1,15,1
124,0,0,1,0,0,2,21,6,0,5,12,0
81,0,0,1,0,0,1,6,0,0,2,16,0
345,0,0,1,1,0,3,53,11,0,3,45,1
19,0,0,0,0,0,1,7,0,0,1,9,1
79,0,0,1,0,0,2,1,4,0,6,24,1
54,0,0,0,0,0,2,0,3,0,2,16,0
13,0,0,0,0,0,1,0,0,0,1,12,0
75,0,0,0,0,0,2,9,6,1,2,17,0
31,0,0,0,0,0,1,0,2,0,1,11,0
37,0,0,0,0,0,1,0,0,0,3,20,1
74,0,0,1,0,0,2,15,0,0,3,22,1
45,0,0,0,0,0,2,1,4,1,1,11,1
45,0,0,0,0,0,1,2,1,0,5,14,0
72,0,0,0,0,0,2,4,5,0,4,10,0
27,0,0,1,0,0,1,0,0,0,2,12,0
88,0,0,0,0,0,2,8,8,0,6,14,0
43,0,0,0,0,0,2,0,0,0,2,22,0
26,0,0,0,0,0,1,0,1,1,1,15,0
55,0,0,1,0,0,1,7,0,0,4,7,0
25,0,0,1,0,0,1,0,0,0,1,11,0
143,0,0,0,0,0,8,16,0,0,8,62,1
30,0,0,0,0,0,2,0,0,0,1,19,1
72,0,0,0,0,0,2,6,7,0,2,16,0
226,0,0,1,1,1,3,94,8,0,4,12,1
33,0,0,0,0,0,2,0,0,0,3,15,0
13,0,0,0,0,0,1,0,0,1,1,6,1
46,0,0,1,0,0,1,0,0,0,2,30,0
20,0,0,0,0,0,1,0,0,0,1,19,0
39,0,0,0,0,0,2,0,1,0,4,12,1
76,0,0,1,0,0,1,7,0,0,5,8,0
55,0,0,0,0,0,3,1,0,0,4,14,1
37,0,0,0,0,0,2,2,0,0,2,17,0
44,0,0,0,1,0,3,1,0,0,3,24,1
255,0,0,1,0,0,2,64,1,0,11,26,1
35,0,0,0,0,0,2,3,1,0,2,11,0
58,0,0,0,0,0,1,0,3,0,1,35,0
240,0,0,1,1,0,2,104,5,0,5,13,1
17,0,0,1,0,0,1,0,0,0,1,12,1
103,0,0,1,1,0,7,2,5,0,8,14,1
47,0,0,0,0,0,3,3,0,0,2,36,1
50,0,0,0,1,0,4,0,3,0,4,13,1
9,0,0,0,0,0,1,0,0,0,1,8,0
35,0,0,0,0,0,3,0,0,0,1,18,0
40,0,0,0,0,0,1,0,0,0,4,8,0
135,0,0,1,1,0,6,11,13,0,2,14,1
63,0,0,1,0,0,1,6,0,0,2,12,0
72,0,0,0,0,0,2,22,0,0,6,14,1
19,0,0,0,0,0,1,0,0,0,1,14,0
84,0,0,1,1,0,2,24,0,0,6,9,1
41,0,0,1,0,0,2,6,0,0,5,15,0
40,0,0,0,0,0,1,0,1,0,3,14,0
46,0,0,0,0,0,2,8,4,0,1,10,0
61,0,0,0,0,0,2,17,0,1,3,19,1
46,0,0,1,0,0,2,0,2,0,1,19,1
26,0,0,0,0,0,2,0,0,1,1,25,0
26,0,0,1,0,0,1,0,0,0,1,11,0
116,0,0,1,0,0,2,16,0,0,5,25,0
30,0,0,0,0,0,2,6,2,0,2,7,0
54,0,0,1,0,0,1,10,0,0,3,10,0
252,0,0,0,1,0,3,88,5,0,8,21,1
38,0,0,0,0,0,1,1,0,0,3,9,0
66,0,0,0,0,0,3,5,8,0,1,18,0
52,0,0,0,0,0,2,1,4,0,1,22,0
21,0,0,0,0,1,3,13,0,0,1,13,1
48,0,0,0,0,0,2,12,3,0,2,10,1
22,0,0,0,0,0,1,3,0,0,1,21,0
68,0,0,0,0,0,2,7,2,0,2,13,0
21,0,0,0,0,0,1,2,0,0,1,15,1
105,0,0,0,0,0,4,22,1,0,4,16,1
58,0,0,0,0,0,1,0,1,0,4,7,0
66,0,0,1,0,0,2,3,4,0,1,15,1
26,0,0,0,0,0,1,2,0,0,1,20,1
41,0,0,1,0,0,1,7,0,0,4,9,0
14,0,0,0,0,0,1,1,0,0,1,13,0
49,0,0,0,0,0,2,4,2,1,2,20,0
43,0,0,0,0,0,2,0,1,0,2,16,0
16,0,0,0,0,0,1,0,0,0,1,15,0
44,0,0,0,1,0,4,0,0,0,2,23,1
77,0,0,1,0,0,6,11,6,0,5,36,1
30,0,0,0,0,0,1,4,0,0,4,11,1
18,0,0,0,0,0,1,1,0,0,1,11,1
56,0,0,0,0,0,3,1,0,0,4,18,1
56,0,0,0,0,0,1,0,0,0,5,13,1
34,0,0,1,0,0,2,0,0,0,4,11,1
69,0,0,1,1,0,3,0,3,0,4,23,1
40,0,0,1,0,0,2,0,1,0,2,17,0
135,0,0,1,0,0,2,10,21,0,7,7,1
71,0,0,1,0,0,2,6,0,0,1,23,0
73,0,0,1,1,0,2,0,0,0,6,11,1
68,0,0,1,0,0,2,9,0,0,3,20,0
34,0,0,0,0,0,3,2,0,0,1,22,0
20,0,0,0,0,0,1,0,0,0,1,19,0
39,0,0,1,0,0,1,9,0,0,3,12,0
42,0,0,1,0,0,1,0,0,0,2,32,1
163,0,0,0,1,0,6,6,5,0,8,15,1
39,0,0,0,0,0,2,0,0,0,4,9,1
27,0,0,0,0,0,4,0,0,1,2,21,1
42,0,0,0,0,0,2,5,2,0,1,18,0
66,0,0,0,1,0,3,11,0,0,3,14,1
31,0,0,1,1,0,2,0,2,0,1,13,1
22,0,0,0,0,0,1,0,0,0,1,21,1
20,0,0,0,0,0,2,0,0,0,1,11,1
46,0,0,1,0,0,1,7,0,0,3,13,0
22,0,0,0,0,0,2,0,0,0,1,10,1
19,0,0,0,0,0,1,0,0,0,1,18,0
33,0,0,1,0,0,2,0,0,1,2,13,1
21,0,0,0,0,0,1,0,0,0,1,11,0
53,0,0,1,0,0,1,9,0,0,3,13,0
50,0,0,1,0,0,2,0,0,0,2,42,1
54,0,0,0,0,0,4,6,0,0,2,26,1
72,0,0,0,0,0,2,23,0,0,6,14,1
482,0,0,1,1,0,15,175,5,0,4,224,1
371,0,0,1,1,0,3,52,11,0,3,45,1
29,0,0,0,0,0,1,0,0,0,2,10,0
43,0,0,0,0,0,3,3,2,0,1,15,0
74,0,0,1,0,0,2,0,0,0,4,19,0
134,0,0,1,0,0,1,16,0,0,3,13,0
69,0,0,1,0,0,2,3,0,1,5,17,0
62,0,0,0,0,0,3,2,0,0,4,15,0
29,0,0,0,0,0,2,0,0,0,3,10,1
26,0,0,0,0,0,1,0,0,0,2,19,1
46,0,0,0,0,0,2,4,0,0,6,19,0
83,0,0,0,0,0,4,7,2,0,3,27,1
18,0,0,0,0,0,1,0,0,0,2,13,1
23,0,0,0,0,0,1,0,0,0,2,7,0
146,0,0,0,1,0,15,36,0,1,2,112,1
35,0,0,1,0,0,1,4,0,0,2,14,0
11,0,0,0,0,0,1,4,0,0,0,11,1
26,0,0,0,0,0,1,0,0,0,1,10,0
97,0,0,1,0,0,1,5,0,0,2,22,0
47,0,0,0,0,0,2,0,0,0,4,12,1
29,0,0,0,0,0,3,2,0,0,1,20,1
27,0,0,0,0,0,1,7,0,0,3,8,0
52,0,0,0,0,0,4,0,0,0,2,13,1
253,0,0,0,1,0,19,88,0,1,3,162,1
30,0,0,0,0,0,3,0,0,0,1,12,0
37,0,0,0,0,0,3,0,0,0,2,18,1
39,0,0,0,0,0,1,0,1,0,2,21,0
47,0,0,0,0,0,3,0,0,0,5,18,1
22,0,0,0,0,0,1,0,0,0,1,21,1
47,0,0,0,0,0,3,0,0,1,2,19,0
35,0,0,1,0,0,2,0,0,0,4,10,1
31,0,0,1,0,0,1,0,0,0,2,16,0
421,0,0,0,1,0,20,167,5,1,3,162,1
12,0,0,0,0,0,2,0,0,0,1,11,0
35,0,0,0,0,0,3,7,0,0,2,20,0
27,0,0,0,0,0,1,0,0,0,2,17,1
48,0,0,1,0,0,2,0,0,0,1,10,0
76,0,0,0,1,0,5,0,4,0,3,16,1
60,0,0,0,0,0,1,7,0,0,4,10,0
23,0,0,0,0,0,1,0,0,0,1,22,0
47,0,0,0,0,0,2,0,2,0,2,16,0
81,0,0,1,0,0,2,27,0,0,7,16,1
138,0,0,1,0,0,2,4,0,0,6,19,0
34,0,0,0,0,0,1,0,0,0,4,12,0
75,0,0,1,0,0,1,8,0,0,5,13,0
36,0,0,0,0,0,2,0,1,0,2,16,0
22,0,0,0,0,0,2,0,0,0,1,21,0
31,0,0,0,0,0,2,0,0,0,2,21,0
45,0,0,0,0,0,2,0,0,0,1,25,1
32,0,0,1,0,0,1,0,0,0,2,11,0
74,0,0,1,1,0,2,6,4,0,4,19,1
81,0,0,0,0,0,2,4,1,0,3,11,0
56,0,0,0,0,0,3,0,0,0,4,21,1
37,0,0,0,0,0,2,0,1,0,2,16,0
66,0,0,0,0,0,2,6,6,0,1,20,0
88,0,0,1,0,0,1,4,0,0,3,10,0
25,0,0,0,0,0,2,2,0,0,1,19,1
27,0,0,1,0,0,3,0,0,0,1,16,0
55,0,0,1,0,0,2,5,0,0,2,17,0
190,0,0,1,1,0,8,18,1,0,7,109,1
73,0,0,1,0,0,3,2,1,0,2,26,1
68,0,0,0,0,0,3,0,0,0,8,15,1
108,0,0,1,0,0,1,6,0,1,8,8,0
29,0,0,0,0,0,2,0,0,0,1,20,0
172,0,0,1,1,0,2,65,5,0,4,20,1
113,0,0,1,0,0,2,0,0,0,4,17,0
26,0,0,0,0,0,1,0,0,0,1,25,1
83,0,0,1,0,0,1,22,1,0,3,21,1
38,0,0,0,0,0,3,1,0,0,2,22,1
55,0,0,1,0,0,1,0,0,0,2,23,1
111,0,0,0,0,0,2,65,2,0,1,31,1
43,0,0,1,0,0,1,7,0,0,3,18,0
76,0,0,1,0,0,2,8,0,0,5,7,0
47,0,0,0,0,0,3,3,0,0,3,22,0
20,0,0,0,0,0,1,5,0,0,1,9,1
57,0,0,1,1,0,2,0,0,0,5,9,1
35,0,0,1,0,0,3,0,0,0,2,17,1
61,0,0,0,0,0,2,4,0,0,3,23,1
23,0,0,0,0,0,1,0,0,0,1,17,1
19,0,0,1,0,0,1,0,0,0,1,18,0
61,0,0,1,0,0,1,24,0,0,4,14,1
56,0,0,0,0,0,3,4,2,0,3,18,0
31,0,0,1,0,0,1,1,2,0,1,11,0
29,0,0,1,0,0,2,0,0,0,2,16,1
42,0,0,1,0,0,2,0,0,0,1,12,0
41,0,0,1,0,0,1,0,1,0,2,22,0
43,0,0,1,0,0,1,0,0,0,3,15,0
27,0,0,0,0,0,2,0,0,0,1,16,1
39,0,0,0,0,0,3,8,2,0,2,12,0
32,0,0,0,0,0,1,0,0,0,2,12,0
56,0,0,0,0,0,2,0,5,0,2,13,0
41,0,0,1,0,0,3,0,0,0,2,16,0
101,0,0,0,1,0,6,10,5,0,2,20,1
48,0,0,1,0,0,1,15,0,0,3,12,0
24,0,0,0,0,0,1,1,0,0,1,16,1
99,0,0,1,0,0,2,6,2,0,5,10,0
29,0,0,0,0,0,2,3,0,0,2,16,0
37,0,0,0,0,0,2,0,0,0,4,16,1
218,0,0,1,1,0,16,59,2,0,5,16,1
29,0,0,0,0,0,2,0,0,0,3,12,0
27,0,0,0,0,0,1,1,4,0,1,11,1
29,0,0,0,0,0,2,4,0,0,1,21,1
9,0,0,0,0,0,1,0,0,0,1,8,0
64,0,1,1,0,0,3,2,2,0,3,17,1
22,0,0,0,0,0,1,6,0,0,1,15,0
44,0,0,0,0,0,2,0,0,0,3,23,1
33,0,0,1,0,0,1,1,0,0,3,9,0
28,0,0,0,0,0,2,3,0,0,2,15,0
192,0,0,1,0,0,2,20,12,0,6,20,1
31,0,0,1,0,0,1,1,3,0,1,11,0
31,0,0,0,0,0,1,4,2,0,1,11,0
25,0,0,0,0,0,2,0,0,0,2,10,1
48,0,0,0,0,0,3,0,0,0,4,15,0
31,0,0,0,0,0,2,0,0,1,1,30,0
58,0,0,0,0,0,4,4,0,0,3,30,1
31,0,0,0,0,0,2,0,0,0,2,18,0
40,0,0,0,0,0,4,0,0,0,3,18,1
50,0,0,0,0,0,3,0,0,0,3,28,0
25,0,0,0,1,0,2,1,0,0,2,9,1
20,0,0,1,0,0,2,0,0,0,1,19,1
37,0,0,0,0,0,3,10,0,0,3,10,0
19,0,0,0,0,0,1,5,0,0,1,12,1
23,0,0,0,0,0,1,0,0,0,1,11,0
50,0,0,1,1,0,3,0,0,0,3,21,1
32,0,0,0,0,0,2,2,1,0,2,15,0
35,0,0,0,0,0,1,1,3,0,2,20,0
35,0,0,0,0,0,3,5,0,0,1,25,1
89,0,0,1,1,0,6,2,4,0,8,21,1
26,0,0,0,0,0,4,0,0,0,2,17,0
248,0,0,1,1,0,9,99,4,0,3,108,1
38,0,0,0,0,0,2,6,1,0,1,30,1
26,0,0,0,0,0,2,0,0,0,2,16,0
31,0,0,0,0,0,1,3,3,0,1,11,0
22,0,0,0,0,0,1,0,0,0,1,21,0
27,0,0,0,0,0,2,4,0,0,2,14,0
38,0,0,0,0,0,1,0,2,0,2,10,0
43,0,0,1,0,0,5,0,0,0,1,35,1
23,0,0,0,0,0,1,5,0,0,3,7,0
28,0,0,0,0,0,3,4,0,0,1,27,1
40,0,0,1,0,0,1,4,2,0,1,16,1
81,0,0,1,0,0,1,6,0,0,4,12,0
72,0,0,1,1,0,2,2,0,0,6,21,1
200,0,0,1,0,0,6,32,33,0,1,60,1
31,0,0,1,0,0,1,0,2,0,1,11,0
34,0,0,0,1,0,3,0,1,0,2,13,1
43,0,0,0,0,0,2,0,2,0,2,17,0
38,0,0,1,0,0,1,5,0,0,5,12,0
47,0,0,1,0,0,1,7,0,0,4,13,0
29,0,0,0,0,0,3,0,0,0,2,16,0
36,0,0,0,0,0,1,0,1,0,2,11,0
43,0,0,1,0,0,1,7,0,0,2,13,0
69,0,0,0,0,0,2,4,2,0,4,24,1
38,0,0,0,0,0,2,0,0,0,3,9,0
30,0,0,0,0,0,1,12,0,0,4,8,0
24,0,0,0,0,0,1,0,0,0,2,11,0
371,0,0,1,1,0,3,46,15,0,3,45,1
37,0,0,0,0,0,2,2,0,0,3,18,1
36,0,0,1,0,0,1,15,0,0,2,11,0
44,0,0,0,0,0,2,0,3,0,2,20,0
102,0,0,1,0,0,1,12,0,0,1,21,0
23,0,0,0,0,0,1,4,0,0,1,22,1
13,0,0,0,0,0,1,4,0,0,0,13,1
41,0,0,0,0,0,3,1,0,0,2,22,0
24,0,0,0,0,0,2,0,0,0,2,10,1
17,0,0,1,0,0,1,2,0,0,1,10,1
38,0,0,1,0,0,1,4,0,0,2,8,0
16,0,0,0,0,0,1,0,0,0,1,15,0
58,0,0,1,0,0,1,0,0,0,5,20,1
50,0,0,1,0,0,1,0,0,0,2,16,0
26,0,0,0,0,0,1,0,0,0,1,17,1
69,0,0,1,0,0,1,0,0,0,6,22,1
28,0,0,1,0,0,2,0,0,0,2,9,1
33,0,0,0,0,0,2,4,0,0,3,20,0
67,0,0,1,0,0,2,4,1,0,2,16,1
49,0,0,1,0,0,1,2,0,0,3,16,0
50,0,0,0,0,0,1,8,5,0,2,12,0
19,0,0,0,0,0,1,0,0,0,2,11,1
70,0,0,0,0,0,6,0,2,0,6,22,1
28,0,0,0,0,0,4,0,0,0,1,16,0
26,0,0,0,0,0,2,3,0,0,2,14,0
43,0,0,0,0,0,3,0,0,0,3,20,1
36,0,0,0,0,0,3,0,0,0,2,20,1
47,0,0,0,0,0,2,0,0,0,5,10,1
34,0,0,0,0,0,1,0,0,0,3,15,0
45,0,0,0,0,0,4,0,0,0,3,17,0
108,0,0,0,1,0,6,1,7,0,4,17,1
35,0,0,0,0,0,2,2,0,0,1,26,1
21,0,0,0,0,0,1,0,0,0,1,20,0
72,0,0,0,0,0,2,26,0,0,6,14,1
40,0,0,1,0,0,1,7,0,0,5,12,0
32,0,0,0,0,0,2,2,2,0,2,9,0
11,0,0,0,0,0,1,4,0,0,0,11,1
26,0,0,0,0,0,1,5,0,0,2,12,0
57,0,0,0,0,0,2,0,5,0,1,15,0
22,0,0,0,0,0,1,0,0,0,1,21,0
41,0,0,0,0,0,3,0,0,0,4,12,0
30,0,0,0,0,0,3,0,0,0,2,14,1
103,0,0,1,0,0,3,14,0,0,1,37,1
38,0,0,0,0,0,2,0,1,0,2,25,0
38,0,0,1,0,0,2,3,0,0,1,23,1
88,0,0,0,1,0,3,23,0,0,5,13,1
48,0,0,1,0,0,3,4,2,0,2,15,0
30,0,0,0,0,0,1,0,0,0,3,17,0
21,0,0,0,0,0,2,7,0,0,2,16,1
104,0,0,1,1,0,7,2,5,0,8,15,1
55,0,0,0,0,0,2,0,0,0,7,9,1
93,0,0,0,0,0,2,6,9,0,3,15,0
42,0,0,0,1,0,2,0,2,0,3,16,1
108,0,0,1,0,0,2,2,7,1,3,29,1
74,0,0,0,0,0,4,7,8,0,2,14,1
101,0,0,1,1,0,7,2,5,1,8,19,1
46,0,0,1,0,0,2,0,0,0,4,11,1
47,0,0,0,0,0,2,3,2,0,1,21,1
43,0,0,0,0,0,1,0,1,0,2,21,0
34,0,0,1,0,0,2,0,0,0,2,12,1
66,0,0,1,0,0,4,3,6,0,2,24,0
27,0,0,0,0,0,2,0,0,0,1,12,0
84,0,0,0,0,0,1,0,6,0,3,10,0
64,0,0,1,0,0,1,5,3,0,1,17,0
28,0,0,0,0,0,2,0,0,0,3,16,1
106,0,0,1,0,0,1,11,0,0,6,19,0
40,0,0,0,0,0,2,7,3,0,2,8,0
42,0,0,0,0,0,1,0,0,0,3,18,0
22,0,0,0,0,0,1,0,0,0,1,21,0
46,0,0,0,0,0,2,2,0,0,2,28,0
26,0,0,0,0,0,2,1,0,0,1,12,0
76,0,0,1,0,0,1,25,1,0,3,27,1
31,0,0,0,0,0,1,0,2,0,1,11,0
58,0,0,0,0,0,2,15,2,0,2,17,0
29,0,0,1,0,0,3,0,0,0,1,18,1
29,0,0,0,0,0,1,0,0,0,2,20,1
19,0,0,0,0,0,2,4,0,0,2,13,0
77,0,0,1,0,0,2,9,0,0,3,19,0
125,0,0,0,0,0,5,42,2,0,2,22,1
35,0,0,0,0,0,2,1,0,0,1,26,1
60,0,0,1,1,0,5,14,0,0,3,50,1
29,0,0,0,0,0,1,0,1,0,2,12,0
40,0,0,0,0,0,3,0,0,0,3,24,1
37,0,0,1,0,0,2,5,0,0,2,10,1
23,0,0,0,0,0,1,0,0,0,2,11,1
140,0,0,1,0,0,3,13,0,0,7,38,1
121,0,0,0,0,0,3,31,2,0,1,21,1
79,0,0,1,0,0,3,0,0,0,5,30,1
86,0,0,1,0,0,2,7,5,0,1,16,0
60,0,0,0,0,0,2,0,4,0,2,16,0
36,0,0,0,0,0,1,0,1,0,3,12,0
57,0,0,0,0,0,1,1,1,0,5,17,1
62,0,0,1,0,0,3,0,0,0,4,16,1
22,0,0,0,0,0,1,2,0,0,1,14,1
75,0,0,0,1,0,6,1,3,0,8,13,1
24,0,0,0,0,0,1,0,0,0,1,17,1
110,0,0,1,1,0,6,2,7,0,12,11,1
31,0,0,0,0,0,1,1,2,0,1,11,0
41,0,0,0,1,1,4,10,2,0,3,13,1
27,0,0,0,0,0,1,0,0,0,2,17,0
90,0,0,0,0,0,3,5,13,0,1,22,0
21,0,0,0,0,0,2,1,0,0,1,10,0
62,0,0,1,0,0,2,3,0,0,6,8,1
53,0,0,0,0,0,3,8,2,0,3,20,1
50,0,0,1,0,0,1,9,0,0,3,12,0
120,0,0,0,0,0,3,0,6,0,4,20,0
24,0,0,0,0,0,2,2,0,1,1,23,0
25,0,0,0,0,0,1,3,0,0,1,16,1
103,0,0,1,1,0,7,2,5,0,8,14,1
101,0,0,0,0,0,3,0,0,0,8,16,1
61,0,0,0,0,0,1,1,0,0,4,38,1
8,0,0,0,0,0,1,0,0,0,1,7,0
25,0,0,0,0,1,4,14,0,0,1,15,1
34,0,0,0,0,0,2,0,0,0,2,14,0
62,0,0,0,0,0,1,18,0,0,4,18,1
17,0,0,0,0,0,1,0,0,0,1,16,0
31,0,0,0,0,0,1,2,2,0,1,11,0
35,0,0,1,0,0,2,0,2,0,1,15,0
33,0,0,0,0,0,2,2,0,0,2,13,1
81,0,0,1,0,0,1,0,0,0,4,15,0
49,0,0,0,0,0,2,8,2,0,2,20,1
204,0,0,0,0,0,3,109,1,0,6,14,1
96,0,0,0,0,0,2,22,0,0,9,16,1
29,0,0,0,0,0,1,0,2,0,1,16,0
54,0,0,1,0,0,2,0,0,0,5,17,1
58,0,0,1,0,0,2,3,4,0,3,11,0
41,0,0,1,0,0,1,7,0,0,2,13,0
34,0,0,0,0,0,2,6,0,0,3,9,1
42,0,0,0,0,0,3,17,0,0,4,17,1
48,0,0,0,0,0,2,7,2,0,1,28,1
157,0,0,1,1,0,4,38,4,0,3,26,1
22,0,0,0,0,0,2,0,0,0,1,13,1
47,0,0,0,0,0,3,7,4,0,1,12,0
24,0,0,0,0,0,1,0,0,0,1,23,0
48,0,0,1,0,0,1,0,0,0,2,12,0
28,0,0,1,0,0,1,1,0,0,3,9,0
22,0,0,0,0,0,1,4,0,0,1,14,1
45,0,0,1,0,0,2,0,0,0,5,15,1
7,0,0,0,0,0,1,0,0,1,1,6,0
37,0,0,0,0,0,3,0,0,0,1,22,0
49,0,0,0,0,0,3,2,1,0,2,16,0
19,0,0,0,0,0,1,0,0,1,1,18,0
17,0,0,0,0,0,1,0,0,0,2,13,0
53,0,0,0,0,0,2,0,1,0,2,21,0
12,0,0,0,0,0,1,0,0,0,1,11,0
371,0,0,1,1,0,3,45,13,0,3,45,1
42,0,0,0,1,0,2,0,2,0,4,10,1
23,0,0,0,0,0,2,0,0,0,2,15,0
59,0,0,0,0,0,4,23,0,0,4,22,0
41,0,0,1,0,0,2,5,1,0,2,29,1
47,0,0,0,0,0,2,3,4,0,1,16,0
43,0,0,1,0,0,3,0,1,0,3,19,1
44,0,0,1,0,0,1,0,0,0,2,10,0
24,0,0,0,0,0,1,0,1,0,1,11,0
101,0,0,0,0,0,3,4,3,0,8,25,0
77,0,0,0,0,0,5,6,2,0,3,31,1
73,0,0,1,0,0,3,6,0,0,3,22,1
79,0,0,0,0,0,1,21,0,0,7,13,1
31,0,0,0,0,0,1,0,3,0,1,10,0
38,0,0,1,0,0,2,13,0,0,2,16,0
52,0,0,0,0,0,1,4,2,0,3,19,0
25,0,0,0,0,0,1,0,0,0,1,11,0
59,0,0,0,0,0,2,0,3,0,2,13,0
43,0,0,0,0,0,3,0,0,0,5,15,0
33,0,0,0,0,0,1,3,0,0,2,11,0
48,0,0,0,0,0,2,0,2,0,2,21,0
310,0,0,1,1,0,12,122,1,0,4,209,1
87,0,0,0,1,0,1,24,0,0,8,9,1
113,0,0,1,0,0,3,6,0,0,1,21,0
21,0,0,0,0,0,1,0,0,0,2,12,1
24,0,0,0,0,0,2,0,0,1,1,14,0
75,0,0,1,0,0,3,9,2,0,5,17,1
88,0,0,1,1,0,7,0,3,0,5,15,1
62,0,0,1,1,0,2,0,2,0,5,14,1
24,0,0,0,0,0,1,7,0,0,3,8,0
9,0,0,0,0,0,1,1,0,0,0,9,1
146,0,0,0,0,0,2,21,3,0,12,11,1
71,0,0,0,0,0,3,5,6,0,1,19,0
71,0,0,0,1,0,3,20,1,0,2,22,1
38,0,0,0,0,0,3,6,2,0,2,14,0
24,0,0,0,0,0,1,7,1,0,1,8,0
49,0,0,0,0,0,2,0,3,0,2,16,0
24,0,0,0,0,0,2,0,0,0,2,18,0
53,0,0,1,0,0,1,15,0,0,3,12,0
27,0,0,0,0,0,1,0,0,0,2,17,1
43,0,0,1,0,0,2,0,0,0,3,28,1
50,0,0,1,0,0,1,0,0,0,4,11,0
192,0,0,1,1,0,3,48,10,0,3,21,1
157,0,0,1,1,0,6,46,0,1,2,123,1
12,0,0,0,0,0,1,0,0,0,1,11,0
35,0,0,1,0,0,1,0,0,0,2,8,0
13,0,0,0,0,1,3,10,0,0,0,13,1
14,0,0,0,0,0,2,0,0,0,1,13,1
19,0,0,0,0,0,1,0,0,0,2,12,0
30,0,0,0,0,1,4,9,0,0,3,12,1
23,0,0,0,0,0,1,0,0,0,1,22,1
31,0,0,0,0,0,1,0,2,0,1,11,0
51,0,0,0,0,0,2,6,1,0,4,14,0
27,0,0,0,0,0,1,7,0,0,3,8,0
28,0,0,0,0,0,1,0,0,0,4,11,1
38,0,0,0,0,0,2,0,1,0,2,16,0
29,0,0,1,0,0,2,0,0,0,2,16,0
55,0,0,0,0,0,2,0,0,0,4,20,1
29,0,0,0,0,1,4,13,0,0,2,13,1
178,0,0,1,0,0,3,63,0,0,5,73,1
107,0,0,1,0,0,2,7,0,0,3,19,0
46,0,0,1,0,0,1,0,0,0,5,11,1
45,0,0,1,0,0,4,0,0,0,2,30,1
34,0,0,1,0,0,1,0,0,0,3,9,0
40,0,0,0,0,0,3,0,0,0,2,18,0
58,0,0,0,0,0,3,0,0,0,4,21,1
49,0,0,0,0,0,2,2,4,0,2,14,0
64,0,0,1,1,0,1,3,1,0,5,19,1
75,0,0,1,0,0,3,11,3,0,5,10,1
35,0,0,0,0,0,2,0,2,0,1,15,0
50,0,0,0,0,0,2,0,2,0,1,13,0
26,0,0,0,0,0,1,0,0,0,1,10,0
136,0,0,1,1,0,8,11,1,0,7,8,1
62,0,0,1,0,0,3,0,0,0,3,29,1
38,0,0,1,0,0,1,5,0,1,3,16,0
62,0,0,1,0,0,2,4,4,0,1,15,0
19,0,0,0,0,0,2,0,0,0,1,18,0
22,0,0,0,0,0,2,2,0,0,2,7,1
90,0,0,1,0,0,2,4,0,0,2,16,0
27,0,0,0,0,0,2,0,0,0,2,17,0
32,0,0,0,0,1,4,15,0,0,2,18,1
72,0,0,0,0,0,2,21,0,0,5,23,1
38,0,0,1,0,0,2,6,0,0,2,26,0
35,0,0,0,0,0,2,2,0,0,1,25,0
59,0,0,1,0,0,2,5,2,0,3,18,0
50,0,0,0,0,0,3,4,0,0,3,22,0
26,0,0,0,0,0,3,0,0,0,2,14,0
72,0,0,0,0,0,3,0,0,0,5,23,1
35,0,0,0,0,0,3,0,0,0,2,13,0
54,0,0,0,0,0,4,0,1,0,3,18,0
110,0,0,1,1,0,2,8,0,0,2,13,0
57,0,0,0,0,0,3,0,2,1,1,33,0
35,0,0,0,0,0,1,2,2,0,2,14,0
28,0,0,0,0,0,2,2,0,0,1,21,1
80,0,0,1,0,0,2,2,1,0,6,14,1
59,0,0,1,0,0,3,8,2,0,3,14,0
49,0,0,0,0,0,4,0,0,0,2,21,1
17,0,0,0,0,0,1,0,0,0,1,16,0
47,0,0,0,0,0,2,2,0,0,2,21,1
22,0,0,0,0,0,2,0,0,0,2,7,0
35,0,0,0,0,0,2,0,1,0,1,8,0
44,0,0,0,0,0,2,3,3,0,2,17,0
158,0,0,1,1,0,5,40,8,0,3,19,1
12,0,0,0,0,0,1,0,0,0,0,12,1
20,0,0,0,0,0,2,0,0,0,1,8,1
120,0,0,1,0,0,1,0,0,0,2,12,0
84,0,0,1,1,0,6,2,5,0,8,11,1
83,0,0,1,1,0,6,4,2,0,2,25,1
54,0,0,0,0,1,3,34,0,0,3,13,1
54,0,0,0,0,1,3,10,0,0,6,13,1
22,0,0,0,0,0,1,0,0,0,1,21,0
63,0,0,0,0,0,2,22,0,0,4,10,1
51,0,0,1,0,0,1,8,0,0,5,17,0
103,0,0,1,1,0,7,2,5,0,8,14,1
22,0,0,0,0,0,1,0,0,0,1,21,0
58,0,0,0,0,0,2,15,2,0,2,17,0
16,0,0,1,0,0,1,0,0,0,1,15,1
29,0,0,0,0,0,2,0,0,0,2,15,0
65,0,0,1,0,0,1,7,1,0,2,15,0
52,0,0,1,0,0,1,10,0,0,3,10,0
36,0,0,0,0,0,2,0,0,0,4,16,1
35,0,0,0,0,0,3,2,0,0,2,28,1
25,0,0,0,0,0,1,0,0,0,1,10,0
25,0,0,0,0,0,3,0,0,0,1,15,0
62,0,0,0,0,0,4,0,0,0,4,29,1
32,0,0,0,0,0,1,0,0,0,2,11,0
24,0,0,0,0,0,1,0,0,0,2,7,0
66,0,0,0,0,0,3,12,6,0,2,11,1
37,0,0,0,0,0,4,3,0,0,1,27,1
46,0,0,0,0,0,2,2,2,0,1,19,1
90,0,0,0,1,0,2,13,0,0,3,12,1
48,0,0,1,0,0,2,0,0,0,2,32,0
204,0,0,1,0,0,3,30,24,0,4,16,0
41,0,0,1,0,0,1,0,0,0,2,10,0
39,0,0,0,0,0,3,0,0,0,1,24,0
40,0,0,1,0,0,2,4,0,0,3,20,0
46,0,0,1,0,0,1,15,0,0,3,12,0
33,0,0,0,0,0,1,5,0,0,1,25,1
25,0,0,0,0,0,1,0,0,0,1,11,0
15,0,0,0,0,0,1,0,0,0,1,14,0
25,0,0,0,0,0,1,0,0,0,1,10,0
42,0,0,1,0,0,3,0,0,0,3,21,0
31,0,0,0,0,0,1,1,2,0,1,11,0
68,0,0,1,0,0,4,0,0,0,2,40,1
203,0,0,1,1,0,6,95,5,0,3,30,1
86,0,0,1,0,0,2,10,0,0,1,18,0
38,0,0,0,0,0,2,1,0,0,1,30,1
204,0,0,1,1,0,8,78,5,0,2,15,1
28,0,0,0,0,0,2,5,0,0,1,19,1
62,0,0,0,0,0,1,0,1,0,6,7,1
27,0,0,0,0,0,3,6,0,0,1,18,1
29,0,0,0,0,0,2,2,0,0,3,18,1
121,0,0,1,1,0,6,8,11,0,5,18,1
48,0,0,1,0,0,1,0,0,1,3,11,0
95,0,0,1,0,0,2,7,6,0,4,17,0
22,0,0,1,0,0,1,1,0,0,1,16,1
15,0,0,0,0,0,1,0,0,0,1,14,0
20,0,0,0,0,0,1,0,0,0,1,19,0
345,0,0,1,1,0,3,34,10,0,3,45,1
63,0,0,1,0,0,3,9,2,0,3,20,0
24,0,0,1,0,0,2,2,0,0,1,15,1
114,0,0,1,0,0,2,11,0,0,4,19,0
18,0,0,1,0,0,1,0,0,0,1,17,0
26,0,0,0,0,0,2,2,0,0,1,18,1
29,0,0,0,1,0,2,1,0,0,2,12,1
42,0,0,1,0,0,1,13,0,0,2,26,1
63,0,0,1,0,0,3,0,0,0,5,12,1
103,0,0,1,0,0,2,6,0,0,3,9,0
20,0,0,0,0,0,1,3,1,0,1,6,0
16,0,0,0,0,0,1,0,0,0,1,15,0
113,0,0,0,0,0,2,27,5,0,2,11,1
74,0,0,0,1,0,3,0,0,0,7,14,1
236,0,0,1,1,0,3,77,5,0,7,21,1
65,0,0,1,0,0,3,1,0,0,6,27,1
71,0,0,1,0,0,2,16,0,0,2,21,0
33,0,0,1,0,0,1,1,0,0,2,13,0
51,0,0,1,1,0,5,0,0,0,3,13,1
28,0,0,0,0,0,3,0,0,0,2,14,0
39,0,0,0,0,0,1,0,0,0,4,21,1
46,0,0,1,0,0,1,7,0,0,4,13,0
63,0,0,0,0,0,2,14,6,0,1,13,0
102,0,0,1,0,0,1,6,0,0,5,19,0
38,0,0,1,0,0,2,0,0,0,2,9,0
27,0,0,0,0,0,2,0,0,0,2,12,1
65,0,0,1,0,0,1,10,0,0,3,10,0
31,0,0,0,1,0,3,0,0,0,1,19,1
124,0,0,1,1,0,6,8,11,0,5,16,1
66,0,1,0,0,0,3,0,2,0,3,18,1
75,0,0,1,0,0,3,10,1,0,1,18,0
40,0,0,0,0,0,3,0,0,0,3,27,1
27,0,0,0,0,0,1,0,1,0,1,14,0
24,0,0,0,0,0,1,0,0,0,1,18,0
76,0,0,1,0,0,3,10,0,1,3,25,0
122,0,0,1,1,0,2,24,1,0,10,13,1
116,0,0,1,0,0,8,1,1,0,11,23,1
73,0,0,1,0,0,2,0,2,0,5,12,1
20,0,0,0,0,1,4,8,0,0,1,11,1
38,0,0,0,0,0,1,4,2,0,1,11,1
194,0,0,0,0,0,1,47,21,0,6,11,0
40,0,0,0,0,0,1,0,1,0,2,21,0
53,0,0,1,0,0,3,2,0,0,6,16,1
38,0,0,0,0,0,2,6,0,0,3,29,0
36,0,0,0,0,0,2,0,0,0,1,17,0
189,0,0,1,0,0,3,13,16,0,1,22,1
19,0,0,1,0,0,2,1,0,0,3,12,1
69,0,0,1,0,0,1,0,2,0,2,12,0
49,0,0,1,0,0,1,1,0,0,4,9,0
17,0,0,0,0,0,1,7,0,0,1,9,0
28,0,0,0,0,0,2,0,0,0,2,8,0
51,0,0,1,0,0,1,0,0,0,6,12,1
18,0,0,0,0,0,1,0,0,0,2,13,0
52,0,0,0,0,0,2,0,3,0,2,16,0
13,0,0,0,0,0,1,0,0,0,1,12,0
42,0,0,0,0,0,3,5,0,0,1,30,1
67,0,0,1,0,0,1,8,0,0,4,22,0
34,0,0,0,0,0,1,0,0,0,3,9,0
56,0,0,1,1,0,3,0,2,0,7,13,1
47,0,0,0,0,0,4,0,0,0,4,21,0
58,0,0,0,0,0,1,4,0,0,5,27,1
42,0,0,0,0,0,2,0,0,0,4,23,1
66,0,0,1,0,0,3,6,0,1,3,19,0
31,0,0,1,0,0,2,0,1,0,1,13,0
102,0,0,1,0,0,1,17,0,0,3,8,0
58,0,0,1,0,0,2,5,2,1,3,17,1
76,0,0,1,0,0,1,28,1,0,3,27,1
27,0,0,0,0,0,1,0,0,0,2,12,0
51,0,0,1,0,0,2,8,4,0,2,14,0
30,0,0,0,0,0,2,0,1,0,2,16,0
34,0,0,1,0,0,2,0,0,0,2,17,1
52,0,0,1,0,0,2,0,0,0,1,15,0
363,0,0,1,1,0,3,42,13,0,3,45,1
11,0,0,0,0,0,1,4,0,0,0,11,1
21,0,0,0,0,0,1,0,0,0,1,20,0
30,0,0,1,0,0,3,0,0,0,2,18,0
14,0,0,0,0,0,1,0,0,0,2,8,0
38,0,0,0,0,0,3,9,0,0,2,13,1
31,0,0,0,0,0,1,2,3,0,1,11,0
53,0,0,0,1,0,3,0,2,0,2,33,1
31,0,0,0,0,0,1,2,2,0,1,11,0
21,0,0,0,0,0,1,0,0,0,1,20,1
60,0,0,1,0,0,2,0,0,0,6,18,1
64,0,0,1,0,0,2,16,0,0,5,24,0
52,0,0,0,0,0,2,4,0,0,3,18,0
104,0,0,1,1,0,7,2,5,0,8,14,1
103,0,0,0,1,0,7,24,5,0,5,30,1
66,0,0,0,0,0,2,0,1,0,4,26,1
44,0,0,0,0,0,3,0,0,0,3,16,0
32,0,0,0,0,0,1,0,0,0,3,9,0
234,0,0,1,1,0,9,88,0,0,2,190,1
47,0,0,1,0,0,2,0,2,0,2,19,0
45,0,0,0,0,0,2,3,0,0,4,20,1
63,0,0,0,0,0,1,20,3,0,6,16,0
72,0,0,1,0,0,1,11,1,0,3,11,0
40,0,0,0,0,0,3,0,0,0,2,27,1
20,0,0,1,0,0,1,1,0,0,0,20,1
199,0,0,1,1,0,3,86,5,0,3,18,1
34,0,0,1,0,0,1,0,0,0,2,15,1
31,0,0,0,0,0,1,1,0,0,3,19,1
30,0,0,0,0,0,3,0,0,0,2,14,1
70,0,0,1,0,0,1,3,0,0,3,16,0
622,0,0,1,0,0,7,124,58,0,1,17,1
94,0,0,1,1,0,6,2,5,0,8,14,1
31,0,0,1,0,0,1,3,0,0,1,23,1
139,0,0,1,0,0,2,8,0,0,2,14,0
21,0,0,0,0,1,3,10,0,0,2,13,1
52,0,0,1,0,0,2,7,2,0,1,8,0
119,0,0,1,1,0,8,27,6,0,5,35,1
61,0,0,1,0,0,1,8,0,0,3,11,0
22,0,0,0,0,0,1,0,1,0,1,13,1
45,0,0,0,0,0,2,0,0,0,3,19,0
68,0,0,0,0,0,3,0,0,0,7,14,1
26,0,0,0,0,0,1,4,0,0,2,17,1
53,0,0,1,0,0,1,0,0,0,2,19,1
59,0,0,1,0,0,2,11,0,0,3,16,0
60,0,0,0,0,0,3,10,0,0,2,22,1
32,0,0,0,0,0,1,0,0,0,2,13,0
83,0,0,0,1,0,5,0,5,0,5,14,1
46,0,0,0,0,0,4,1,0,0,2,18,0
72,0,0,0,0,0,2,28,0,0,6,14,1
26,0,0,0,0,0,2,2,0,0,3,12,0
24,0,0,0,0,0,1,0,0,0,1,10,0
37,0,0,0,0,0,2,0,0,0,3,20,1
50,0,0,1,0,0,2,6,0,0,4,10,0
29,0,0,0,0,0,1,0,0,0,2,25,0
65,0,0,1,0,0,3,0,0,0,7,11,1
61,0,0,1,1,0,2,28,0,0,2,27,1
371,0,0,1,1,0,3,52,14,0,3,45,1
50,0,0,0,0,0,3,0,0,0,4,18,1
37,0,0,0,0,0,2,0,0,0,3,12,0
21,0,0,0,0,0,1,3,0,0,1,14,1
37,0,0,1,0,0,1,0,0,0,3,20,0
21,0,0,0,0,0,1,0,0,0,1,20,1
73,0,0,0,0,0,4,7,0,0,8,10,1
40,0,0,1,1,0,2,0,0,0,4,8,1
77,0,0,1,0,0,2,21,0,0,4,14,1
33,0,0,0,0,0,3,2,0,0,1,24,1
20,0,0,1,0,0,2,0,0,0,1,19,1
63,0,0,0,0,0,3,20,0,0,2,16,1
51,0,0,0,0,0,2,0,2,0,2,16,0
76,0,0,1,0,0,1,22,0,0,5,11,1
15,0,0,0,0,0,1,0,0,0,1,14,0
53,0,0,0,0,0,2,12,0,0,7,16,1
42,0,0,1,0,0,1,4,0,0,2,8,0
40,0,0,0,0,0,2,0,0,0,5,10,1
103,0,0,0,1,0,7,24,5,0,5,30,1
39,0,0,1,0,0,2,1,0,0,3,22,1
26,0,0,1,0,0,2,0,0,0,1,25,1
102,0,0,1,0,0,2,0,0,0,4,10,0
160,0,0,1,1,0,4,1,8,0,11,17,1
21,0,0,0,0,0,2,1,0,0,1,20,1
20,0,0,0,0,0,1,1,0,0,1,12,1
46,0,0,0,0,0,4,0,0,0,3,19,1
54,0,0,1,0,0,1,10,0,0,5,14,0
73,0,0,1,0,0,3,6,0,1,3,22,0
51,0,0,1,0,0,2,0,0,0,4,20,1
36,0,0,1,0,0,7,0,1,0,2,16,1
39,0,0,0,1,0,2,0,0,0,4,9,1
19,0,0,0,0,0,1,0,0,0,1,18,0
21,0,0,0,0,0,1,1,0,0,1,14,1
31,0,0,0,0,0,1,0,0,0,4,14,1
80,0,0,0,0,0,2,4,6,0,3,12,0
52,0,0,1,0,0,2,0,2,0,2,16,0
36,0,0,0,0,0,3,0,0,0,2,19,1
45,0,0,1,0,0,2,0,0,0,2,19,0
23,0,0,0,0,0,3,0,0,0,2,13,0
79,0,0,0,0,0,2,5,2,0,2,15,1
27,0,0,0,0,0,2,0,0,0,1,18,1
45,0,0,0,0,0,1,0,0,0,3,24,1
62,0,0,0,1,0,2,0,0,0,4,22,1
73,0,0,1,1,0,3,0,2,0,5,27,1
55,0,0,0,0,0,3,0,3,0,2,16,0
42,0,1,0,0,0,1,20,0,0,4,10,0
53,0,0,0,0,0,2,0,3,0,2,16,0
44,0,0,0,0,0,2,0,0,1,2,17,0
42,0,0,0,0,0,2,0,3,0,1,10,0
19,0,0,0,0,0,1,3,0,0,1,10,1
99,0,0,1,0,0,3,3,0,0,6,23,0
56,0,1,0,1,0,4,1,0,0,4,25,1
225,0,0,0,0,0,3,1,15,0,18,15,1
29,0,0,0,0,0,1,0,0,0,3,16,1
36,0,0,0,0,0,2,0,0,0,1,28,1
25,0,0,0,0,0,2,0,0,0,1,16,0
46,0,0,0,0,0,4,6,2,0,1,22,0
26,0,0,0,0,0,2,0,0,0,1,25,0
41,0,0,0,0,0,2,0,0,0,3,23,0
59,0,0,1,1,0,2,10,1,0,1,58,1
41,0,0,1,0,0,1,0,0,0,2,8,0
59,0,0,1,0,0,2,0,0,0,5,20,0
45,0,0,1,0,0,2,0,0,0,4,16,1
30,0,0,0,0,0,2,5,0,0,1,10,0
262,0,0,1,1,0,2,70,14,0,6,21,1
65,0,0,1,1,0,3,0,1,0,4,16,1
45,0,0,0,0,0,2,0,0,0,2,18,1
92,0,0,1,0,0,1,1,0,0,3,7,0
22,0,0,0,0,0,1,0,0,0,2,13,1
35,0,0,0,0,0,1,5,0,0,3,18,0
15,0,0,0,0,0,1,1,0,0,1,9,1
33,0,0,0,0,0,2,2,0,0,2,13,1
14,0,0,0,0,0,1,0,0,0,1,13,1
345,0,0,1,1,0,3,46,9,0,3,45,1
64,0,0,1,0,0,2,13,0,0,8,14,0
70,0,0,0,0,0,4,0,4,0,2,23,0
51,0,0,1,0,0,2,4,0,0,5,16,1
229,0,0,1,0,0,1,5,3,0,2,31,0
44,0,0,0,0,0,2,0,0,0,4,15,1
166,0,0,1,1,0,4,56,5,0,4,17,1
126,0,0,1,0,0,2,7,4,1,6,18,0
30,0,0,0,0,0,1,0,1,0,4,6,1
69,0,0,0,0,0,2,7,4,0,3,13,0
36,0,0,0,0,0,4,0,0,1,1,25,1
62,0,0,0,0,0,6,0,1,0,4,21,1
28,0,0,0,0,0,1,0,0,0,2,19,1
20,0,1,0,0,0,1,0,0,0,0,20,1
33,0,0,0,0,0,2,1,0,0,3,17,0
33,0,0,0,1,0,3,0,0,0,3,13,1
265,0,0,1,1,0,11,97,0,0,5,160,1
35,0,0,0,0,0,4,0,0,0,1,24,0
29,0,0,1,0,0,2,0,0,0,2,25,1
28,0,0,0,0,0,2,0,0,0,2,10,1
98,0,0,1,0,0,2,19,3,0,1,15,0
67,0,0,1,0,0,1,0,0,0,2,13,0
25,0,0,0,0,0,2,0,0,1,1,24,1
26,0,0,0,0,0,2,3,0,0,2,15,0
209,0,0,1,0,0,2,73,7,0,9,31,1
52,0,0,1,0,0,2,6,0,0,4,12,0
28,0,0,1,1,0,1,0,0,1,1,11,1
74,0,0,1,0,0,1,12,0,0,3,10,0
14,0,0,0,0,0,1,4,0,0,1,12,1
337,0,0,1,1,0,3,48,10,0,3,44,1
33,0,0,0,0,0,1,0,0,0,2,11,1
68,0,0,1,0,0,1,8,0,0,5,16,0
101,0,0,0,1,0,7,1,3,0,10,15,1
34,0,0,0,0,0,2,0,0,0,3,13,1
58,0,0,1,1,0,4,0,0,0,3,24,1
44,0,0,0,0,0,4,4,0,0,4,22,0
23,0,0,0,1,0,1,0,0,0,3,11,1
51,0,0,0,0,0,2,0,5,0,2,16,0
349,0,0,1,1,0,3,44,10,0,3,45,1
62,0,0,1,0,0,1,4,0,0,2,14,0
28,0,0,0,0,0,2,0,0,0,1,27,0
55,0,0,0,0,0,3,0,0,0,4,17,1
50,0,0,1,0,0,1,0,0,0,4,17,0
41,0,0,0,0,0,3,2,2,0,2,20,1
144,0,0,1,0,0,1,9,0,0,4,6,0
22,0,0,0,0,0,2,1,0,0,2,15,1
42,0,0,0,0,0,3,0,0,0,2,20,0
28,0,0,1,0,0,2,0,0,0,3,13,0
33,0,0,0,0,0,4,7,0,0,4,14,0
39,0,0,0,0,0,2,0,0,0,3,11,0
257,0,0,1,0,0,2,30,6,0,1,12,1
253,0,0,0,0,0,4,145,1,0,7,18,1
16,0,0,0,0,0,1,0,0,0,2,12,1
41,0,0,0,0,0,3,1,0,0,3,16,1
29,0,0,0,0,0,2,0,0,0,2,14,1
26,0,0,0,0,0,2,0,0,0,2,14,1
41,0,0,1,0,0,1,9,0,0,3,12,0
50,0,0,1,0,0,1,0,0,0,1,49,1
65,0,0,1,0,0,2,4,0,0,2,13,0
76,0,0,1,0,0,5,4,0,0,3,25,1
23,0,0,0,0,0,1,3,0,0,1,14,1
52,0,0,1,0,0,1,6,4,0,3,12,0
46,0,0,0,0,0,3,0,1,0,3,18,1
20,0,0,0,0,0,1,0,0,0,2,12,1
33,0,0,1,0,0,2,1,2,0,2,14,1
26,0,0,0,0,0,2,0,0,0,1,25,0
31,0,0,0,0,0,2,0,0,0,2,20,0
41,0,0,0,0,0,3,4,0,0,1,29,1
56,0,0,1,1,0,2,0,1,0,6,10,1
33,0,0,0,0,0,2,3,0,0,2,13,1
31,0,0,0,1,0,3,1,0,0,3,14,1
124,0,0,0,0,0,1,2,16,0,3,18,0
18,0,0,0,0,0,1,0,0,0,2,8,1
136,0,0,0,0,0,5,40,2,0,2,23,1
27,0,0,0,0,0,1,2,0,0,1,21,1
124,0,1,0,0,0,4,22,3,0,5,25,1
86,0,0,1,1,0,1,18,0,0,5,23,1
62,0,0,0,0,0,3,8,0,0,4,16,0
87,0,0,1,0,0,3,0,0,0,5,23,0
14,0,0,0,0,1,3,10,0,0,0,14,1
50,0,1,0,1,0,4,0,2,0,3,10,1
56,0,0,1,0,0,2,4,0,0,3,17,0
36,0,0,0,0,0,1,0,0,0,3,18,0
45,0,0,0,0,0,3,8,2,0,1,17,0
23,0,0,0,0,0,1,2,0,0,1,15,1
35,0,0,0,0,0,3,11,0,0,2,19,1
18,0,0,0,0,0,1,3,0,0,1,11,1
39,0,0,0,0,0,3,0,2,0,2,16,0
67,0,0,1,1,0,4,0,2,1,2,15,1
46,0,0,1,0,0,2,4,0,0,4,21,1
34,0,0,0,0,0,2,0,0,0,2,22,1
38,0,0,1,1,0,5,0,1,0,1,23,1
39,0,0,0,0,0,1,0,0,0,4,8,0
35,0,0,1,0,0,2,2,0,0,1,30,1
91,0,0,1,1,0,6,2,5,0,8,15,1
33,0,0,1,0,0,2,3,0,0,2,14,1
143,0,0,1,1,0,4,39,5,0,2,25,1
86,0,0,1,1,0,7,0,3,0,3,18,1
146,0,0,0,1,0,15,35,0,1,2,112,1
28,0,0,0,0,0,2,0,0,0,2,12,0
89,0,0,1,1,0,5,5,5,0,8,9,1
80,0,0,1,1,0,4,0,0,0,5,26,1
18,0,0,0,0,0,1,4,0,0,1,10,1
72,0,0,1,0,0,2,6,2,0,1,8,0
24,0,0,0,1,0,1,0,0,0,3,11,1
12,0,0,0,0,0,1,0,0,0,1,11,0
21,0,0,1,0,0,1,6,0,0,2,11,0
9,0,0,0,0,0,1,0,0,0,1,8,0
31,0,0,0,0,0,1,0,2,0,1,11,0
31,0,0,1,0,0,2,1,0,0,2,15,1
30,0,0,0,0,0,3,3,0,0,1,20,1
43,0,0,1,0,0,1,0,0,0,3,14,0
48,0,0,0,0,0,2,0,0,0,5,13,1
45,0,0,1,0,0,2,0,0,0,4,15,1
65,0,0,1,0,0,2,8,0,0,1,15,0
35,0,0,0,0,0,2,0,0,0,2,21,0
61,0,0,0,0,0,1,7,10,0,1,10,0
32,0,0,0,0,0,1,0,2,0,1,12,0
144,0,0,1,0,0,4,12,12,0,2,15,1
27,0,0,1,0,0,3,0,1,0,1,13,1
55,0,0,1,0,0,2,3,1,0,7,11,0
54,0,0,1,0,0,1,8,0,0,2,9,0
26,0,0,0,0,0,1,0,0,0,2,14,0
33,0,0,0,0,0,2,1,0,0,2,13,1
30,0,0,0,0,1,5,11,0,0,1,29,1
68,0,0,0,0,0,2,0,7,0,2,16,0
69,0,0,0,0,0,5,1,0,0,5,30,1
27,0,0,0,0,0,2,0,0,0,2,15,1
87,0,0,0,1,0,1,22,0,0,8,9,1
148,0,0,0,0,0,2,23,3,0,12,13,1
20,0,0,0,0,0,2,0,0,0,1,12,1
29,0,0,0,0,0,1,0,0,0,2,11,0
17,0,0,0,0,0,1,3,2,0,1,10,0
170,0,0,1,0,0,1,19,2,0,6,26,0
39,0,0,0,0,0,1,1,2,0,4,13,0
35,0,0,0,0,0,2,5,2,0,2,16,1
30,0,0,0,0,0,2,0,0,1,1,20,1
44,0,0,1,0,0,1,5,1,0,3,16,0
26,0,0,1,0,0,2,0,0,0,2,16,1
28,0,0,0,0,0,2,6,0,0,1,27,1
40,0,0,0,0,0,4,1,0,0,2,24,1
48,0,0,1,0,0,2,4,4,1,2,13,0
66,0,0,1,0,0,2,0,0,0,4,13,0
40,0,0,0,0,0,2,9,0,0,3,8,0
31,0,0,0,0,0,1,3,2,0,1,11,0
51,0,0,0,0,1,3,31,0,0,2,11,1
39,0,0,0,0,0,1,0,0,0,4,8,0
38,0,0,1,0,0,2,0,0,1,3,24,0
59,0,0,1,0,0,1,10,0,0,3,10,0
35,0,0,0,0,0,2,0,0,0,1,12,0
95,0,0,1,0,0,2,7,6,0,4,17,0
10,0,0,0,0,0,1,1,0,0,1,6,1
103,0,0,1,0,0,2,17,2,1,3,16,0
48,0,0,0,1,0,5,0,0,0,2,20,1
38,0,0,0,0,0,3,1,0,0,3,26,1
36,0,0,0,1,0,3,0,0,0,1,19,1
34,0,0,0,0,0,2,0,1,0,1,16,0
36,0,0,1,1,0,2,3,1,0,1,34,1
37,0,0,0,0,0,2,0,1,0,2,16,0
67,0,0,0,0,0,2,25,0,0,3,28,1
76,0,1,0,0,0,4,1,2,0,4,12,1
64,0,0,0,0,0,3,4,4,0,3,15,0
9,0,0,0,0,0,1,2,0,0,1,8,0
31,0,0,0,0,0,2,0,1,0,2,16,0
103,0,0,1,1,0,6,5,5,0,8,18,1
20,0,0,0,0,0,1,3,0,0,1,11,0
48,0,0,0,0,0,2,8,2,0,2,12,0
50,0,0,1,0,0,3,0,0,0,3,21,1
33,0,0,0,0,0,2,0,0,0,2,13,1
29,0,0,0,0,0,2,0,0,0,2,16,0
20,0,0,0,0,1,3,12,0,0,1,15,1
19,0,0,0,0,0,1,3,0,0,1,13,1
66,0,0,1,0,0,1,0,0,1,2,14,0
61,0,0,0,0,0,2,0,6,0,2,16,0
37,0,0,0,0,0,3,0,1,0,1,16,0
17,0,0,0,0,0,1,3,0,0,1,9,1
67,0,0,1,0,0,2,2,1,0,7,11,0
38,0,0,0,0,0,3,3,2,0,1,15,0
30,0,0,0,0,0,3,1,0,0,2,14,1
21,0,0,0,0,0,1,2,0,0,1,10,1
32,0,0,0,0,0,2,0,0,0,2,22,0
94,0,0,0,1,0,2,1,2,0,8,19,1
60,0,0,1,0,0,3,0,3,0,3,24,0
23,0,0,0,0,0,1,0,0,0,1,12,0
14,0,0,0,0,0,1,0,0,0,1,13,1
58,0,0,0,0,0,2,15,2,0,2,17,0
47,0,0,1,0,0,1,0,0,0,5,7,1
24,0,0,1,0,0,1,0,0,0,1,11,0
23,0,0,0,0,0,3,0,0,0,1,10,0
12,0,0,0,0,0,1,0,0,0,1,11,0
31,0,0,0,0,0,3,0,0,0,1,20,0
32,0,0,1,0,0,2,2,0,0,3,8,0
23,0,0,0,0,0,2,0,0,0,1,14,1
21,0,0,0,0,0,1,0,0,0,1,20,0
46,0,0,1,0,0,1,0,0,0,4,19,1
75,0,0,1,0,0,3,13,0,0,5,17,0
60,0,0,1,0,0,2,1,4,0,2,13,1
76,0,0,1,0,0,1,29,1,0,3,27,1
30,0,0,0,0,0,1,0,0,0,2,15,0
31,0,0,0,0,0,2,0,0,0,2,16,0
125,0,0,1,1,0,6,11,11,0,5,15,1
22,0,0,0,0,0,1,3,0,0,1,14,1
62,0,0,0,0,0,3,0,0,0,6,22,1
32,0,0,1,0,0,1,3,0,0,1,24,1
79,0,0,1,0,0,3,6,0,0,3,28,0
18,0,0,0,0,1,3,14,0,0,0,18,1
34,0,0,0,0,0,1,0,0,0,1,27,1
541,0,0,1,0,0,3,123,2,0,4,17,1
90,0,0,1,0,0,1,10,0,0,5,18,0
126,0,0,0,0,0,5,10,13,0,2,23,1
115,0,0,1,1,0,6,8,11,0,5,15,1
43,0,0,0,0,0,2,5,0,0,2,21,0
16,0,0,0,0,0,1,0,0,0,1,15,0
35,0,0,0,0,0,2,6,0,0,2,16,0
19,0,0,0,0,0,2,0,0,0,1,18,0
108,0,0,1,0,0,2,5,0,0,2,16,0
73,0,0,1,0,0,3,6,0,1,3,25,0
125,0,0,1,1,0,5,7,3,1,13,15,1
52,0,0,0,0,0,2,0,5,0,2,16,0
103,0,0,1,0,0,2,19,2,0,1,24,1
39,0,0,1,0,0,2,9,2,0,2,12,1
49,0,0,0,0,0,2,10,3,0,3,11,0
32,0,0,0,1,0,3,0,0,0,3,12,1
29,0,0,0,1,0,2,1,2,0,2,11,1
72,0,0,0,0,0,1,24,0,0,6,17,1
42,0,0,1,0,0,2,0,0,0,1,25,0
46,0,0,1,0,0,2,3,1,0,6,11,0
30,0,0,0,0,0,2,6,2,0,2,7,0
35,0,0,0,0,0,3,4,0,0,2,15,0
37,0,0,0,1,0,4,0,0,0,1,27,1
60,0,0,1,1,0,3,0,1,0,4,22,1
26,0,0,0,0,0,2,2,0,0,1,19,1
33,0,0,1,0,0,1,0,0,0,2,14,0
49,0,0,1,1,0,2,0,0,0,1,22,1
45,0,0,1,0,0,2,0,0,0,2,10,0
30,0,0,1,0,0,1,5,0,0,2,12,0
31,0,0,0,0,0,1,0,2,0,1,11,0
39,0,0,0,0,0,2,0,1,1,3,12,1
64,0,0,0,1,0,2,0,0,0,5,27,1
35,0,0,1,0,0,3,14,0,1,1,13,0
52,0,0,0,0,0,2,2,0,0,2,29,0
27,0,0,0,0,0,1,0,0,0,2,11,1
14,0,0,0,0,0,1,0,0,0,1,13,1
201,0,0,0,1,0,6,13,19,0,5,41,1
37,0,0,1,0,0,2,0,0,0,3,23,0
49,0,0,1,0,0,1,0,1,0,4,12,1
19,0,0,0,0,0,1,0,0,0,2,11,1
26,0,0,0,0,0,1,1,0,0,1,16,1
102,0,0,1,0,0,1,0,0,0,2,21,0
51,0,0,0,0,0,2,0,0,0,6,21,1
185,0,0,1,0,0,9,73,0,0,3,17,1
161,0,0,0,0,0,3,9,2,0,2,36,1
32,0,0,0,0,0,3,6,0,0,2,13,0
97,0,0,1,1,0,6,5,5,0,8,13,1
31,0,0,0,0,0,2,0,0,1,1,30,0
56,0,0,1,0,0,1,0,0,0,2,18,0
23,0,0,0,0,0,2,4,0,0,1,12,1
37,0,0,0,0,0,1,4,2,0,1,13,1
100,0,0,0,0,0,2,17,0,0,10,14,1
24,0,0,1,1,0,2,2,0,0,2,11,1
40,0,0,0,0,0,3,0,0,0,3,17,1
49,0,0,0,0,0,3,6,2,0,1,26,0
72,0,0,1,1,0,5,0,3,0,2,32,1
80,0,0,0,0,0,3,13,8,0,3,18,0
31,0,0,0,0,0,3,0,0,0,2,13,1
60,0,0,1,0,0,1,3,0,0,4,11,0
48,0,0,0,0,0,2,6,2,0,2,17,0
29,0,0,0,0,0,1,4,0,0,1,21,1
29,0,0,0,0,0,2,1,0,0,1,17,1
56,0,0,0,1,0,3,0,3,0,2,23,1
39,0,0,1,1,0,2,5,0,0,3,17,1
45,0,0,0,0,0,2,0,3,0,2,20,0
45,0,0,1,0,0,2,4,4,0,2,19,0
28,0,0,0,0,0,1,0,0,0,4,10,1
67,0,0,0,0,0,2,1,0,0,1,35,0
53,0,0,0,0,0,4,0,2,0,2,20,0
39,0,0,1,0,0,3,0,0,0,3,17,1
51,0,0,0,0,0,3,1,0,0,3,22,1
124,0,0,1,1,0,7,8,11,0,5,14,1
37,0,0,0,0,0,2,5,3,0,1,12,0
43,0,0,0,0,0,2,0,0,0,4,23,1
46,0,0,1,0,0,1,5,0,0,3,10,0
48,0,0,0,0,0,1,0,0,0,5,10,1
42,0,1,0,0,0,1,20,0,0,4,10,0
45,0,0,0,0,0,2,10,3,0,1,11,0
34,0,0,0,0,0,3,7,2,0,1,10,0
95,0,0,1,0,0,2,1,5,0,6,12,1
53,0,0,1,0,0,2,0,0,0,2,18,0
33,0,0,0,0,0,2,3,0,0,2,13,1
94,0,0,1,0,0,1,0,0,0,2,12,0
70,0,0,1,0,0,1,21,0,0,5,11,0
26,0,0,0,0,0,1,3,0,0,3,13,0
39,0,0,1,0,0,1,1,0,0,3,9,0
81,0,0,0,0,0,2,4,1,0,3,11,0
19,0,0,0,0,0,1,3,0,0,1,18,0
146,0,0,1,0,0,1,9,0,0,5,20,0
28,0,0,0,0,0,1,7,0,0,3,13,1
44,0,0,1,0,0,1,15,0,0,3,12,0
67,0,0,0,1,0,1,19,0,0,2,20,1
26,0,0,0,0,0,3,0,0,0,2,13,0
29,0,0,0,0,0,2,4,0,0,1,21,1
175,0,0,1,1,0,2,53,6,0,4,19,1
72,0,0,0,0,0,3,0,1,0,5,11,1
54,0,0,1,0,0,1,8,0,0,3,10,0
84,0,0,1,1,0,3,1,6,0,5,16,1
68,0,0,1,0,0,1,17,0,0,5,17,0
50,0,0,0,0,0,2,0,2,0,2,16,0
33,0,0,1,0,0,1,0,0,0,3,10,0
40,0,0,0,0,0,3,0,0,0,2,17,0
57,0,0,0,0,0,1,6,1,0,4,19,0
31,0,0,0,0,0,3,0,0,0,3,15,0
60,0,0,1,0,0,1,6,0,0,3,10,0
47,0,0,0,0,0,2,5,0,0,2,17,1
143,0,0,1,1,0,2,39,5,0,3,38,1
47,0,0,0,0,0,2,0,0,0,4,11,1
70,0,0,0,0,0,2,8,3,1,5,10,0
95,0,0,0,0,0,5,5,3,0,2,46,1
59,0,0,0,0,0,2,1,3,0,5,13,1
31,0,0,0,0,0,2,0,0,0,1,30,0
79,0,0,1,0,0,2,0,4,0,5,19,0
36,0,0,0,0,0,2,6,2,0,1,12,0
90,0,0,1,1,0,6,2,5,0,8,14,1
40,0,0,1,0,0,2,1,0,0,4,21,1
24,0,0,0,0,0,1,2,0,0,1,16,1
19,0,0,0,0,0,1,3,0,0,1,10,1
42,0,0,1,0,0,2,0,0,0,4,11,1
95,0,0,0,1,0,5,36,0,0,5,14,1
34,0,0,0,1,0,3,0,1,0,2,13,1
645,0,0,1,1,0,3,89,27,0,3,45,1
61,0,0,0,0,0,3,16,0,0,6,17,0
83,0,1,1,0,0,3,0,2,0,4,16,1
79,0,0,1,1,0,2,0,0,0,8,22,1
79,0,0,1,0,0,1,0,0,0,2,10,0
51,0,0,0,0,0,2,0,0,0,4,33,1
55,0,0,0,0,0,2,1,5,0,2,11,0
41,0,0,1,0,0,1,0,0,0,3,11,1
40,0,0,1,0,0,1,9,0,0,3,12,0
25,0,0,0,0,0,3,0,0,0,2,16,0
19,0,0,0,0,0,1,1,0,0,1,18,0
16,0,0,0,0,0,1,0,0,0,1,15,0
291,0,0,1,1,0,17,84,1,0,5,238,1
28,0,0,0,0,0,2,0,0,0,1,20,1
37,0,0,0,0,0,1,4,0,0,1,36,0
23,0,0,0,0,0,1,3,0,0,2,13,1
57,0,0,0,0,0,3,0,0,0,5,19,0
25,0,0,0,0,0,1,1,0,0,2,10,0
26,0,0,1,0,0,2,0,0,0,1,18,1
35,0,0,0,0,0,1,1,0,0,2,18,1
43,0,0,1,0,0,3,0,0,0,2,24,1
51,0,0,1,0,0,1,5,0,0,4,14,0
44,0,0,0,0,0,1,2,5,0,4,7,0
66,0,0,1,1,0,3,0,0,0,4,29,1
35,0,0,0,0,0,2,0,0,0,3,20,0
104,0,0,1,1,0,7,1,8,0,5,26,1
57,0,0,1,0,0,2,5,0,0,4,15,0
112,0,0,0,0,0,1,65,0,1,4,12,1
44,0,0,0,0,0,3,4,0,0,4,11,0
31,0,0,0,0,0,1,0,2,0,1,11,0
53,0,0,0,0,0,3,0,0,0,4,20,1
123,0,0,1,1,0,6,8,11,0,5,17,1
49,0,0,1,0,0,3,8,3,1,1,25,0
11,0,0,0,0,0,1,4,0,0,0,11,1
131,0,0,1,1,0,8,40,0,0,1,130,1
35,0,0,0,0,0,1,0,0,0,4,15,1
70,0,0,0,1,0,1,16,0,0,4,21,1
26,0,0,0,0,0,2,1,0,0,1,17,1
37,0,0,0,1,0,2,0,0,0,5,16,1
21,0,0,0,0,0,1,0,0,0,1,10,1
31,0,0,0,0,0,3,0,0,0,2,12,0
77,0,0,0,0,0,2,4,5,0,2,19,0
14,0,0,0,0,0,1,1,0,0,1,13,0
15,0,0,0,0,0,1,1,0,0,1,14,0
131,0,0,0,1,0,9,41,0,0,2,65,1
72,0,0,1,0,0,2,22,0,1,3,25,1
41,0,0,0,1,0,4,0,0,0,3,14,1
59,0,0,0,0,0,4,12,2,0,1,18,1
28,0,0,0,0,0,1,4,0,0,1,13,1
26,0,0,0,0,0,2,0,0,0,2,11,1
27,0,0,0,0,0,3,0,0,0,2,14,1
119,0,0,1,0,0,2,10,13,0,3,13,0
60,0,0,0,0,0,1,25,0,0,3,15,1
139,0,0,1,0,0,2,64,0,0,8,20,1
56,0,0,0,0,0,2,0,2,0,4,10,1
96,0,0,1,0,0,1,10,0,0,5,16,0
26,0,0,0,0,0,2,3,0,0,2,14,0
29,0,0,0,0,0,2,0,0,1,2,16,0
37,0,0,0,0,0,2,5,0,0,1,29,1
162,0,0,1,0,0,4,19,15,0,5,11,1
26,0,0,0,0,0,2,2,0,1,1,25,1
27,0,0,1,0,0,1,2,0,0,1,19,1
28,0,0,0,0,0,1,0,0,0,2,22,1
36,0,0,0,0,0,3,0,0,0,2,18,0
25,0,0,0,0,0,2,2,0,1,1,24,1
32,0,0,0,0,0,2,4,0,0,1,31,0
32,0,0,0,0,0,2,0,1,0,2,16,0
52,0,0,0,0,0,4,2,1,0,3,30,1
34,0,0,0,0,0,1,2,0,0,3,9,0
218,0,0,1,0,0,2,22,2,0,1,42,1
87,0,0,1,0,0,2,1,0,0,2,14,0
123,0,0,0,0,0,5,51,6,0,3,15,1
22,0,0,0,0,0,3,1,0,0,2,11,0
92,0,0,0,0,0,2,8,7,0,6,14,0
29,0,0,0,0,0,1,4,0,0,2,16,0
54,0,0,1,0,0,4,5,0,0,2,22,1
30,0,0,0,0,0,1,0,0,0,3,14,1
27,0,0,0,0,0,2,0,0,0,1,26,0
58,0,0,0,0,0,1,17,0,0,7,15,0
70,0,0,0,0,0,3,5,4,0,3,15,0
19,0,0,0,0,0,1,0,0,0,3,9,1
26,0,0,0,0,0,2,3,0,0,2,14,0
33,0,0,1,0,0,1,0,0,0,2,12,0
67,0,0,1,0,0,2,9,1,0,4,25,1
46,0,0,1,0,0,2,0,0,0,1,45,0
34,0,0,0,0,0,2,0,0,0,2,22,0
189,0,0,1,0,0,6,7,0,0,11,11,1
44,0,0,0,0,0,2,3,6,0,1,16,0
23,0,0,0,0,0,2,0,0,0,1,22,1
54,0,0,1,0,0,1,0,0,0,3,28,0
99,0,0,0,1,0,6,29,5,0,5,26,1
22,0,0,0,0,0,1,4,0,0,1,14,1
46,0,0,0,0,0,4,0,0,0,1,22,1
19,0,0,0,0,0,1,0,0,0,1,18,0
30,0,0,0,0,0,2,0,0,0,2,15,1
31,0,0,0,0,0,1,4,2,0,1,11,0
52,0,0,1,0,0,1,0,0,1,2,20,0
41,0,0,1,0,0,2,0,1,0,2,27,0
31,0,0,0,0,0,1,1,2,0,1,11,0
50,0,0,1,0,0,2,0,0,0,2,22,0
19,0,0,0,0,0,1,2,0,0,1,13,1
45,0,0,0,0,0,2,0,1,0,2,18,0
62,0,0,1,1,0,3,0,1,0,2,22,1
42,0,0,0,0,0,2,6,2,0,1,10,0
63,0,0,0,0,0,1,5,2,0,4,14,0
21,0,0,1,0,0,2,0,0,0,1,20,0
43,0,0,0,0,0,2,0,0,0,4,16,1
41,0,0,0,0,0,1,0,0,0,4,8,0
19,0,0,0,0,0,1,0,0,0,1,18,0
19,0,0,0,0,1,3,11,0,0,2,12,1
64,0,0,1,0,0,1,4,0,0,3,10,0
43,0,0,0,1,0,5,0,0,0,1,23,1
42,0,0,0,0,0,1,5,0,1,4,14,1
168,0,0,0,1,0,2,47,0,1,2,14,1
56,0,0,0,0,0,2,8,0,0,2,23,0
31,0,0,1,0,0,1,0,0,0,2,11,0
162,0,0,1,1,0,7,39,0,0,1,161,1
54,0,0,1,0,0,1,0,0,0,2,12,0
40,0,0,0,0,0,2,2,0,0,1,39,0
24,0,0,0,0,0,2,0,0,0,2,15,1
31,0,0,0,0,0,1,3,2,0,1,11,0
55,0,0,1,0,0,1,15,2,0,3,12,0
102,0,0,0,0,0,2,16,10,0,2,12,0
33,0,0,1,0,0,1,0,0,0,2,7,0
96,0,0,1,1,0,4,21,1,0,4,13,1
58,0,0,0,0,0,1,4,3,0,2,21,0
49,0,0,0,1,0,2,1,2,0,2,20,1
35,0,0,0,0,0,3,3,0,0,1,28,1
14,0,0,0,0,0,1,0,0,0,1,13,0
244,0,0,0,1,0,2,110,5,0,5,16,1
75,0,0,0,1,0,1,19,0,0,5,16,1
20,0,0,0,0,0,1,0,0,0,1,19,0
45,0,0,1,0,0,2,0,0,0,2,14,1
82,0,0,0,0,0,1,19,0,0,4,34,1
29,0,0,0,0,0,1,0,0,0,1,16,0
57,0,0,0,1,0,2,21,0,0,3,16,1
19,0,0,0,0,0,1,0,0,0,1,12,1
22,0,0,0,0,0,1,3,0,0,1,13,1
51,0,0,1,0,0,1,3,0,1,3,17,0
27,0,0,0,0,0,2,0,0,0,1,11,1
44,0,0,0,0,0,2,6,1,0,2,15,1
345,0,0,1,1,0,3,47,12,0,3,45,1
42,0,0,0,0,0,3,6,1,0,2,23,0
84,0,0,0,1,0,2,22,1,0,4,15,1
21,0,0,0,0,0,1,1,0,0,1,12,0
76,0,0,1,0,0,1,24,1,0,3,27,1
44,0,0,0,0,0,4,0,0,0,2,25,1
63,0,0,1,1,0,2,1,0,0,6,18,1
20,0,0,0,0,0,1,0,0,1,2,15,0
53,0,0,0,0,0,2,2,3,0,1,18,0
27,0,0,0,0,0,2,4,0,0,2,14,0
42,0,0,0,0,0,3,1,0,0,2,21,1
34,0,0,0,0,0,1,0,0,0,3,10,1
111,0,0,1,0,0,1,5,0,0,3,12,0
56,0,0,0,0,0,5,0,0,0,3,24,0
26,0,0,1,0,0,2,3,0,0,1,20,1
52,0,0,0,0,0,2,1,2,1,3,21,0
24,0,0,0,0,0,1,7,0,0,3,8,0
84,0,0,1,0,0,7,16,1,0,1,44,1
25,0,0,0,0,0,1,7,0,0,3,8,0
85,0,0,0,1,0,6,1,4,0,10,13,1
44,0,0,0,0,0,2,0,0,0,4,26,1
43,0,0,0,0,0,2,0,0,0,2,28,1
42,0,0,1,0,0,2,0,0,0,2,18,1
42,0,0,1,0,0,3,0,2,1,1,19,0
56,0,0,1,0,0,1,0,0,0,5,14,1
40,0,0,0,0,0,3,0,0,0,1,26,0
92,0,0,0,0,0,2,0,4,0,1,13,0
42,0,0,0,1,0,1,0,0,0,4,9,1
35,0,0,0,0,0,3,0,0,0,2,15,0
25,0,0,0,0,0,1,0,0,0,1,24,0
90,0,0,1,1,0,7,0,3,0,3,22,1
55,0,0,1,0,0,1,9,0,0,5,11,0
181,0,0,1,0,0,10,40,0,1,2,177,1
36,0,0,0,0,0,2,0,0,1,1,14,0
58,0,0,1,0,0,2,0,0,0,6,14,0
65,0,0,1,0,0,2,7,0,0,4,17,0
61,0,0,0,0,0,3,1,3,0,7,9,1
51,0,0,1,0,0,2,0,0,0,5,24,1
40,0,0,0,0,0,2,1,1,0,4,7,0
20,0,0,0,0,0,1,0,0,0,1,19,0
19,0,0,0,0,0,1,0,0,0,1,18,0
55,0,0,0,1,0,4,0,1,0,5,13,1
46,0,0,0,0,0,1,0,1,0,2,21,0
20,0,0,0,0,0,1,0,0,0,1,19,0
38,0,0,1,0,0,2,0,0,0,1,21,0
19,0,0,0,0,0,1,0,0,0,1,18,0
32,0,0,1,0,0,1,0,0,0,1,31,1
345,0,0,1,1,0,3,54,13,0,3,45,1
84,0,0,1,0,0,2,21,0,0,5,23,1
91,0,0,0,1,0,3,12,8,0,2,15,1
53,0,0,0,0,0,1,1,4,0,2,16,0
39,0,0,0,0,0,3,3,0,0,1,25,1
36,0,0,1,0,0,1,5,0,0,4,9,0
12,0,0,0,0,0,1,0,0,0,1,11,0
31,0,0,1,0,0,2,0,0,0,1,21,0
160,0,0,1,1,0,11,49,0,0,3,123,1
44,0,0,1,0,0,1,0,0,0,2,24,0
45,0,0,0,0,0,2,0,0,0,4,10,1
39,0,0,0,0,0,2,3,0,0,2,13,1
34,0,0,0,0,0,2,0,0,0,1,24,0
99,0,0,0,0,0,3,9,0,0,1,43,1
245,0,0,0,0,0,14,65,16,0,4,15,1
28,0,0,0,0,0,2,0,0,0,2,17,0
19,0,0,0,0,0,1,0,0,0,1,18,0
22,0,0,0,0,0,1,0,0,0,2,15,1
11,0,0,0,0,0,1,4,0,0,0,11,1
25,0,0,0,0,0,2,0,0,1,1,24,0
49,0,0,1,0,0,1,0,0,0,1,16,0
171,0,0,0,0,0,3,8,18,0,1,14,1
40,0,0,0,0,0,2,17,0,0,4,11,1
82,0,0,1,0,0,2,9,4,0,3,10,0
25,0,0,1,0,0,1,0,0,0,2,16,1
135,0,0,1,1,0,10,0,5,0,5,32,1
37,0,0,0,0,0,1,0,0,0,2,20,0
33,0,0,0,0,0,2,3,0,0,2,13,1
48,0,0,1,0,0,1,8,2,0,5,12,0
30,0,0,0,0,0,3,0,0,0,1,16,0
32,0,0,0,0,0,2,0,0,0,2,18,0
35,0,0,0,0,0,2,0,0,0,2,20,0
34,0,0,1,0,0,1,0,0,0,2,14,0
31,0,0,0,0,0,2,3,0,0,2,15,0
65,0,0,1,0,0,2,2,0,0,6,22,1
61,0,0,0,0,0,4,1,2,0,4,25,1
35,0,0,1,0,0,1,0,0,0,2,11,0
60,0,0,0,0,0,5,1,0,0,2,41,0
40,0,0,0,0,0,3,0,0,0,2,19,1
18,0,0,0,0,0,1,0,0,0,1,17,0
28,0,0,0,0,0,2,0,0,0,2,18,1
25,0,0,0,0,0,1,2,0,0,1,17,1
74,0,0,1,0,0,2,25,1,0,2,13,0
84,0,0,1,0,0,1,11,0,0,4,19,0
38,0,0,0,1,0,3,2,0,0,3,19,1
141,0,0,0,0,0,1,68,1,0,5,17,1
36,0,0,0,0,0,2,0,0,0,3,16,0
81,0,0,1,0,0,5,0,6,0,3,29,1
42,0,0,0,0,0,2,5,2,0,1,18,0
123,0,0,0,0,0,3,64,0,0,2,89,1
56,0,0,0,0,0,3,0,0,1,4,20,0
34,0,0,0,0,0,1,0,0,0,1,12,0
57,0,0,0,0,0,3,7,2,0,3,25,1
22,0,0,0,0,0,1,7,2,1,1,6,1
64,0,0,0,0,0,2,7,6,0,1,12,0
129,0,0,1,1,0,6,17,1,0,3,102,1
41,0,0,1,0,0,1,2,0,0,3,9,0
51,0,0,1,0,0,1,4,0,0,4,16,0
21,0,0,0,0,0,1,0,0,0,1,12,0
67,0,0,0,1,0,4,0,4,0,2,9,1
62,0,0,0,0,0,1,23,0,0,1,21,0
90,0,0,1,0,0,6,21,6,0,5,36,1
57,0,0,0,0,0,6,0,0,0,3,12,1
23,0,0,0,0,0,2,0,0,0,2,14,0
70,0,0,1,0,0,1,1,0,1,2,14,0
94,0,0,1,1,0,5,28,1,0,5,11,1
28,0,0,0,0,0,3,0,0,0,2,18,0
226,0,0,1,0,0,1,88,1,0,8,16,1
49,0,0,0,0,0,2,0,0,0,3,16,1
36,0,0,0,0,0,2,0,1,0,2,16,0
35,0,0,1,0,0,2,0,0,0,2,17,1
19,0,0,0,0,0,1,2,0,0,1,10,1
99,0,0,0,1,0,6,28,5,0,5,26,1
73,0,0,0,0,0,1,24,0,0,6,9,1
86,0,0,1,0,0,1,12,0,0,5,15,0
46,0,0,0,0,0,2,0,0,0,5,25,1
27,0,0,0,0,0,1,0,0,0,1,10,0
46,0,0,1,0,0,3,10,0,0,4,14,0
31,0,0,0,0,0,1,0,0,0,3,9,0
172,0,0,1,0,0,2,20,1,0,16,10,1
53,0,0,0,0,0,2,0,2,0,5,10,1
24,0,0,0,0,0,2,0,0,0,1,23,0
172,0,0,0,1,0,14,49,0,0,4,124,1
46,0,0,0,0,0,2,3,0,0,6,17,1
69,0,0,0,0,0,4,12,2,0,3,17,1
30,0,0,0,0,0,2,0,0,0,3,10,1
23,0,0,0,0,0,2,0,0,0,1,20,1
64,0,0,1,0,0,6,0,0,0,1,54,1
118,0,0,1,1,0,17,1,0,0,1,117,1
40,0,0,0,0,0,1,0,1,0,3,22,0
90,0,0,0,0,0,2,8,7,0,3,10,0
51,0,0,1,0,0,3,0,0,0,5,13,1
49,0,0,0,0,0,2,0,1,0,5,8,1
116,0,0,1,1,0,10,22,0,0,2,108,1
42,0,0,0,1,0,2,0,0,0,2,17,1
52,0,0,1,0,0,1,6,0,0,3,14,0
126,0,0,1,1,0,3,35,5,0,2,11,1
49,0,0,0,0,0,1,22,0,0,2,13,1
63,0,0,0,0,0,3,3,0,0,2,21,1
32,0,0,1,0,0,1,0,0,0,3,18,1
31,0,0,0,0,0,1,3,2,0,1,11,0
52,0,0,1,0,0,1,9,2,0,3,10,0
13,0,0,0,0,1,3,9,0,0,1,12,1
371,0,0,1,1,0,3,55,12,0,3,45,1
57,0,0,1,0,0,2,6,0,0,3,16,0
13,0,0,0,0,0,1,1,0,1,1,6,1
95,0,1,0,1,0,3,5,4,0,5,18,1
115,0,0,0,1,0,3,41,0,0,5,13,1
41,0,0,0,0,0,3,2,1,0,3,14,1
33,0,0,1,0,0,1,8,1,0,3,7,0
24,0,0,1,0,0,2,0,0,0,1,23,1
22,0,0,0,0,0,1,2,0,0,1,16,1
41,0,0,0,0,0,3,0,1,0,4,15,1
33,0,0,0,0,0,2,2,0,0,2,13,1
15,0,0,0,0,0,1,0,0,0,1,14,0
28,0,0,1,0,0,1,1,0,0,1,21,1
74,0,0,0,1,0,3,11,2,0,3,13,1
43,0,0,0,0,0,1,0,0,0,2,9,0
14,0,0,0,0,1,3,10,0,0,1,13,1
36,0,0,0,0,0,2,1,0,0,3,17,0
71,0,0,0,0,0,2,0,5,0,3,17,0
41,0,0,0,0,0,2,0,0,1,3,15,1
45,0,0,0,0,0,1,16,0,1,1,6,1
24,0,0,0,0,0,2,0,0,0,1,14,1
19,0,0,0,0,0,2,0,0,0,1,18,0
46,0,0,0,0,0,1,0,1,0,2,21,0
45,0,0,0,0,0,3,0,0,0,3,20,1
40,0,0,0,0,0,1,0,0,0,4,22,1
82,0,0,1,1,0,6,1,5,0,2,39,1
160,0,0,1,1,0,11,45,0,0,3,123,1
29,0,0,1,0,0,1,3,2,0,1,22,0
23,0,0,0,0,0,1,0,0,0,1,16,1
42,0,0,0,0,0,3,0,0,0,3,18,1
39,0,0,0,0,0,1,0,0,0,4,8,0
15,0,0,0,0,0,1,0,0,0,2,9,0
17,0,0,0,0,0,1,0,1,0,1,6,0
62,0,0,0,0,0,3,0,1,1,4,22,0
103,0,0,0,1,0,7,23,5,0,5,30,1
43,0,0,1,0,0,3,3,0,0,3,10,1
25,0,0,1,0,0,1,0,0,0,1,10,0
59,0,0,1,0,0,2,0,0,0,6,18,1
28,0,0,0,0,0,1,0,0,0,3,13,0
22,0,0,0,0,0,1,2,0,0,1,16,1
15,0,0,0,0,0,1,0,0,0,1,14,0
71,0,0,1,0,0,2,7,3,0,1,16,0
219,0,0,1,1,0,3,83,5,0,6,26,1
35,0,0,1,0,0,1,0,0,0,2,8,0
44,0,0,0,0,0,2,0,0,0,3,23,1
29,0,0,0,0,1,3,14,0,0,1,18,1
19,0,0,1,0,0,1,0,0,0,2,15,1
31,0,0,0,0,0,2,1,0,0,2,16,0
126,0,0,1,0,0,1,37,9,0,9,11,1
55,0,0,0,0,0,2,0,0,0,4,18,1
83,0,0,0,1,0,5,1,6,0,2,30,1
69,0,0,1,1,0,3,0,0,0,4,33,1
23,0,0,0,0,0,1,4,0,0,1,13,1
61,0,0,1,0,0,2,6,0,0,6,14,0
53,0,0,1,1,0,3,0,2,0,3,19,1
45,0,0,0,0,0,2,0,1,0,2,17,0
41,0,0,0,0,0,1,0,0,0,4,18,1
34,0,0,0,0,0,2,0,0,0,3,17,0
27,0,0,0,0,0,1,7,0,0,3,8,0
48,0,0,0,0,0,1,23,0,0,4,15,1
38,0,0,0,0,0,2,6,0,0,2,11,0
23,0,0,0,0,0,1,0,0,0,1,22,0
26,0,0,0,0,0,2,2,0,0,1,17,1
34,0,0,1,0,0,1,6,0,0,1,13,0
50,0,0,0,0,0,1,1,0,1,7,11,0
45,0,0,0,0,0,3,9,2,0,2,18,0
75,0,0,1,1,0,3,23,0,0,3,16,1
53,0,0,1,0,0,1,10,0,0,3,16,0
53,0,0,1,0,0,3,0,0,0,5,11,1
77,0,0,0,0,0,4,22,0,0,2,24,1
37,0,0,0,0,0,1,3,3,1,3,11,0
30,0,0,1,0,0,1,1,0,0,1,22,1
20,0,0,0,0,0,1,3,0,0,1,12,1
55,0,0,1,0,0,2,2,1,0,2,16,1
65,0,0,1,0,0,1,0,0,0,5,14,0
26,0,0,0,0,1,4,15,0,0,1,19,1
15,0,0,0,0,0,1,0,0,0,1,14,0
64,0,0,0,0,0,2,21,0,0,4,23,1
42,0,0,0,0,0,3,0,0,1,3,16,1
89,0,0,1,1,0,7,5,1,0,4,17,1
43,0,0,0,0,0,3,0,0,0,2,13,0
35,0,0,0,0,0,1,0,0,0,2,17,1
20,0,0,1,0,0,2,0,0,0,1,19,1
122,0,0,1,1,0,1,23,4,0,5,14,1
36,0,0,0,0,0,2,0,1,0,2,20,0
28,0,0,0,0,0,1,0,0,0,3,12,1
52,0,0,0,1,0,8,4,0,0,1,51,1
41,0,0,0,0,0,1,1,0,0,4,10,1
92,0,0,1,1,0,3,0,1,0,9,18,1
30,0,0,0,0,0,1,6,0,0,5,12,0
23,0,0,0,0,0,2,4,0,0,1,15,1
54,0,0,0,0,0,2,0,1,1,3,21,1
29,0,0,0,0,0,2,4,0,1,2,21,0
22,0,0,0,0,0,2,5,0,0,1,15,1
42,0,0,1,0,0,2,1,0,0,2,17,0
101,0,0,0,0,0,2,15,4,1,12,14,1
102,0,0,0,1,0,6,1,7,0,4,22,1
61,0,0,1,0,0,4,0,0,0,3,23,1
232,0,0,0,1,0,14,83,0,0,2,214,1
42,0,0,0,0,0,3,2,0,0,2,22,0
30,0,0,0,0,0,2,0,0,0,2,23,1
42,0,0,1,0,0,2,0,0,0,2,15,0
22,0,0,0,0,0,1,0,0,0,1,18,0
63,0,0,1,0,0,1,0,0,0,2,16,0
371,0,0,1,1,0,3,49,12,0,3,45,1
19,0,0,0,0,0,1,7,0,0,2,4,1
67,0,0,1,0,0,1,6,0,0,2,21,0
20,0,0,0,0,0,2,0,0,0,2,7,1
24,0,0,0,0,0,1,0,0,0,1,10,0
61,0,0,1,0,0,3,11,0,1,2,18,0
23,0,0,0,0,1,3,16,0,0,1,15,1
52,0,0,0,0,0,3,1,3,0,7,11,1
58,0,0,1,0,0,2,1,0,0,1,10,0
31,0,0,0,0,0,1,2,2,0,1,11,0
41,0,0,0,0,0,3,1,0,0,4,17,0
48,0,0,0,0,0,2,0,1,0,3,15,0
70,0,0,1,0,0,4,1,0,0,4,12,1
19,0,0,0,0,0,1,0,0,0,2,7,1
67,0,0,0,0,0,5,2,6,0,1,22,0
341,0,0,1,1,0,3,51,11,0,3,45,1
28,0,0,0,0,0,3,0,0,0,1,17,1
44,0,0,1,0,0,1,0,1,0,2,13,0
151,0,0,0,0,0,6,5,11,0,3,19,1
25,0,0,0,0,0,2,2,0,1,1,24,1
57,0,0,1,1,0,6,0,0,0,4,13,1
42,0,0,1,1,0,5,0,2,0,1,23,1
21,0,0,1,0,0,1,2,0,0,0,21,1
22,0,0,0,0,0,1,0,0,0,3,11,1
17,0,0,0,0,0,1,0,0,0,1,16,1
71,0,0,0,0,0,3,41,0,0,2,14,0
42,0,0,1,0,0,2,0,0,0,4,15,0
57,0,0,1,0,0,1,7,0,0,2,12,0
42,0,0,0,0,0,4,0,0,0,3,26,0
42,0,0,0,0,0,1,0,0,1,5,19,1
45,0,0,0,0,0,3,1,2,0,5,11,1
37,0,0,0,0,0,2,0,0,0,2,27,1
64,0,0,1,0,0,1,10,0,0,3,10,0
33,0,0,0,0,0,2,0,0,0,2,13,1
124,0,0,0,1,0,1,49,8,0,5,14,1
39,0,0,1,0,0,3,2,0,0,2,13,0
163,0,0,0,1,0,3,15,0,0,6,16,1
135,0,0,1,1,0,6,39,0,0,6,12,1
28,0,0,0,0,0,1,3,0,0,2,13,0
23,0,0,0,0,0,1,0,0,0,2,16,1
44,0,0,0,0,0,2,9,0,0,3,21,1
58,0,0,1,1,0,5,1,0,0,3,36,1
48,0,0,1,0,0,1,0,0,0,2,15,0
41,0,0,1,0,0,2,0,0,0,1,19,0
29,0,0,0,0,0,1,6,2,0,1,10,0
26,0,0,1,0,0,2,0,0,0,1,25,1
25,0,0,0,0,0,1,5,0,0,2,14,0
26,0,0,0,0,0,1,0,0,0,3,14,1
21,0,0,0,0,0,1,0,0,0,1,10,0
56,0,0,0,0,0,2,8,3,0,1,11,0
42,0,0,1,0,0,2,5,0,0,3,24,1
31,0,0,0,0,0,2,10,0,0,3,13,0
62,0,0,0,0,0,2,2,0,0,4,20,1
27,0,0,0,0,0,3,0,0,0,1,16,0
30,0,0,0,0,0,2,3,0,0,1,21,1
63,0,0,1,0,0,2,6,2,0,4,24,1
59,0,0,0,1,0,3,0,0,0,4,12,1
107,0,0,0,0,0,2,25,4,0,2,11,1
45,0,0,0,0,0,3,3,3,0,2,15,0
24,0,0,0,0,0,1,6,0,0,2,11,0
41,0,0,1,0,0,3,1,0,0,3,18,0
29,0,0,1,0,0,1,1,0,0,1,22,1
31,0,0,0,0,0,1,1,0,0,3,9,0
99,0,0,0,0,0,2,3,7,0,1,26,0
51,0,0,0,0,0,3,0,1,0,5,12,1
94,0,0,1,0,0,1,0,0,0,4,9,0
50,0,0,1,0,0,1,0,0,0,6,9,1
69,0,0,1,0,0,2,0,1,0,5,19,1
43,0,0,1,0,0,2,7,0,0,5,15,0
31,0,0,0,0,0,2,0,0,0,3,17,0
54,0,0,0,0,0,3,0,4,0,5,10,1
81,0,0,1,0,0,2,10,0,0,2,13,0
35,0,0,0,0,0,2,0,0,0,4,15,0
102,0,0,1,0,0,4,9,0,0,1,18,0
109,0,0,1,1,0,2,0,6,0,6,16,1
101,0,0,1,0,0,2,0,2,0,1,11,0
74,0,0,1,0,0,1,17,0,0,5,14,0
38,0,0,0,0,0,3,0,0,0,2,18,0
40,0,0,0,0,0,2,0,1,0,2,16,0
38,0,0,1,0,0,1,0,0,1,2,13,0
23,0,0,0,0,0,2,0,0,0,2,11,1
39,0,0,1,0,0,3,3,0,0,2,17,1
44,0,0,1,0,0,1,0,0,0,7,9,1
43,0,0,0,1,0,2,0,0,0,2,15,1
39,0,0,1,0,0,1,0,0,0,4,12,0
35,0,0,1,0,0,1,0,0,0,2,12,0
61,0,0,1,0,0,2,18,0,0,5,18,0
33,0,0,0,0,0,1,3,0,0,2,24,0
42,0,0,0,0,0,3,7,0,0,4,11,0
49,0,0,1,0,0,2,0,0,0,4,24,0
27,0,0,0,0,0,3,0,0,0,3,12,0
40,0,0,0,0,0,1,27,0,0,3,14,1
33,0,0,0,0,0,5,0,0,0,2,20,0
24,0,0,0,0,0,2,0,0,0,1,17,1
27,0,0,0,0,0,2,4,0,0,2,14,0
23,0,0,0,0,0,1,0,0,0,1,10,0
53,0,0,1,0,0,2,0,1,0,4,14,1
158,0,0,1,0,0,4,8,2,0,1,10,0
26,0,0,0,0,0,3,0,0,0,1,17,1
52,0,0,1,0,0,2,1,0,0,4,13,1
26,0,0,0,0,0,2,2,0,0,3,15,0
53,0,0,0,0,0,3,0,0,0,3,25,1
41,0,0,0,0,0,1,6,1,0,3,13,0
62,0,0,1,0,0,2,0,0,0,2,16,0
29,0,0,0,0,0,1,4,0,0,1,9,1
18,0,0,0,0,0,1,3,0,1,2,13,1
31,0,0,0,0,0,2,1,0,0,3,17,0
106,0,0,0,1,0,1,0,4,0,7,16,1
122,0,0,1,1,0,6,8,11,0,5,16,1
42,0,0,1,0,0,2,0,0,0,3,8,0
28,0,0,0,0,0,1,6,0,0,2,16,0
52,0,0,1,0,0,1,15,0,0,3,12,0
33,0,0,0,0,0,2,1,0,0,2,13,1
77,0,0,0,0,0,4,6,1,0,12,16,1
45,0,0,1,0,0,2,0,0,0,2,21,0
28,0,0,0,0,0,1,1,0,0,1,20,1
22,0,0,0,0,0,1,1,0,0,1,11,1
18,0,0,0,0,0,2,1,0,0,1,9,0
345,0,0,1,1,0,3,52,10,0,3,45,1
242,0,0,0,0,0,2,32,4,0,2,24,1
29,0,0,1,0,0,2,0,0,0,1,10,0
18,0,0,0,0,1,3,14,0,0,0,18,1
38,0,0,1,1,0,3,5,0,0,3,16,1
106,0,0,1,0,0,2,0,0,0,10,27,1
232,0,0,1,1,0,2,99,5,0,5,13,1
80,0,0,1,0,0,2,6,1,0,3,14,1
38,0,0,0,0,0,3,8,2,0,1,12,0
91,0,0,0,0,0,1,0,8,0,2,21,0
32,0,0,0,1,0,3,2,1,0,1,14,1
36,0,0,1,0,0,1,7,0,0,5,12,0
37,0,0,0,0,0,2,0,1,0,2,16,0
60,0,0,1,0,0,2,1,0,0,4,20,1
40,0,0,0,0,0,2,1,0,0,1,35,0
36,0,0,0,0,0,1,3,2,0,5,6,0
37,0,0,0,0,0,1,3,2,0,1,8,1
95,0,0,1,1,0,7,23,6,0,5,39,1
86,0,0,1,0,0,1,35,0,0,3,12,0
92,0,0,1,0,0,6,14,7,0,5,36,1
47,0,0,0,0,0,3,1,0,0,3,19,0
30,0,0,0,0,0,2,0,0,1,1,29,0
28,0,0,1,0,0,1,0,0,0,3,14,1
44,0,0,1,0,0,2,0,0,0,3,13,1
42,0,0,0,0,0,2,1,2,0,3,14,1
19,0,0,0,1,0,1,0,0,0,1,18,1
60,0,0,0,0,0,2,17,0,1,2,19,1
43,0,0,0,0,0,2,6,0,0,5,14,0
238,0,0,1,0,0,3,53,3,0,3,10,1
56,0,0,1,0,0,2,7,0,0,3,15,0
76,0,0,1,0,0,1,30,1,0,3,27,1
67,0,0,1,0,0,2,6,0,0,6,14,0
41,0,0,1,0,0,1,0,0,0,2,14,0
54,0,0,0,0,0,3,0,0,0,4,21,1
38,0,0,1,0,0,2,0,0,0,2,24,0
61,0,0,1,0,0,5,6,1,0,6,19,1
52,0,0,1,0,0,2,0,0,0,2,20,0
34,0,0,0,0,0,5,0,0,0,1,25,1
25,0,0,0,0,0,3,0,0,0,1,24,0
22,0,0,0,0,0,1,0,0,0,1,21,0
34,0,0,0,0,0,3,2,2,0,2,13,1
65,0,0,1,0,0,2,0,0,0,2,14,0
19,0,0,0,0,0,1,2,0,0,1,12,1
56,0,0,0,0,0,3,6,2,0,2,22,0
36,0,0,1,1,0,5,0,0,0,3,26,1
32,0,0,0,0,0,1,0,0,0,4,8,0
27,0,0,0,0,0,2,0,0,0,1,26,0
42,0,0,0,0,0,2,0,0,0,3,20,0
32,0,0,0,0,0,1,0,1,0,1,18,0
145,0,0,0,1,0,14,22,0,0,2,102,1
24,0,0,0,0,0,1,0,0,0,2,12,1
73,0,0,0,0,0,2,0,7,0,1,20,0
69,0,0,1,0,0,2,21,0,0,5,14,1
26,0,0,0,0,0,1,0,0,0,3,13,1
25,0,0,0,0,0,2,1,0,0,2,16,0
64,0,0,1,0,0,2,6,0,0,2,13,0
23,0,0,0,0,0,2,0,0,0,1,22,1
90,0,0,0,0,0,2,7,0,0,4,19,0
54,0,0,1,0,0,2,8,0,0,2,11,0
39,0,0,1,0,0,2,0,0,0,1,23,0
34,0,0,1,0,0,2,4,0,0,1,12,0
37,0,0,0,0,0,2,0,0,0,3,23,1
250,0,0,1,0,0,14,62,17,0,3,18,1
27,0,0,0,0,0,2,4,0,0,2,14,0
32,0,0,0,0,0,2,0,0,1,2,16,1
26,0,0,0,0,0,2,0,0,0,2,14,1
64,0,0,0,0,0,3,0,0,0,5,13,1
36,0,0,0,0,0,2,0,0,0,2,9,0
12,0,0,0,0,0,1,0,0,0,0,12,1
78,0,0,0,0,0,1,3,0,0,4,10,0
10,0,0,1,0,0,1,0,0,0,1,9,0
32,0,0,0,0,0,3,1,2,0,1,15,1
96,0,0,1,0,0,4,10,0,0,1,83,1
20,0,0,0,0,0,1,0,0,1,1,19,0
417,0,0,0,1,0,20,173,5,1,3,162,1
30,0,0,0,0,0,2,0,0,0,1,29,0
40,0,0,0,0,0,2,0,0,0,2,23,0
25,0,0,1,0,0,2,0,0,0,1,21,1
69,0,0,1,0,0,1,4,2,0,2,15,0
50,0,0,1,0,0,2,3,0,1,2,22,0
51,0,0,0,0,0,2,1,0,0,1,14,1
124,0,0,0,1,0,7,18,0,0,7,57,1
86,0,0,1,0,0,1,0,0,0,9,13,1
227,0,0,1,1,0,3,91,5,0,4,23,1
24,0,0,0,0,0,3,0,0,0,1,23,1
79,0,0,1,0,0,1,15,1,0,4,10,0
52,0,0,1,0,0,3,7,0,0,5,12,0
52,0,0,1,0,0,3,7,0,0,2,14,0
33,0,0,0,0,0,3,0,0,0,1,23,0
26,0,0,0,0,0,2,0,0,0,1,12,0
153,0,0,1,1,0,2,27,3,0,4,43,1
32,0,0,0,0,0,2,3,0,0,2,15,0
42,0,0,1,0,0,3,0,0,0,4,12,0
22,0,0,0,0,0,3,0,0,1,1,13,0
19,0,0,0,0,0,1,0,0,0,1,18,0
31,0,0,0,0,0,1,4,2,0,1,11,0
34,0,0,1,0,0,2,0,0,0,3,15,1
36,0,0,1,0,0,2,4,3,0,2,13,1
50,0,0,1,0,0,3,0,0,0,3,13,0
163,0,0,1,0,0,9,34,9,0,2,71,1
93,0,0,1,1,0,5,0,0,0,4,25,1
23,0,0,0,0,0,1,0,0,0,1,17,1
33,0,0,0,0,0,2,2,0,0,2,13,1
141,0,0,1,0,0,2,6,0,0,3,15,0
23,0,0,1,0,0,2,2,0,0,0,23,1
78,0,0,0,1,0,4,17,0,0,4,22,1
158,0,0,1,1,0,5,42,8,0,3,19,1
29,0,0,0,0,0,3,1,0,0,1,23,0
74,0,0,0,0,0,6,0,0,0,4,30,1
81,0,0,0,0,0,3,7,2,0,4,26,0
28,0,0,0,0,0,1,0,0,0,2,22,1
42,0,0,0,0,0,3,1,0,0,3,32,1
45,0,0,1,0,0,1,0,0,0,2,11,1
22,0,0,0,0,0,2,1,1,0,1,18,1
43,0,0,1,0,0,2,2,1,1,1,6,1
45,0,0,1,0,0,2,2,0,0,3,20,0
22,0,0,0,0,0,1,2,0,0,0,22,1
59,0,0,0,0,0,1,4,2,1,4,21,1
19,0,0,1,0,0,1,0,0,0,2,15,1
48,0,0,0,0,0,1,0,3,0,1,15,0
32,0,0,0,0,0,2,0,1,0,2,16,0
24,0,0,0,0,0,2,0,0,0,1,13,0
63,0,0,1,0,0,2,7,0,0,2,14,0
25,0,0,0,0,0,2,0,0,0,2,15,0
47,0,0,1,0,0,2,5,0,0,3,17,0
97,0,0,0,0,0,4,17,1,0,6,17,0
40,0,0,0,1,0,4,0,0,0,3,20,1
37,0,0,0,0,0,3,0,0,0,2,22,0
23,0,0,1,0,0,1,10,0,0,1,10,0
48,0,0,1,0,0,2,2,0,0,3,22,0
140,0,0,1,1,0,2,43,5,0,5,10,1
19,0,0,0,0,0,3,0,0,0,1,18,1
44,0,0,0,0,0,3,1,1,1,3,23,1
33,0,0,0,0,0,2,0,0,0,1,18,1
119,1,0,1,1,0,10,22,0,0,4,80,1
80,0,0,1,1,0,3,6,0,1,3,30,0
32,0,0,1,0,0,2,2,0,0,3,8,0
22,0,0,0,0,0,1,8,0,0,1,5,1
30,0,0,1,0,0,1,7,0,0,2,17,0
57,0,0,0,0,0,1,8,7,0,2,13,0
48,0,0,0,0,0,3,0,0,0,2,13,0
82,0,0,1,0,0,2,0,0,0,5,25,1
83,0,0,0,0,0,2,3,5,0,4,15,1
40,0,0,1,0,0,1,4,0,0,3,10,0
44,0,0,1,0,0,1,7,0,0,5,12,0
46,0,0,1,0,0,1,15,0,0,3,12,0
71,0,0,1,0,0,1,14,0,0,3,17,0
55,0,0,1,0,0,1,11,2,0,4,10,0
54,0,0,0,0,0,2,0,0,0,1,30,0
17,0,0,0,0,0,1,0,0,0,1,11,0
37,0,0,0,0,0,2,0,0,0,1,24,0
63,0,0,1,0,0,1,6,0,0,3,10,0
38,0,0,1,0,0,1,9,0,0,3,10,0
164,0,0,1,1,0,10,20,1,0,3,125,1
23,0,0,0,0,0,1,1,2,0,2,13,0
31,0,0,1,0,0,1,0,0,0,2,17,0
43,0,0,0,0,0,1,0,0,0,2,16,0
76,0,1,0,1,0,4,0,2,0,3,30,1
75,0,0,0,0,0,1,11,8,0,4,12,0
65,0,0,0,0,0,2,13,6,0,1,16,0
50,0,0,0,0,0,3,0,1,0,3,21,1
11,0,0,0,0,0,1,4,0,0,0,11,1
40,0,0,0,0,0,3,0,0,0,1,25,0
28,0,0,0,0,0,1,0,0,0,3,16,1
51,0,0,1,0,0,2,8,4,0,2,14,0
37,0,0,0,0,0,3,0,0,0,2,22,1
16,0,0,0,0,0,1,0,0,0,2,11,1
28,0,0,0,0,0,2,0,0,0,1,10,0
36,0,0,0,0,0,2,0,0,0,3,16,0
76,0,1,0,1,0,5,8,1,0,2,28,1
44,0,0,1,0,0,3,0,0,0,3,16,1
21,0,0,0,0,0,1,1,0,0,1,11,1
49,0,0,0,0,0,2,10,3,0,4,12,0
25,0,0,0,0,1,4,14,0,0,1,13,1
121,0,0,1,0,0,2,8,0,0,5,32,0
62,0,0,1,0,0,2,18,0,1,2,14,0
42,0,0,0,1,0,2,0,2,0,3,13,1
28,0,0,0,0,0,2,0,0,0,2,10,0
31,0,0,0,0,0,1,0,2,0,1,11,0
47,0,0,1,0,0,1,7,0,1,3,16,0
40,0,0,0,0,0,6,4,0,0,2,20,0
47,0,0,0,0,0,2,0,1,0,3,18,1
90,0,0,0,0,0,8,0,0,0,3,19,1
45,0,0,0,0,0,2,0,0,0,4,14,0
21,0,0,0,0,0,2,0,0,0,2,14,0
40,0,0,0,0,0,3,0,0,0,2,22,0
45,0,0,1,0,0,1,15,0,0,3,12,0
33,0,0,1,0,0,2,7,0,0,2,10,0
53,0,0,1,0,0,1,5,0,0,3,10,0
42,0,0,0,0,0,2,0,0,0,2,25,0
54,0,0,1,0,0,1,15,0,0,1,20,1
35,0,0,0,0,0,2,0,1,0,2,16,0
46,0,0,1,0,0,2,0,0,0,3,15,0
32,0,0,0,0,0,2,0,0,0,2,21,0
41,0,0,0,0,0,1,0,1,0,3,18,0
15,0,0,0,0,0,1,0,0,0,1,14,0
143,0,0,1,1,0,9,26,0,0,6,17,1
33,0,0,0,0,0,1,0,0,0,3,18,1
28,0,0,0,0,0,3,0,0,0,1,17,0
75,0,0,0,0,0,2,3,4,0,3,16,0
37,0,0,0,0,0,1,3,0,0,4,6,0
31,0,0,0,0,0,1,1,2,0,1,11,0
46,0,0,1,0,0,2,0,0,0,2,22,0
48,0,0,1,0,0,2,3,0,0,2,27,0
155,0,0,0,0,0,3,12,17,0,2,32,1
31,0,0,0,0,0,1,3,2,0,1,11,0
52,0,0,0,0,0,2,6,3,0,2,8,0
25,0,0,0,0,0,1,0,0,0,2,19,1
54,0,0,1,0,0,1,0,1,0,4,10,0
47,0,0,0,0,0,2,0,0,0,3,14,0
47,0,0,0,0,0,3,3,3,0,2,17,1
22,0,0,0,0,0,1,0,0,0,1,21,1
158,0,0,1,1,0,5,42,8,0,3,19,1
75,0,0,1,0,0,2,0,0,0,6,19,1
106,0,0,0,0,0,2,5,6,0,2,23,1
52,0,0,1,0,0,1,6,0,0,3,10,0
27,0,0,0,0,0,1,2,0,0,2,19,0
24,0,0,0,0,0,1,2,0,0,4,12,1
25,0,0,0,0,0,1,0,0,0,3,10,1
99,0,0,1,0,0,3,9,0,0,1,14,0
61,0,0,0,0,0,2,0,0,0,3,21,0
44,0,0,0,0,0,3,0,0,0,3,20,0
67,0,0,1,0,0,2,1,2,0,4,11,1
21,0,0,0,0,0,1,0,0,0,3,9,0
41,0,0,0,0,0,2,4,4,0,1,8,0
60,0,0,1,0,0,1,6,0,0,4,9,0
25,0,0,0,0,0,2,1,0,0,1,19,1
18,0,0,0,0,0,1,0,0,0,1,12,0
74,0,0,1,0,0,1,6,2,0,3,20,1
21,0,0,0,0,0,1,2,0,0,1,13,1
11,0,0,0,0,0,1,4,0,0,0,11,1
37,0,0,0,0,0,2,0,0,0,3,16,1
52,0,0,0,0,1,3,31,0,0,2,12,1
46,0,0,0,0,0,3,1,0,1,2,20,0
49,0,0,0,0,0,2,6,0,0,2,18,1
64,0,0,1,0,0,3,2,0,0,4,26,1
95,0,0,0,0,0,1,11,7,0,5,11,0
50,0,0,0,0,0,4,4,0,0,2,31,0
47,0,0,0,0,0,2,8,4,0,2,16,0
92,0,0,1,0,0,2,8,0,0,5,11,0
133,0,0,0,1,0,3,0,0,1,12,15,1
55,0,0,1,1,0,3,0,2,0,3,14,1
32,0,0,0,0,0,2,0,0,0,2,22,0
231,0,0,0,1,0,18,65,0,0,2,197,1
38,0,0,0,0,0,2,9,0,0,2,22,0
32,0,0,0,0,0,2,2,0,0,3,15,0
153,0,0,1,1,0,7,42,0,1,3,129,1
47,0,0,0,0,0,3,5,0,0,3,30,1
20,0,0,0,0,0,2,2,0,0,2,12,1
54,0,0,0,0,0,1,7,2,0,3,13,0
42,0,0,0,0,0,3,5,2,0,1,20,0
62,0,0,1,0,0,2,6,0,0,3,12,0
114,0,0,1,0,0,1,16,0,0,3,11,0
38,0,0,1,0,0,1,0,0,0,3,22,1
27,0,0,1,0,0,2,2,0,1,1,26,0
72,0,0,0,0,0,2,24,0,0,6,14,1
163,0,0,0,1,0,3,15,0,0,6,18,1
72,0,0,1,0,0,1,6,7,0,2,12,0
85,0,0,1,1,0,5,4,2,0,7,13,1
40,0,0,1,0,0,1,8,0,0,3,18,1
25,0,0,0,0,0,2,0,0,0,2,19,0
29,0,0,0,0,0,3,0,0,0,1,18,1
276,0,0,1,0,0,13,51,21,0,8,13,1
20,0,0,0,0,0,2,0,0,0,1,16,0
14,0,0,0,0,0,2,1,0,0,1,12,1
46,0,0,0,0,0,3,0,0,0,3,19,0
50,0,0,0,0,0,1,0,2,0,2,21,0
147,0,0,1,1,0,10,41,0,0,2,113,1
24,0,0,0,0,0,2,0,0,1,1,23,0
19,0,0,1,0,0,1,0,0,0,1,18,0
27,0,0,0,1,1,3,12,0,0,1,15,1
37,0,0,0,0,0,2,10,2,0,1,11,0
176,0,0,1,1,0,15,94,0,0,1,175,1
25,0,0,0,0,0,1,0,0,0,2,11,0
238,0,0,0,1,0,3,43,1,0,4,31,1
17,0,0,0,0,0,1,0,0,0,1,16,0
68,0,0,0,0,0,2,5,6,0,2,20,0
55,0,0,0,0,1,3,28,0,0,3,14,1
53,0,0,1,0,0,3,0,0,0,4,17,1
73,0,0,1,0,0,3,0,1,0,7,19,1
52,0,0,1,0,0,2,4,0,0,3,22,1
48,0,0,0,0,0,2,9,2,0,2,12,0
194,0,0,0,1,0,2,68,7,0,2,15,1
27,0,0,0,0,0,1,3,0,0,3,17,1
86,0,0,1,1,0,12,0,0,0,1,85,1
21,0,0,1,0,0,1,6,0,0,2,11,0
37,0,0,0,0,0,2,0,0,0,2,19,0
33,0,0,0,0,0,1,0,0,0,3,21,0
28,0,0,0,0,0,1,0,0,0,1,27,0
33,0,0,0,0,0,3,0,0,0,3,14,0
23,0,0,0,0,0,1,0,0,0,3,17,0
102,0,0,1,1,0,5,2,4,0,7,9,1
26,0,0,0,0,0,4,2,0,0,1,14,0
30,0,0,1,0,0,3,0,0,0,1,19,1
25,0,0,0,0,0,1,3,0,0,3,12,0
58,0,0,0,0,0,2,0,4,0,2,15,0
40,0,0,1,0,0,1,1,0,0,4,9,0
36,0,0,0,0,0,3,0,0,0,3,17,0
47,0,0,0,1,0,2,2,3,0,4,19,1
54,0,0,0,0,0,2,0,2,0,2,16,0
38,0,0,0,0,0,3,0,0,0,3,21,0
51,0,0,1,0,0,2,4,0,0,5,6,0
24,0,0,0,0,0,3,0,0,0,1,23,0
68,0,0,1,1,0,3,6,0,0,3,22,1
30,0,0,0,1,0,1,3,0,0,4,9,1
21,0,0,0,0,0,1,0,0,0,1,20,0
43,0,0,1,0,0,1,9,0,0,3,12,0
22,0,0,0,0,0,1,0,0,0,1,10,0
27,0,0,0,0,0,2,1,0,0,1,17,0
54,0,0,0,0,0,5,2,0,0,4,15,1
52,0,0,1,1,0,2,0,0,1,2,17,1
60,0,0,0,1,0,2,4,2,0,4,24,1
21,0,0,0,0,0,3,0,0,0,1,14,0
102,0,0,0,0,0,2,18,0,0,8,19,1
35,0,0,0,0,0,1,0,1,0,3,12,0
55,0,0,1,0,0,2,3,0,0,3,12,0
29,0,0,0,0,0,3,0,0,0,1,19,0
107,0,0,0,1,0,8,0,3,1,6,33,1
46,0,0,0,0,0,2,4,1,0,2,20,0
248,0,0,0,1,0,3,85,5,0,8,21,1
21,0,0,0,0,0,2,0,0,0,1,14,1
25,0,0,0,0,0,3,0,0,0,1,24,1
30,0,0,1,0,0,2,0,0,0,2,19,1
50,0,0,0,0,0,5,1,0,1,3,19,1
22,0,0,0,0,0,2,0,0,0,1,21,0
20,0,0,0,0,0,3,0,0,0,1,19,1
43,0,0,0,0,0,2,3,2,0,3,9,0
23,0,0,0,0,0,1,0,0,0,1,22,0
28,0,0,1,0,0,2,0,0,0,2,16,0
27,0,0,0,0,0,1,0,0,0,3,14,1
19,0,0,0,0,1,3,11,0,0,2,14,1
66,0,0,1,1,0,3,4,2,0,3,19,1
60,0,0,1,0,0,1,0,0,0,2,15,0
37,0,0,0,0,0,1,0,0,0,2,9,0
54,0,0,1,0,0,3,4,0,0,3,16,0
41,0,0,1,0,0,1,0,0,0,3,9,0
158,0,0,1,1,0,11,45,0,0,1,157,1
31,0,0,0,0,0,1,2,3,0,1,11,0
29,0,0,0,0,0,2,0,0,0,4,16,1
62,0,0,1,0,0,2,8,1,0,2,15,1
22,0,0,0,0,0,2,1,0,0,2,9,1
38,0,0,1,0,0,2,2,0,0,2,18,1
20,0,0,0,0,0,3,0,0,0,1,19,1
102,0,0,0,1,0,5,3,0,0,7,13,1
85,0,0,0,0,0,2,0,0,0,8,13,1
258,0,0,1,1,0,10,111,5,0,4,83,1
44,0,0,0,0,0,2,5,0,0,3,17,1
39,0,0,1,0,0,2,0,1,0,1,18,0
48,0,0,0,1,0,1,0,0,0,4,22,1
40,0,0,0,0,0,2,0,2,0,2,10,0
40,0,0,0,0,0,2,0,0,0,3,19,1
19,0,0,0,0,0,2,0,0,0,1,18,1
41,0,0,0,0,0,2,11,0,0,3,11,0
27,0,0,0,0,0,2,15,1,0,2,13,1
60,0,0,0,0,0,2,1,0,0,4,27,1
17,0,0,0,0,0,1,0,0,0,1,16,0
35,0,0,0,0,0,2,0,0,0,1,34,0
30,0,0,0,0,0,1,5,0,0,2,24,0
37,0,0,0,0,0,3,1,0,0,2,11,0
41,0,0,1,0,0,1,8,1,0,2,17,0
49,0,0,1,0,0,3,6,0,0,5,21,1
55,0,0,0,0,0,5,8,3,0,4,14,1
50,0,0,1,0,0,2,0,0,0,3,21,1
32,0,0,0,0,0,1,0,0,0,2,21,0
24,0,0,0,0,0,1,5,0,0,2,12,0
48,0,0,1,1,0,2,0,0,0,3,18,1
15,0,0,0,0,0,1,0,0,0,0,15,1
32,0,0,1,0,0,1,2,0,0,3,9,0
29,0,0,0,0,0,1,11,0,0,3,8,0
23,0,0,0,0,0,1,7,0,0,3,7,0
22,0,0,0,0,0,1,3,0,0,3,10,0
31,0,0,0,0,0,3,0,0,0,2,16,1
41,0,0,1,0,0,1,0,1,0,4,14,1
51,0,0,1,0,0,2,0,2,0,2,22,0
25,0,0,0,0,0,1,7,0,0,3,8,0
50,0,0,0,0,0,2,0,3,0,2,19,0
33,0,0,0,0,0,1,0,0,0,4,22,1
35,0,0,0,0,0,4,1,0,0,1,20,1
172,0,0,0,0,0,3,33,3,0,7,15,1
101,0,0,0,1,0,4,3,7,0,4,10,1
63,0,0,1,0,0,2,10,0,0,3,17,0
30,0,0,0,0,0,2,0,0,0,2,12,1
174,0,0,1,1,0,10,52,0,0,5,19,1
148,0,0,0,0,0,1,60,1,0,6,23,1
64,0,0,0,0,0,6,0,0,0,3,25,1
63,0,0,1,0,0,3,4,2,0,4,16,1
37,0,0,0,0,0,1,0,0,0,4,8,0
119,0,0,1,1,0,10,20,0,0,2,85,1
67,0,0,0,0,0,2,8,4,0,1,27,0
54,0,0,1,0,0,4,5,0,1,2,22,1
126,0,0,0,0,0,4,18,5,0,2,55,1
202,0,1,0,1,0,8,5,10,0,11,8,1
56,0,0,1,1,0,1,8,0,0,4,16,0
54,0,0,0,0,0,2,0,2,0,2,22,0
45,0,0,1,0,0,2,1,0,0,3,12,0
43,0,0,1,0,0,3,0,2,0,3,14,1
64,0,0,1,0,0,2,0,0,0,6,15,1
28,0,0,0,0,0,1,0,0,0,3,13,1
39,0,0,0,1,0,2,0,0,0,2,16,1
19,0,0,0,0,0,1,4,0,0,1,12,1
104,0,0,1,0,0,3,1,5,0,7,14,1
37,0,0,1,0,0,2,0,0,0,1,18,0
73,0,0,1,0,0,1,13,0,0,4,17,0
31,0,0,0,0,0,2,3,0,0,1,14,0
18,0,0,0,0,0,1,0,0,0,1,17,1
34,0,0,0,0,0,2,1,0,0,2,10,0
37,0,0,0,0,0,2,2,0,0,3,24,1
34,0,0,0,0,0,2,0,1,0,2,20,0
24,0,0,0,0,0,1,0,0,0,2,18,1
160,0,0,1,1,0,7,31,0,0,2,22,1
42,0,0,0,0,0,4,14,2,0,1,10,0
35,0,0,0,0,0,1,3,2,0,3,18,0
53,0,0,0,0,0,3,8,3,1,1,29,0
22,0,0,0,0,0,1,4,0,0,1,13,1
70,0,0,0,0,0,3,14,1,0,2,17,1
34,0,0,0,0,0,2,2,0,0,1,26,1
17,0,0,0,0,0,1,3,0,0,1,10,1
47,0,0,0,0,0,2,0,3,0,2,10,0
24,0,0,0,0,0,1,4,2,0,1,16,0
33,0,0,0,0,0,1,4,0,0,1,18,1
183,0,0,1,0,0,6,44,7,0,1,91,1
36,0,0,0,0,0,2,5,2,0,1,10,0
40,0,0,1,0,0,3,0,0,0,2,22,1
37,0,0,1,0,0,2,0,0,0,1,17,0
34,0,0,0,0,0,2,1,0,0,2,19,1
15,0,0,0,0,0,1,0,0,0,1,14,0
31,0,0,1,0,0,1,0,0,0,3,10,0
121,0,0,0,0,0,2,41,0,0,8,12,1
65,0,0,1,0,0,2,9,0,0,8,17,1
19,0,0,0,0,0,1,0,0,0,1,11,0
78,0,0,0,1,0,2,19,0,0,7,20,1
11,0,0,0,0,0,2,0,0,0,1,10,0
49,0,0,1,0,0,2,2,0,0,3,15,0
73,0,0,1,0,0,1,20,0,0,5,16,1
207,0,0,1,0,0,2,9,0,0,2,14,0
27,0,0,0,0,0,1,7,0,0,3,8,0
18,0,0,0,0,0,2,0,0,0,1,17,0
99,0,0,1,0,0,3,9,0,0,1,14,0
42,0,0,0,0,0,2,2,0,0,1,35,1
20,0,0,0,0,0,1,1,0,1,2,11,1
30,0,0,0,0,0,2,0,0,0,3,8,1
104,0,0,1,1,0,7,2,5,0,8,15,1
16,0,0,0,0,0,2,1,0,0,2,10,0
112,0,0,0,0,0,2,28,4,0,2,11,1
29,0,0,1,0,0,1,0,0,0,2,7,0
27,0,0,0,0,0,1,0,0,0,1,18,0
29,0,0,1,0,0,1,4,0,0,3,14,1
19,0,0,0,0,0,1,0,0,0,1,18,0
33,0,0,0,0,0,2,4,0,0,2,13,1
28,0,0,0,0,0,2,0,0,1,2,22,0
40,0,0,0,0,0,2,1,3,0,2,11,0
181,0,0,1,0,0,1,14,3,0,1,11,1
57,0,0,0,0,0,2,2,5,0,1,17,0
19,0,0,0,0,0,2,0,0,0,1,18,1
35,0,0,1,0,0,1,5,0,0,5,12,0
28,0,0,0,0,0,1,0,0,0,4,12,1
18,0,0,0,0,0,1,1,0,0,1,12,1
40,0,0,0,0,0,2,0,2,0,2,16,0
54,0,0,1,0,0,2,4,0,0,2,17,0
26,0,0,0,1,0,1,0,0,0,2,11,1
19,0,0,0,0,0,2,0,2,0,1,11,0
25,0,0,1,0,0,1,0,0,0,1,10,0
29,0,0,0,0,0,1,0,2,0,1,15,0
155,0,0,1,1,0,5,41,7,0,3,19,1
54,0,0,1,1,0,8,0,0,0,1,43,1
184,0,0,1,1,0,2,8,12,0,7,7,1
57,0,0,1,1,0,2,8,0,0,1,15,0
50,0,0,1,0,0,1,3,0,0,5,12,0
25,0,0,1,0,0,2,5,0,0,1,11,1
56,0,0,0,0,0,2,0,5,0,2,16,0
89,0,0,1,1,0,4,27,2,0,3,16,1
124,0,0,1,1,0,6,8,11,0,5,17,1
72,0,0,0,0,0,5,1,0,0,2,41,0
49,0,0,1,0,0,1,4,2,0,2,15,0
124,0,0,1,0,0,5,67,2,0,2,15,1
148,0,0,1,1,0,4,37,0,0,3,18,1
88,0,0,0,0,0,1,0,6,0,3,15,0
35,0,0,1,0,0,1,10,0,0,3,11,0
34,0,0,0,0,0,1,23,0,0,3,8,1
22,0,0,0,0,0,1,0,0,0,1,21,0
24,0,0,0,0,0,1,0,0,0,1,17,1
59,0,0,0,0,0,2,5,5,0,3,13,0
15,0,0,0,0,0,1,6,0,0,1,8,1
156,0,0,0,0,0,4,76,0,0,5,25,1
27,0,0,0,0,0,1,1,0,0,3,16,1
18,0,0,0,0,1,3,14,0,0,0,18,1
45,0,0,0,0,0,3,0,0,0,4,22,1
90,0,0,1,0,0,2,7,4,0,2,12,1
41,0,0,0,0,0,1,7,2,0,3,13,0
27,0,0,0,0,0,1,7,0,0,3,8,0
14,0,0,0,0,0,1,0,0,0,1,13,0
20,0,0,0,0,0,1,0,0,0,1,19,1
36,0,0,0,0,0,5,4,0,0,1,23,1
13,0,0,0,0,0,2,0,0,0,1,12,0
92,0,0,0,0,0,2,5,0,0,3,18,1
78,0,0,0,1,0,3,0,0,0,4,28,1
19,0,0,0,0,0,2,0,0,0,1,18,1
54,0,0,0,0,0,4,0,0,0,4,21,1
30,0,0,0,0,0,3,4,0,0,1,29,1
70,0,0,0,0,0,3,0,0,0,5,12,0
19,0,0,0,0,0,2,0,0,0,2,13,0
31,0,0,0,0,0,2,0,0,0,3,11,1
104,0,0,1,1,0,2,31,5,0,3,19,1
13,0,0,0,0,0,2,0,0,0,0,13,1
40,0,0,0,0,0,3,0,0,0,3,14,0
91,0,0,0,0,0,5,1,0,0,3,24,1
35,0,0,0,0,0,1,0,0,0,3,9,0
32,0,0,0,0,0,2,0,1,0,2,16,0
44,0,0,0,0,0,3,2,0,0,4,15,0
112,0,0,1,0,0,2,14,0,0,3,17,0
58,0,0,1,0,0,2,8,3,0,3,16,0
80,0,0,0,0,0,2,26,0,0,2,31,1
25,0,0,0,0,0,1,3,0,0,2,13,0
38,0,0,0,0,0,2,5,2,0,1,16,0
82,0,0,0,0,0,1,0,6,0,6,12,0
29,0,0,0,1,1,4,10,0,0,2,13,1
37,0,0,0,0,0,1,0,1,0,3,12,0
29,0,0,0,0,0,3,0,0,0,3,14,1
73,0,0,1,0,0,2,27,0,0,2,32,1
16,0,0,0,1,0,2,0,0,0,1,15,1
102,0,0,1,1,0,2,0,9,0,3,14,1
60,0,0,0,0,0,1,20,0,0,4,18,1
25,0,0,0,0,0,2,1,0,0,1,16,1
39,0,0,0,1,0,4,3,0,0,2,17,1
44,0,0,1,0,0,4,0,0,0,3,19,1
36,0,0,0,0,0,1,0,1,0,2,21,0
46,0,0,1,0,0,1,5,0,0,1,9,0
36,0,0,0,0,0,1,0,0,0,2,13,1
54,0,0,1,0,0,2,0,0,0,4,18,1
194,0,0,0,1,0,24,37,0,0,2,160,1
52,0,0,0,0,0,2,0,4,0,2,17,0
72,0,0,0,0,0,2,0,0,0,5,32,1
23,0,0,0,0,0,1,0,0,0,1,22,0
24,0,0,0,0,0,1,4,0,0,3,13,1
248,0,0,1,1,0,12,93,1,0,4,121,1
31,0,0,1,0,0,3,0,0,0,1,30,1
57,0,0,1,0,0,2,0,0,0,1,14,0
24,0,0,0,0,1,4,12,0,0,1,13,1
124,0,0,1,1,0,7,8,11,0,5,18,1
30,0,0,0,0,0,1,0,0,0,3,16,1
54,0,0,1,0,0,3,6,0,1,3,25,0
39,0,0,0,0,0,2,0,1,0,3,9,0
14,0,0,0,0,0,1,0,1,0,2,6,1
36,0,0,0,0,0,1,0,0,0,3,10,0
27,0,0,0,0,0,2,0,0,0,1,12,0
104,0,0,1,0,0,1,41,0,0,4,22,1
33,0,0,0,0,0,2,1,0,0,2,13,1
44,0,0,0,0,0,3,0,0,0,2,27,0
31,0,0,0,0,0,1,0,3,0,1,11,0
28,0,0,0,0,0,2,0,0,1,1,27,0
32,0,0,1,0,0,2,6,0,0,1,23,1
39,0,0,0,0,0,2,0,0,0,4,17,1
32,0,0,0,0,0,2,0,0,0,1,23,0
59,0,0,0,0,0,3,0,0,0,6,15,1
33,0,0,1,0,0,2,0,0,0,2,20,0
64,0,0,1,1,0,2,0,2,0,6,12,1
78,0,0,0,0,0,3,0,0,0,4,24,1
117,0,0,1,0,0,1,8,0,0,5,19,0
99,0,0,0,0,0,6,7,3,0,6,19,1
30,0,0,0,0,0,1,0,3,0,1,6,1
61,0,0,0,0,0,1,22,0,0,3,18,1
24,0,0,0,0,0,2,0,0,0,1,23,0
51,0,0,0,0,0,3,2,0,1,4,16,0
66,0,0,1,0,0,1,12,0,0,3,12,0
33,0,0,1,0,0,2,4,0,0,1,15,0
188,0,0,1,1,0,2,39,7,0,11,14,1
42,0,0,0,0,0,2,0,0,0,3,28,1
40,0,0,0,0,0,3,0,0,0,2,22,0
53,0,0,1,0,0,2,0,0,0,3,26,1
20,0,0,0,0,0,1,3,0,0,1,12,1
31,0,0,0,0,0,1,10,1,0,1,12,0
37,0,0,1,0,0,2,0,0,0,3,21,0
15,0,0,0,0,0,1,0,0,0,2,8,0
57,0,0,1,0,0,1,10,0,0,3,10,0
35,0,0,0,0,0,3,0,0,0,1,15,0
33,0,0,0,0,0,4,1,2,0,1,17,0
79,0,0,0,0,0,2,6,2,0,2,15,1
55,0,0,0,0,0,1,23,0,0,4,13,1
74,0,0,1,0,0,1,16,0,0,5,13,1
12,0,0,0,0,0,1,0,0,0,1,11,1
112,0,0,0,0,0,2,28,4,0,2,11,1
30,0,0,1,0,0,2,0,0,1,1,29,0
60,0,0,1,0,0,4,2,0,0,2,32,1
71,0,0,0,1,0,6,1,3,0,8,12,1
21,0,0,0,0,0,2,2,0,0,1,20,0
58,0,0,0,0,0,3,8,3,1,1,34,0
21,0,0,1,0,0,1,0,0,0,2,14,1
40,0,0,1,0,0,2,0,0,0,3,16,1
74,0,0,0,0,0,1,23,0,0,3,25,1
55,0,0,1,0,0,5,0,0,0,2,10,1
32,0,0,0,0,0,2,0,2,0,1,16,0
41,0,0,1,0,0,4,1,1,0,1,25,0
37,0,0,1,0,0,2,11,0,0,1,15,0
29,0,0,0,0,0,1,0,0,1,2,17,0
77,0,0,1,0,0,3,2,1,0,8,15,1
68,0,0,1,0,0,1,4,0,0,4,16,0
21,0,0,0,0,0,2,0,0,0,1,20,0
42,0,0,1,0,0,2,10,0,0,3,15,1
36,0,0,1,0,0,2,0,0,0,2,16,0
75,0,0,0,0,0,3,0,0,0,4,39,1
31,0,0,0,0,0,2,0,1,0,1,14,0
27,0,0,0,0,0,3,0,0,0,2,14,1
40,0,0,0,0,0,2,0,0,0,3,23,0
33,0,0,0,0,0,1,0,0,0,1,32,0
24,0,0,0,0,0,3,0,0,0,1,12,1
31,0,0,0,0,0,1,1,2,0,1,11,0
39,0,0,0,0,0,2,0,0,0,3,17,0
24,0,0,0,0,0,1,0,1,0,1,6,0
23,0,0,0,0,0,1,0,0,0,1,22,0
61,0,0,0,0,0,2,7,0,0,5,16,1
19,0,0,0,0,0,1,0,0,0,1,13,1
50,0,0,1,0,0,4,1,2,0,5,16,1
118,0,0,1,0,0,1,8,0,0,6,10,0
43,0,0,0,0,0,3,0,2,0,1,15,0
46,0,0,0,0,0,2,0,0,1,3,18,0
31,0,0,0,0,0,1,1,2,0,1,11,0
74,0,0,1,0,0,1,25,2,0,3,15,1
34,0,0,1,0,0,1,0,0,0,2,11,0
76,0,0,1,0,0,1,25,1,0,3,27,1
220,0,0,1,0,0,3,78,5,0,5,14,1
21,0,0,1,0,0,2,2,0,0,0,21,1
40,0,0,0,0,0,2,5,1,0,5,11,0
54,0,0,0,0,1,3,29,0,0,3,13,1
37,0,0,0,0,0,2,1,0,0,2,21,1
44,0,0,0,0,0,4,4,0,0,4,22,0
16,0,0,0,0,0,1,0,0,0,1,15,0
36,0,0,1,0,0,2,0,0,1,3,24,0
31,0,0,0,0,0,2,4,0,0,1,21,1
63,0,0,1,0,0,3,0,0,0,5,20,1
125,0,0,0,0,0,2,0,13,0,2,15,0
55,0,0,1,0,0,1,3,0,0,3,10,0
29,0,0,0,0,0,2,2,0,0,2,11,1
202,0,0,1,1,0,11,90,0,0,3,167,1
94,0,0,0,0,0,5,6,3,0,2,23,1
36,0,0,1,0,0,2,0,0,0,2,21,1
35,0,0,0,0,0,3,0,0,0,1,23,1
68,0,0,1,0,0,1,11,9,0,2,12,0
23,0,0,0,0,0,2,0,0,0,1,14,1
79,0,0,1,0,0,1,7,0,0,2,10,0
31,0,0,0,0,1,3,14,0,0,1,18,1
33,0,0,0,0,0,2,0,1,0,2,20,0
29,0,0,1,0,0,2,0,0,0,1,28,0
32,0,0,0,0,0,1,0,0,0,2,23,0
66,0,0,0,0,0,2,0,1,0,6,11,1
29,0,0,1,0,0,1,0,0,0,2,11,0
67,0,0,1,0,0,3,5,0,0,6,29,0
27,0,0,0,0,0,1,0,0,0,2,12,0
74,0,0,1,1,0,1,22,1,1,4,17,1
61,0,0,1,0,0,2,0,0,0,5,13,1
58,0,0,0,0,0,2,0,0,0,5,18,1
49,0,0,0,0,0,3,1,0,0,3,19,0
168,0,0,0,1,0,10,52,0,0,5,87,1
15,0,0,0,0,0,1,0,0,0,1,14,0
211,0,0,1,1,0,26,17,0,0,1,210,1
264,0,0,1,1,0,4,93,5,0,8,15,1
38,0,0,0,0,0,1,0,0,0,3,19,0
110,0,0,1,0,0,1,27,1,0,4,12,1
172,0,0,1,1,0,6,1,11,0,6,23,1
89,0,0,1,0,0,2,8,0,0,5,25,0
55,0,0,0,0,0,3,4,0,1,4,19,0
99,0,0,1,0,0,5,4,2,0,5,24,1
20,0,0,0,0,0,1,3,0,0,1,12,1
101,0,0,1,1,0,7,2,5,0,8,12,1
53,0,0,0,0,0,3,0,0,0,3,34,0
44,0,0,0,0,0,1,0,0,0,4,18,1
16,0,0,0,0,0,1,0,0,0,1,15,0
85,0,0,0,1,0,7,0,2,0,4,29,1
40,0,0,0,0,0,2,7,1,0,2,10,0
54,0,0,0,0,0,3,0,0,0,2,23,0
65,0,0,1,0,0,2,8,0,0,5,21,0
83,0,0,0,1,0,6,1,3,0,8,14,1
73,0,0,0,0,0,2,4,1,0,3,11,0
36,0,0,0,0,0,2,2,0,0,2,24,1
61,0,0,0,0,0,2,4,3,0,2,8,0
42,0,0,0,1,0,3,3,0,0,3,18,1
63,0,0,1,0,0,2,7,0,0,2,10,0
46,0,0,0,1,0,3,0,0,0,3,19,1
90,0,0,0,0,0,2,7,0,0,4,15,0
225,0,0,1,1,0,4,83,5,0,5,20,1
804,0,0,1,0,0,13,206,79,1,1,17,1
33,0,0,0,0,0,4,0,0,0,2,16,0
43,0,0,0,0,0,3,0,0,0,2,18,0
135,0,0,0,1,0,1,55,0,0,13,18,1
76,0,0,1,0,0,1,27,1,0,3,27,1
22,0,0,1,0,0,2,3,0,0,0,22,1
19,0,0,0,0,0,1,0,0,0,1,18,0
36,0,0,0,0,0,2,0,0,0,2,21,1
12,0,0,0,0,0,1,3,0,0,1,6,1
42,0,0,0,0,0,2,5,2,0,1,20,0
23,0,0,0,0,0,1,0,0,0,2,10,0
17,0,0,0,0,0,2,0,0,0,1,16,0
32,0,0,0,0,0,1,0,0,0,1,31,0
31,0,0,0,0,0,2,0,0,0,2,22,0
8,0,0,0,0,0,0,0,0,0,0,8,0
27,0,0,1,0,0,1,2,1,0,2,11,0
45,0,0,0,0,0,2,23,0,0,3,19,1
14,0,0,0,0,0,2,0,0,0,1,13,0
228,0,0,1,1,0,9,87,5,0,4,24,1
14,0,0,0,0,0,2,0,0,0,1,13,0
33,0,0,0,0,0,2,0,0,1,1,32,0
45,0,0,1,0,0,1,0,2,1,1,18,0
124,0,0,1,0,0,1,12,0,0,5,11,0
83,0,0,1,1,0,4,24,2,0,1,28,1
20,0,0,0,0,0,1,0,0,0,1,12,0
43,0,0,0,0,0,3,0,0,0,2,19,0
190,0,0,1,1,0,3,48,10,0,3,19,1
77,0,0,1,0,0,3,3,0,0,6,22,1
37,0,0,0,0,0,1,0,0,0,1,36,0
29,0,0,0,0,0,1,0,0,0,2,22,1
22,0,0,0,0,0,2,0,0,0,1,10,1
47,0,0,1,1,0,2,0,0,0,5,13,1
71,0,0,0,0,0,7,0,0,0,4,27,1
23,0,0,1,0,0,1,0,0,0,3,12,1
238,0,0,1,1,0,3,53,6,0,11,17,1
27,0,0,0,0,0,2,1,0,0,1,21,1
21,0,0,0,0,0,1,0,0,0,1,20,0
91,0,0,1,1,0,7,0,3,0,3,23,1
51,0,0,1,0,0,1,0,0,0,2,11,0
60,0,0,0,0,0,1,0,2,0,5,21,1
31,0,0,1,0,0,3,0,0,0,1,18,0
62,0,0,1,0,0,1,14,0,0,5,13,0
45,0,0,1,0,0,3,2,1,0,2,19,1
70,0,1,0,1,0,5,7,1,0,2,28,1
37,0,0,0,0,0,2,0,0,0,2,19,1
53,0,0,0,0,0,2,0,0,0,3,32,1
28,0,0,0,0,0,2,0,0,0,2,16,0
25,0,0,0,0,0,2,1,0,0,1,19,1
31,0,0,0,0,0,2,0,0,0,3,10,1
156,0,0,1,1,0,15,16,0,0,6,16,1
17,0,0,0,0,1,3,13,0,0,0,17,1
49,0,0,0,0,0,3,0,0,0,3,23,1
32,0,0,0,0,0,3,0,0,0,3,21,0
40,0,0,1,0,0,2,5,0,0,2,8,0
75,0,0,1,0,0,3,12,8,0,2,17,0
40,0,0,0,0,0,1,4,1,0,2,13,0
27,0,0,0,0,0,1,2,0,0,1,20,1
20,0,0,1,0,0,1,0,0,0,2,14,1
60,0,0,1,0,0,1,6,0,0,3,10,0
19,0,0,0,0,0,1,0,0,1,1,11,1
82,0,0,1,0,0,4,18,1,0,4,11,1
76,0,0,0,0,0,1,0,7,0,1,27,0
81,0,0,0,1,0,4,1,4,0,3,22,1
40,0,0,0,0,0,2,0,1,0,2,20,0
58,0,0,0,0,0,3,0,1,1,4,19,0
11,0,0,0,0,0,1,0,0,0,1,10,1
96,0,0,1,0,0,3,0,1,0,9,11,1
21,0,0,0,0,0,1,0,0,0,1,20,0
40,0,0,0,0,0,2,4,0,0,4,23,1
63,0,0,1,0,0,2,2,0,1,3,10,0
106,0,0,0,0,0,2,26,3,0,2,11,1
28,0,0,0,0,0,2,0,0,0,1,18,0
11,0,0,0,0,0,1,0,0,0,0,11,1
31,0,0,0,0,0,2,6,1,0,1,11,0
33,0,0,0,0,0,2,0,0,0,1,17,1
70,0,0,1,0,0,2,0,1,0,3,18,0
70,0,0,0,0,0,6,3,0,0,2,17,1
21,0,0,0,0,0,1,9,0,0,1,11,0
49,0,0,0,0,0,2,0,0,0,4,12,1
54,0,0,0,0,0,2,2,3,0,1,18,0
82,0,0,1,0,0,2,7,0,0,5,25,0
102,0,0,1,0,0,2,21,1,0,5,14,0
33,0,0,0,0,0,3,0,0,1,2,13,0
14,0,0,0,0,0,1,1,0,0,1,7,1
12,0,0,0,0,0,1,0,0,0,1,11,0
146,0,0,1,1,0,10,32,0,0,2,129,1
115,0,0,1,1,0,9,1,8,1,6,35,1
37,0,0,0,0,0,2,0,1,1,2,16,1
24,0,0,0,0,0,2,0,0,0,1,12,1
34,0,0,1,0,0,1,0,0,0,4,6,0
112,0,0,1,0,0,2,19,1,0,6,21,1
51,0,0,0,0,0,2,0,0,1,3,19,1
33,0,0,0,0,0,2,0,0,0,2,15,1
41,0,0,0,1,0,2,0,0,0,3,17,1
23,0,0,0,0,0,1,0,0,0,1,22,0
25,0,0,0,0,0,1,3,0,0,2,12,0
106,0,0,0,1,0,3,9,12,0,2,18,1
40,0,0,0,0,0,1,4,2,0,1,8,1
90,0,0,1,0,0,1,3,0,0,3,22,0
59,0,0,0,0,0,3,5,1,0,3,18,1
56,0,0,1,0,0,2,8,0,0,5,21,0
49,0,0,1,1,0,3,3,0,0,1,48,1
59,0,0,0,0,0,2,0,0,0,2,20,0
76,0,1,0,0,1,6,34,1,0,5,25,1
32,0,0,0,0,0,2,0,1,0,2,16,0
26,0,0,1,0,0,2,1,0,0,1,16,0
23,0,0,0,0,0,2,2,0,0,1,17,1
64,0,0,1,0,0,3,16,0,0,5,30,0
121,0,0,1,0,0,4,10,3,0,12,22,1
30,0,0,0,0,0,3,0,0,0,3,11,1
60,0,0,1,1,0,1,0,0,0,3,19,1
74,0,0,1,0,0,5,0,0,0,6,15,1
31,0,0,0,0,0,1,7,2,0,1,11,0
29,0,0,1,0,0,1,0,0,0,2,7,0
39,0,0,0,0,0,2,0,2,0,2,10,0
233,0,0,1,1,0,13,76,0,0,3,208,1
24,0,0,0,0,0,2,0,0,0,1,23,0
70,0,0,0,0,0,3,7,4,0,4,19,0
29,0,0,0,0,0,1,0,0,0,2,20,1
43,0,0,1,0,0,1,8,0,0,3,12,1
40,0,0,1,0,0,2,4,0,0,1,10,0
90,0,0,0,0,0,4,10,2,0,3,26,1
63,0,0,1,0,0,3,0,0,0,6,16,1
37,0,0,0,0,0,3,0,0,0,2,27,1
47,0,0,1,0,0,1,12,0,0,3,12,0
32,0,0,0,1,1,4,13,2,0,2,15,1
25,0,0,0,0,1,3,16,0,0,1,20,1
107,0,0,0,0,0,1,2,0,0,5,10,0
61,0,0,0,0,0,2,20,0,0,3,18,1
39,0,0,0,0,0,2,0,1,0,2,19,0
58,0,0,0,0,0,2,1,0,0,3,7,0
29,0,0,0,0,0,1,0,0,0,2,13,1
58,0,0,1,0,0,3,1,0,1,4,17,1
283,0,0,1,1,0,4,27,2,0,16,15,1
100,0,1,1,1,0,3,1,7,0,3,10,1
57,0,0,0,0,0,2,15,0,0,3,16,1
38,0,0,1,0,0,2,0,0,0,3,18,1
41,0,0,0,0,0,2,0,3,0,2,7,0
19,0,0,0,0,0,2,1,0,0,2,12,1
171,0,0,1,1,0,7,77,0,0,2,137,1
33,0,0,0,0,0,3,0,0,0,1,32,0
81,0,0,1,0,0,2,4,0,0,4,17,0
37,0,0,1,0,0,2,0,0,0,3,20,1
14,0,0,0,0,0,1,4,0,0,2,10,1
35,0,0,1,0,0,3,14,0,1,1,13,0
62,0,0,0,0,0,2,0,4,0,3,11,0
56,0,0,1,0,0,1,8,0,0,4,10,0
148,0,0,0,1,0,14,20,0,0,2,105,1
28,0,0,0,1,0,1,0,0,0,1,22,1
79,0,0,0,0,0,2,3,2,0,2,15,1
73,0,0,1,0,0,2,10,0,0,3,17,0
74,0,0,1,0,0,1,8,0,0,2,18,0
27,0,0,0,0,0,2,0,2,1,1,18,0
55,0,0,1,0,0,2,0,0,0,3,12,0
48,0,0,0,0,0,2,3,3,0,1,9,0
54,0,0,1,0,0,2,8,0,0,2,23,0
284,0,0,1,1,0,14,61,21,0,6,36,1
26,0,0,0,0,0,2,0,0,0,3,13,1
18,0,0,0,0,1,3,14,0,0,0,18,1
25,0,0,0,0,0,2,0,0,0,1,24,0
40,0,0,1,0,0,2,0,0,0,2,14,1
134,0,0,1,1,0,4,47,4,0,3,16,1
54,0,0,1,0,0,2,5,1,1,3,13,0
30,0,0,0,0,0,1,0,0,0,4,9,0
86,0,0,1,1,0,5,0,3,1,5,17,1
41,0,0,0,0,0,2,1,0,0,1,35,0
61,0,0,1,0,0,1,7,0,0,3,9,0
37,0,0,0,0,0,3,0,0,0,3,10,1
74,0,0,1,0,0,5,0,2,0,6,19,1
82,0,0,1,1,0,6,2,4,0,6,23,1
25,0,0,0,0,0,2,0,0,0,1,13,0
70,0,0,0,0,0,1,23,0,0,3,31,1
58,0,0,1,1,0,2,0,3,0,4,14,1
26,0,0,0,1,0,2,1,0,0,1,25,1
51,0,0,0,0,0,3,2,0,0,4,14,0
19,0,0,0,0,0,1,5,0,0,1,12,1
36,0,0,0,0,0,2,4,0,0,2,19,0
103,0,0,0,1,0,7,27,5,0,5,30,1
52,0,0,1,0,0,2,0,1,0,2,27,0
47,0,0,0,0,0,3,1,4,0,3,14,0
39,0,0,0,1,0,3,0,0,0,3,22,1
29,0,0,0,0,0,2,1,0,0,2,11,0
24,0,0,0,0,0,1,2,0,0,1,10,0
40,0,0,0,0,0,1,0,0,0,4,19,1
30,0,0,0,0,0,2,0,0,0,3,16,0
37,0,0,1,0,0,1,0,0,0,4,13,1
22,0,0,0,0,0,3,0,0,1,2,16,0
53,0,1,0,0,0,3,0,2,0,3,8,1
35,0,0,0,0,0,1,0,0,0,4,13,0
72,0,0,1,0,0,3,12,0,1,3,24,0
95,0,0,1,0,0,2,6,0,0,2,15,0
24,0,0,0,0,0,3,0,0,0,2,17,0
71,0,0,1,0,0,1,6,0,1,2,18,0
123,0,0,1,1,0,9,26,0,0,2,107,1
35,0,0,0,0,0,3,8,2,0,2,23,1
54,0,0,0,0,0,1,1,3,0,4,12,0
35,0,0,0,0,0,2,2,0,0,2,15,1
61,0,0,1,0,0,1,10,0,0,3,10,0
71,0,0,1,0,0,2,7,0,0,3,19,0
30,0,0,1,0,0,1,0,0,0,2,12,0
50,0,0,0,0,0,6,3,0,0,3,19,0
65,0,0,0,0,0,4,12,0,0,4,31,0
41,0,0,0,0,0,3,0,0,0,2,25,1
76,0,0,1,0,0,1,23,1,0,3,27,1
31,0,0,1,0,0,3,0,0,0,1,30,1
40,0,0,1,0,0,1,0,0,0,2,12,0
34,0,0,1,0,0,1,6,0,0,1,13,0
40,0,0,0,0,0,3,0,1,0,1,16,0
13,0,0,0,0,0,1,0,0,0,1,12,0
27,0,0,0,0,0,2,4,0,0,2,14,0
31,0,0,0,0,0,2,0,0,0,1,21,0
18,0,0,0,0,0,3,1,0,0,1,11,1
42,0,0,0,0,0,1,0,2,0,1,14,0
33,0,0,0,0,0,2,8,4,0,1,11,0
63,0,0,0,1,0,6,1,2,0,6,23,1
35,0,0,0,0,0,5,1,0,0,1,24,0
54,0,0,1,0,0,1,10,0,0,3,10,0
26,0,0,0,0,1,4,13,0,0,1,14,1
28,0,0,0,0,0,3,0,0,0,1,18,0
29,0,0,0,0,0,2,0,0,1,1,28,0
73,0,0,0,0,0,2,4,1,0,3,11,0
13,0,0,0,0,0,1,0,0,0,1,12,0
82,0,0,0,0,0,2,13,1,0,4,16,1
105,0,0,1,0,0,2,4,3,0,5,16,0
53,0,0,0,0,0,4,4,3,0,2,23,1
68,0,0,1,0,0,2,6,6,0,2,17,0
41,0,0,0,0,0,1,0,0,0,4,8,0
41,0,0,0,0,0,4,0,0,0,2,16,0
21,0,0,0,0,0,1,2,0,0,1,14,1
217,0,0,0,1,0,3,76,7,0,3,30,1
84,0,0,1,1,0,5,2,5,0,8,11,1
135,0,0,1,0,0,2,7,0,0,4,15,0
50,0,0,1,0,0,1,0,0,1,3,11,0
44,0,0,0,0,0,4,0,3,0,1,26,0
36,0,0,0,0,0,3,2,1,0,1,16,0
146,0,0,1,1,0,2,6,11,0,2,18,1
27,0,0,0,0,0,2,0,0,0,2,9,1
77,0,0,1,0,0,4,5,6,0,2,34,0
22,0,0,0,0,0,1,2,0,0,1,14,1
55,0,0,1,0,0,2,0,2,0,2,17,0
64,0,0,1,0,0,3,2,0,1,2,19,0
38,0,0,0,0,0,2,0,1,0,2,16,0
62,0,0,0,0,0,3,0,2,0,5,21,1
37,0,0,0,0,0,1,3,3,1,3,11,0
65,0,0,0,0,0,2,5,0,0,3,49,1
31,0,0,0,0,0,1,3,2,0,1,11,0
155,0,0,1,1,0,5,36,7,0,3,19,1
47,0,0,1,0,0,2,5,0,0,4,12,1
65,0,0,0,0,0,2,0,0,0,3,20,0
32,0,0,0,0,0,2,0,0,0,2,14,0
32,0,0,0,0,0,3,0,0,0,1,21,1
45,0,0,1,0,0,3,0,0,0,3,26,0
39,0,0,0,0,0,1,0,1,0,3,22,0
36,0,0,0,0,0,1,0,0,0,3,15,0
54,0,0,1,0,0,3,0,0,1,4,16,1
33,0,0,0,0,0,3,0,0,0,4,13,0
18,0,0,0,0,0,1,0,0,0,1,17,0
62,0,0,0,0,0,5,2,0,0,2,28,1
39,0,0,1,0,0,3,0,0,0,1,25,0
50,0,0,0,0,0,2,5,2,0,2,18,0
74,0,0,1,0,0,1,12,0,0,3,11,0
139,0,0,0,1,0,12,19,0,0,1,138,1
41,0,0,0,1,0,3,0,0,0,2,21,1
33,0,0,0,0,0,2,3,0,0,3,13,1
26,0,0,0,0,0,1,0,0,0,2,9,0
27,0,0,1,0,0,2,0,0,0,1,15,1
44,0,0,0,0,0,3,0,2,0,2,19,0
34,0,0,0,0,0,3,4,2,0,1,19,1
40,0,0,0,0,0,2,3,0,0,2,14,1
8,0,0,0,0,0,1,0,0,0,1,7,0
60,0,0,1,0,0,3,0,3,0,5,10,0
34,0,0,0,0,0,1,0,0,0,2,11,1
84,0,0,0,0,0,1,24,0,0,4,20,1
56,0,0,0,0,0,4,6,0,0,4,18,0
40,0,0,1,0,0,1,0,0,0,3,15,0
158,0,0,1,1,0,5,30,8,0,3,19,1
123,0,0,1,1,0,8,1,8,1,6,35,1
78,0,0,0,0,0,1,18,0,0,7,14,1
37,0,0,0,0,0,2,0,0,0,1,18,0
69,0,0,1,0,0,2,4,4,0,1,8,0
345,0,0,1,1,0,3,44,9,0,3,45,1
16,0,0,0,0,0,2,0,0,0,0,16,1
28,0,0,0,0,0,1,0,0,0,1,11,0
29,0,0,1,0,0,1,4,0,0,3,9,0
173,0,0,1,1,0,10,27,9,0,5,25,1
29,0,0,0,0,0,1,0,0,0,3,20,1
30,0,0,0,0,0,1,12,0,0,4,8,0
55,0,0,1,0,0,1,4,0,0,3,10,0
63,0,0,0,1,0,3,0,0,0,4,25,1
45,0,0,1,0,0,3,1,0,0,3,19,1
22,0,0,1,0,0,2,1,0,0,1,11,1
42,0,0,1,0,0,1,0,0,0,3,12,0
12,0,0,0,0,0,1,1,0,0,0,12,1
24,0,0,1,0,0,3,0,0,0,1,23,1
36,0,0,0,0,0,4,0,0,0,2,15,0
36,0,0,1,0,0,1,0,0,0,5,8,1
30,0,0,0,0,0,2,2,0,1,1,29,1
28,0,0,0,0,0,2,3,0,0,1,19,0
36,0,0,0,0,0,4,3,0,0,2,17,1
75,0,0,1,0,0,2,2,1,0,7,11,0
70,0,0,0,0,0,2,10,5,0,3,13,0
88,0,0,0,1,0,6,1,4,0,8,9,1
42,0,0,1,0,0,1,0,0,0,3,17,0
22,0,0,0,0,0,1,0,1,0,1,6,0
69,0,0,0,0,0,2,4,1,0,3,11,0
19,0,0,0,0,0,1,1,0,0,1,10,0
68,0,0,1,0,0,1,10,0,0,3,10,0
24,0,0,0,0,0,2,1,0,0,1,19,1
44,0,0,0,0,0,4,0,0,0,3,19,0
106,0,0,1,0,0,3,6,6,0,1,27,0
36,0,0,0,0,0,2,0,0,0,3,17,1
31,0,0,0,0,0,1,2,2,0,1,11,0
45,0,0,0,0,0,1,0,0,0,4,8,0
28,0,0,1,0,0,2,0,0,0,1,27,0
46,0,0,1,0,0,3,5,0,0,3,21,1
18,0,0,0,0,0,1,0,0,1,1,17,0
69,0,0,0,0,0,3,10,6,0,1,18,0
30,0,0,0,0,0,3,0,0,0,2,13,1
34,0,0,0,0,0,1,0,0,0,3,15,0
82,0,0,1,0,0,2,4,3,0,2,12,1
46,0,0,1,0,0,1,1,0,0,3,20,0
32,0,0,0,0,0,2,0,0,0,2,16,1
55,0,0,1,0,0,1,0,0,0,2,14,0
73,0,0,0,0,0,2,24,0,0,5,20,1
43,0,0,1,1,0,2,1,0,0,3,11,1
31,0,0,0,0,0,1,3,2,0,1,11,0
45,0,0,1,0,0,2,2,0,0,2,18,0
41,0,0,0,0,0,2,4,2,0,1,13,1
14,0,0,0,0,0,1,1,0,0,1,7,1
65,0,0,0,1,0,2,2,3,0,4,19,1
66,0,0,0,0,0,2,14,6,0,2,11,1
249,0,0,1,0,0,2,27,2,0,4,21,1
81,0,0,1,0,0,5,3,0,1,4,31,1
36,0,0,0,0,0,3,11,0,0,3,10,0
46,0,0,1,0,0,1,0,1,0,3,22,0
66,0,0,1,1,0,4,0,5,0,3,10,1
76,0,0,1,0,0,3,15,2,0,3,16,1
97,0,0,1,0,0,1,12,0,0,5,18,0
46,0,0,0,0,0,1,0,0,0,2,31,1
47,0,0,1,0,0,2,0,0,0,3,16,0
46,0,0,0,0,0,5,0,0,0,2,21,1
41,0,0,1,0,0,1,6,0,0,3,11,0
33,0,0,0,0,0,2,2,0,0,2,13,1
37,0,0,0,0,0,1,2,1,1,3,15,0
55,0,0,0,0,0,3,0,0,0,3,10,0
39,0,0,0,0,0,1,0,1,0,2,21,0
73,0,0,0,0,0,3,1,0,0,5,17,0
34,0,0,1,0,0,2,0,0,0,2,25,1
58,0,0,1,0,0,2,3,4,0,1,16,0
373,0,0,0,0,0,2,50,6,0,1,12,1
21,0,0,0,0,1,3,9,2,0,2,11,1
32,0,0,0,0,0,1,7,0,0,3,10,0
51,0,0,0,0,0,2,0,1,0,3,6,0
39,0,0,0,0,0,1,8,0,0,5,16,0
60,0,0,0,0,0,2,0,0,0,7,23,1
124,0,0,1,1,0,7,6,9,0,6,18,1
52,0,0,0,0,0,3,3,0,0,5,13,0
83,0,0,1,0,0,1,16,0,0,3,10,0
37,0,0,0,0,0,2,0,0,0,3,20,1
20,0,0,0,0,0,3,0,0,0,1,11,1
51,0,0,0,1,0,2,1,0,1,4,22,1
67,0,0,1,0,0,2,6,0,0,3,18,0
19,0,0,0,0,0,1,0,0,0,2,7,0
37,0,0,1,0,0,2,1,0,0,2,19,1
26,0,0,0,0,0,3,0,0,0,1,15,0
27,0,0,1,0,0,2,0,0,0,2,8,0
32,0,0,0,0,0,1,0,1,0,2,10,0
93,0,0,0,0,0,1,19,0,0,8,19,1
120,0,0,0,0,0,1,10,0,0,3,9,0
132,0,0,1,0,0,2,4,12,0,3,14,1
33,0,0,0,1,0,3,0,1,0,2,12,1
48,0,0,1,0,0,2,0,0,0,3,23,1
18,0,0,0,0,0,1,2,0,0,1,10,1
35,0,0,0,0,0,1,0,0,0,4,14,0
22,0,0,0,0,0,1,4,2,0,1,6,0
25,0,0,0,0,0,1,0,0,0,1,24,0
18,0,0,0,0,0,2,0,0,0,1,17,0
59,0,0,1,0,0,3,0,0,0,3,23,1
253,0,0,0,1,0,19,92,0,1,3,162,1
41,0,0,0,0,0,3,0,0,0,1,24,0
48,0,0,0,0,0,3,0,0,0,3,22,1
26,0,0,0,0,0,3,0,0,0,2,17,0
48,0,0,0,0,0,2,0,2,0,2,16,0
48,0,0,0,0,0,2,0,0,0,2,17,1
228,0,0,1,1,0,13,83,0,0,1,217,1
19,0,0,0,0,0,2,0,0,0,1,18,0
43,0,0,0,0,0,3,1,0,0,3,12,0
54,0,0,1,1,0,1,0,0,0,6,15,1
19,0,0,0,0,0,2,0,0,1,1,18,0
57,0,0,0,0,0,3,10,0,0,2,22,1
55,0,0,1,0,0,2,8,0,0,5,11,0
60,0,0,0,0,0,3,2,0,0,5,10,0
58,0,0,1,0,0,3,11,3,0,1,14,1
51,0,0,0,0,0,2,0,0,0,4,21,1
115,0,0,1,0,0,3,9,5,0,3,16,0
72,0,0,1,1,0,2,6,3,0,3,17,1
39,0,0,1,0,0,1,0,0,0,2,11,0
53,0,0,1,0,0,1,0,0,0,3,10,0
54,0,0,1,1,0,2,0,1,0,5,14,1
44,0,0,1,0,0,2,0,0,0,1,23,0
122,0,0,0,0,0,10,28,5,0,9,15,1
35,0,0,0,0,0,2,0,3,0,1,9,0
25,0,0,0,0,0,2,0,0,1,1,24,0
21,0,0,0,0,1,4,11,0,0,1,12,1
51,0,0,0,0,0,2,6,4,0,2,16,0
15,0,0,0,0,0,2,0,0,0,1,14,0
33,0,0,0,0,0,1,0,0,0,2,18,0
16,0,0,0,0,0,1,4,0,0,1,11,0
21,0,0,0,0,0,1,0,0,0,2,17,0
65,0,0,0,0,0,1,24,0,0,3,24,1
33,0,0,0,0,0,2,0,0,0,2,21,1
92,0,0,1,0,0,2,12,6,0,3,10,0
32,0,0,0,0,0,2,0,0,0,2,16,1
30,0,0,0,0,0,2,0,0,0,2,16,0
31,0,0,0,0,0,1,0,0,0,4,15,0
38,0,0,0,0,0,2,0,0,0,2,9,0
38,0,0,0,0,0,2,10,0,0,3,16,0
24,0,0,0,0,0,1,7,0,0,3,8,0
96,0,0,1,1,0,7,1,4,1,8,17,1
114,0,0,0,0,0,2,28,4,0,2,12,1
191,0,0,1,1,0,3,85,5,0,2,23,1
49,0,0,0,0,0,2,2,0,0,3,16,0
66,0,0,0,0,0,3,0,1,0,5,19,0
44,0,0,0,0,0,2,0,0,1,3,18,1
22,0,0,0,0,0,2,0,0,0,1,14,1
14,0,0,0,0,0,1,0,0,0,1,13,0
59,0,0,1,0,0,1,0,0,0,2,14,0
18,0,0,0,0,0,1,0,0,0,2,11,1
13,0,0,0,0,0,1,0,0,0,2,9,1
52,0,0,0,0,1,3,30,0,0,2,12,1
49,0,0,0,0,0,2,16,2,0,5,10,1
13,0,0,0,0,0,1,0,0,0,1,12,0
43,0,0,1,0,0,2,4,0,0,3,22,0
43,0,0,0,0,0,3,2,2,0,2,22,1
23,0,0,0,0,0,2,1,0,0,1,17,1
65,0,0,1,0,0,1,12,3,0,3,14,0
62,0,0,1,0,0,5,0,0,0,3,19,0
31,0,0,0,0,0,2,0,0,0,2,15,0
87,0,0,1,0,0,1,4,0,0,3,17,0
65,0,0,1,0,0,2,0,0,0,1,40,1
89,0,0,1,0,0,1,17,0,0,4,24,1
66,0,0,1,0,0,3,2,0,0,6,27,1
36,0,0,0,0,0,1,0,0,0,4,8,0
60,0,0,1,0,0,3,4,1,0,1,14,0
23,0,0,0,0,0,1,7,0,0,1,11,1
39,0,0,0,0,0,2,0,0,0,3,14,0
33,0,0,0,0,0,2,0,0,0,3,21,0
75,0,0,0,0,0,2,6,4,0,1,20,0
49,0,0,1,0,0,2,0,0,1,3,18,1
36,0,0,0,0,0,2,0,1,0,3,13,1
38,0,0,0,0,0,2,0,1,0,2,14,0
37,0,0,0,0,0,2,10,2,0,1,11,0
30,0,0,0,0,0,1,0,0,0,2,10,0
37,0,0,0,0,0,2,4,0,0,1,22,1
21,0,0,0,0,0,1,3,0,0,1,13,1
37,0,0,0,0,0,3,0,0,1,3,16,0
118,0,0,1,0,0,3,6,0,0,4,16,0
15,0,0,0,0,0,1,0,0,0,1,14,1
60,0,0,1,0,0,2,1,0,0,7,22,1
19,0,0,0,0,1,4,11,0,0,1,12,1
34,0,0,1,0,0,1,0,0,0,3,17,0
50,0,0,0,0,0,2,0,3,0,2,10,0
26,0,0,0,0,0,1,4,0,0,2,16,1
34,0,0,0,0,0,3,0,0,0,2,19,0
102,0,0,1,0,0,1,6,0,0,2,13,0
37,0,0,0,1,0,5,0,0,1,3,10,1
173,0,0,1,0,0,3,18,8,0,3,16,1
28,0,0,0,0,0,1,2,0,0,1,27,0
77,0,0,1,0,0,3,8,1,0,4,16,0
48,0,0,1,0,0,2,5,4,0,2,14,0
18,0,0,0,0,0,3,1,0,0,1,11,1
62,0,0,1,0,0,3,2,0,0,6,13,1
30,0,0,0,0,0,2,0,0,0,2,15,0
97,0,0,1,0,0,1,0,0,0,2,17,0
37,0,0,0,1,0,3,0,0,0,4,10,1
42,0,0,1,1,0,2,0,0,0,2,20,1
30,0,0,0,0,0,3,0,0,0,2,18,0
33,0,0,0,0,0,2,4,0,0,1,23,1
84,0,0,1,0,0,3,10,5,0,2,27,1
27,0,0,0,0,0,1,0,0,0,1,11,0
71,0,0,1,1,0,1,0,0,0,7,15,1
40,0,0,0,0,0,3,2,0,0,2,17,1
10,0,0,0,0,0,1,0,0,0,1,9,0
34,0,0,0,0,0,2,0,0,0,1,18,1
13,0,0,0,0,0,1,0,0,0,1,12,0
22,0,0,0,0,0,1,0,0,0,1,21,0
36,0,0,0,0,0,2,0,0,1,1,35,0
29,0,0,0,0,0,3,10,0,0,2,13,1
41,0,0,0,0,0,1,0,0,0,3,22,1
24,0,0,0,0,0,1,7,0,0,3,8,0
30,0,0,0,0,0,1,6,0,0,3,13,0
32,0,0,0,0,0,1,6,0,0,1,20,1
280,0,0,1,0,0,14,62,19,0,7,12,1
26,0,0,0,0,0,3,2,0,0,1,12,0
28,0,0,0,1,0,3,0,0,0,2,10,1
32,0,0,1,0,0,2,0,0,0,3,15,1
55,0,0,1,0,0,4,0,0,0,3,18,1
40,0,0,1,0,0,4,0,0,0,3,18,1
48,0,0,0,0,0,3,1,0,0,3,19,0
61,0,0,0,1,0,5,0,0,0,6,10,1
22,0,0,1,0,0,1,4,2,0,1,14,0
42,0,0,0,0,0,2,0,0,0,4,10,1
22,0,0,0,0,0,1,0,0,0,1,21,0
29,0,0,0,0,0,1,2,0,0,3,11,0
74,0,0,0,0,0,2,0,0,0,5,34,1
21,0,0,0,0,0,1,0,0,0,3,7,0
19,0,0,0,0,0,1,1,0,0,1,11,1
105,0,0,1,1,0,5,12,1,0,6,31,1
143,0,0,0,0,0,1,57,1,0,7,12,1
38,0,0,0,0,0,2,2,1,0,3,13,1
72,0,0,0,0,0,2,6,15,0,2,8,0
88,0,0,1,1,0,6,2,5,0,8,15,1
34,0,0,1,0,0,2,0,0,0,3,20,0
98,0,0,0,0,0,1,5,0,0,6,12,0
94,0,0,1,1,0,2,25,5,0,3,9,1
31,0,0,0,0,0,1,3,2,0,1,11,0
48,0,0,1,0,0,3,9,0,0,2,19,0
10,0,0,0,0,0,1,0,0,0,1,9,0
141,0,0,1,0,0,1,2,0,0,2,12,0
33,0,0,1,0,0,2,0,0,0,2,16,0
153,0,0,1,1,0,13,32,0,0,3,114,1
35,0,0,0,0,0,3,7,0,0,1,26,1
72,0,0,1,0,0,3,20,3,0,4,13,1
345,0,0,1,1,0,3,62,8,0,3,45,1
33,0,0,0,0,0,2,0,1,0,1,13,0
92,0,0,1,0,0,2,0,0,0,7,19,1
49,0,0,0,0,0,2,4,3,1,2,15,0
34,0,0,0,0,0,1,2,1,0,4,9,0
31,0,0,0,0,0,1,2,3,0,1,11,0
80,0,0,0,0,0,3,14,1,1,3,22,1
99,0,0,1,1,0,3,8,5,0,4,25,1
31,0,0,0,1,0,3,0,0,0,3,12,1
136,0,0,0,1,0,5,17,1,0,10,22,1
53,0,0,1,0,0,1,0,0,0,2,17,0
97,0,0,1,0,0,2,8,0,0,5,39,0
56,0,0,1,0,0,2,0,0,0,4,16,1
25,0,0,0,0,0,2,1,0,0,1,16,1
46,0,0,1,0,0,1,0,0,0,2,26,1
57,0,0,1,0,0,2,0,0,0,2,23,0
30,0,0,1,0,0,2,1,0,0,0,30,1
33,0,0,0,0,0,3,0,0,0,3,20,0
32,0,0,0,0,0,3,0,0,0,2,14,1
42,0,0,1,0,0,2,0,0,0,2,18,1
25,0,0,0,0,0,1,2,0,0,1,17,1
41,0,0,0,0,0,1,19,0,0,3,19,1
43,0,0,1,0,0,3,0,0,0,3,18,1
83,0,0,1,0,0,4,0,0,0,4,20,1
46,0,0,1,0,0,2,0,1,0,4,14,1
131,0,0,0,1,0,13,22,0,0,3,14,1
30,0,0,1,0,0,2,0,0,0,1,10,0
371,0,0,1,1,0,3,54,13,0,3,45,1
23,0,0,0,0,0,2,0,0,0,2,9,1
29,0,0,0,0,0,3,2,0,1,1,19,0
55,0,0,0,0,0,4,1,0,0,4,21,0
40,0,0,1,0,0,1,3,0,0,2,7,0
49,0,0,1,0,0,1,0,0,0,2,30,0
72,0,0,1,0,0,1,19,0,0,4,16,1
64,0,0,1,0,0,2,0,0,0,7,14,1
82,0,0,1,0,0,4,17,0,0,3,41,1
33,0,0,0,0,0,2,0,1,0,2,16,0
110,0,0,0,1,0,5,2,8,0,4,15,1
53,0,0,1,0,0,3,11,0,1,3,20,0
80,0,0,1,1,0,6,2,5,0,8,11,1
52,0,0,0,0,0,2,0,0,0,4,15,1
71,0,0,1,1,0,2,6,0,0,7,17,1
221,0,0,1,1,0,6,90,5,0,4,18,1
345,0,0,1,1,0,3,46,12,0,3,45,1
53,0,0,1,0,0,3,3,0,0,1,36,1
24,0,0,0,0,0,1,0,0,0,2,9,0
31,0,0,0,0,0,1,2,2,0,1,11,0
38,0,0,0,0,0,3,0,0,0,1,21,0
32,0,0,0,0,0,1,1,2,0,1,17,0
42,0,0,1,1,0,5,0,2,0,1,23,1
29,0,0,1,0,0,1,0,0,0,1,14,0
117,0,0,1,0,0,2,7,0,1,5,17,0
38,0,0,1,0,0,1,20,0,0,3,12,1
46,0,0,0,0,0,3,0,0,0,3,16,0
47,0,0,1,0,0,2,6,0,0,4,8,0
53,0,0,1,0,0,2,0,0,0,5,22,1
37,0,0,1,1,0,2,2,2,0,3,18,1
139,0,0,0,0,0,5,46,2,0,2,26,1
113,0,0,1,0,0,3,13,0,0,5,28,1
29,0,0,0,0,0,4,0,0,0,1,20,1
25,0,0,0,0,0,2,3,0,0,1,16,1
97,0,0,1,0,0,2,13,6,0,3,10,0
47,0,0,0,0,0,3,4,0,0,3,19,0
30,0,0,0,0,0,2,0,0,0,3,14,0
100,0,0,1,1,0,7,2,5,0,8,13,1
29,0,0,0,0,0,4,0,0,0,2,19,0
97,0,0,1,1,0,7,14,7,0,5,39,1
113,0,0,0,0,0,2,29,5,0,2,11,1
46,0,0,0,0,0,2,5,0,0,3,9,0
23,0,0,0,0,0,2,0,0,0,1,14,1
37,0,0,0,0,0,1,4,0,0,1,22,1
64,0,0,1,0,0,1,10,0,0,3,10,0
265,0,0,1,0,0,2,30,0,0,6,21,1
27,0,0,0,0,0,2,0,2,0,1,9,0
71,0,0,0,0,0,3,9,8,0,1,29,1
80,0,0,1,1,0,4,0,1,0,2,30,1
158,0,0,1,1,0,5,38,8,0,3,19,1
20,0,0,1,0,0,2,0,0,0,1,19,1
66,0,0,0,0,0,5,2,1,0,2,41,0
18,0,0,0,0,1,3,14,0,0,0,18,1
70,0,0,1,1,0,6,0,0,0,1,69,1
32,0,0,0,0,0,2,0,0,0,2,17,1
194,0,0,1,0,0,2,79,5,0,2,10,1
28,0,0,0,0,0,2,0,0,0,3,19,0
11,0,0,0,0,0,1,4,0,0,0,11,1
43,0,0,1,0,0,2,4,0,0,3,22,0
55,0,0,0,0,0,2,5,2,0,4,19,0
19,0,0,0,0,0,1,0,0,0,2,12,0
28,0,0,0,0,0,2,2,0,0,1,21,1
31,0,0,0,0,0,1,3,0,0,2,13,0
13,0,0,0,0,0,0,0,0,0,0,13,1
26,0,0,1,0,0,1,0,0,0,1,25,1
112,0,0,1,0,0,1,8,0,0,4,15,0
230,0,1,1,0,0,13,49,12,0,3,15,1
53,0,0,0,0,1,3,28,0,0,3,12,1
27,0,0,0,0,0,1,3,0,0,1,18,1
38,0,0,0,0,0,2,0,0,0,2,19,1
24,0,0,0,0,0,1,2,0,0,1,17,1
47,0,0,0,0,0,2,6,4,0,1,14,0
93,0,0,1,1,0,6,2,5,0,8,11,1
16,0,0,0,0,0,1,0,1,0,1,13,1
86,0,0,1,0,0,4,6,1,0,13,18,1
26,0,0,1,0,0,1,0,0,0,3,16,0
14,0,0,0,0,0,2,0,0,0,1,13,0
41,0,0,1,0,0,1,0,0,0,2,8,0
31,0,0,0,0,0,1,1,2,0,1,11,0
36,0,0,0,0,0,2,0,1,0,2,16,0
62,0,0,0,0,0,2,3,3,0,5,9,0
202,0,0,0,0,0,3,6,20,0,1,40,1
227,0,0,1,1,0,3,101,5,0,2,30,1
75,0,0,1,0,0,3,0,0,1,4,20,0
52,0,0,0,0,0,2,4,4,0,2,16,0
23,0,0,0,0,0,1,0,0,0,1,11,0
89,0,1,1,0,0,3,2,2,0,2,17,1
87,0,0,0,1,0,2,19,3,0,3,18,1
59,0,0,0,0,0,1,1,7,0,1,8,0
49,0,0,1,0,0,1,6,0,0,3,11,0
26,0,0,0,0,0,1,0,0,0,1,25,0
40,0,0,0,0,0,2,4,3,0,2,13,0
42,0,0,1,0,0,1,5,1,0,3,16,0
24,0,0,0,0,0,1,7,0,0,3,8,0
47,0,0,1,0,0,2,0,0,0,4,13,1
21,0,0,0,0,0,1,3,0,0,1,12,1
31,0,0,0,0,0,1,1,2,0,1,11,0
38,0,0,0,0,0,2,8,0,0,3,14,0
30,0,0,1,0,0,1,1,0,0,3,9,0
54,0,0,1,0,0,1,6,0,0,3,18,0
52,0,0,1,0,0,1,2,5,0,1,17,0
17,0,0,0,0,0,2,1,0,0,1,16,1
34,0,0,0,0,0,1,0,1,0,3,16,0
70,0,0,0,0,0,5,5,1,0,3,41,0
85,0,0,1,0,0,1,20,0,0,7,14,1
28,0,0,0,0,1,4,13,0,0,1,17,1
40,0,0,1,0,0,2,0,0,1,3,23,0
27,0,0,0,0,0,2,1,0,0,1,21,1
52,0,0,0,0,0,2,1,3,1,2,19,0
35,0,0,0,0,0,1,2,0,0,3,9,0
92,0,0,1,0,0,1,8,0,0,5,17,0
34,0,0,0,0,0,2,0,0,0,2,20,1
37,0,0,1,0,0,3,0,0,0,4,8,0
32,0,0,0,0,0,2,4,0,0,1,31,0
107,0,0,1,0,0,2,5,2,0,6,14,0
27,0,0,0,0,0,1,0,0,0,2,20,1
27,0,0,0,0,0,2,1,0,0,2,9,1
53,0,0,1,0,0,3,1,2,0,3,16,1
41,0,0,0,0,0,2,0,1,0,2,20,1
78,0,0,0,0,0,1,0,3,0,6,18,1
21,0,0,1,0,0,2,0,0,0,1,9,1
43,0,0,1,0,0,1,1,0,0,2,12,0
65,0,0,0,0,0,4,2,0,0,5,22,0
43,0,0,0,0,0,2,0,0,0,1,29,0
60,0,0,0,0,0,2,0,0,0,1,35,0
139,0,0,0,1,0,13,23,0,0,2,105,1
273,0,0,1,1,0,2,115,5,0,6,11,1
26,0,0,1,0,0,2,3,0,0,1,18,1
95,0,0,0,0,0,2,8,7,0,6,9,0
40,0,0,0,0,0,4,0,0,0,2,23,1
22,0,0,0,0,0,2,0,0,0,1,21,0
43,0,0,0,0,0,1,0,1,0,3,16,0
95,0,0,1,0,0,2,16,0,0,3,14,0
34,0,0,0,0,0,4,0,0,0,1,23,1
51,0,0,0,0,0,3,14,1,0,6,13,0
51,0,0,1,0,0,2,0,0,1,1,14,0
35,0,0,0,0,0,2,0,1,0,2,16,0
64,0,0,0,0,0,5,0,0,0,2,41,0
82,0,0,1,0,0,1,4,0,0,4,12,0
69,0,0,0,0,0,5,2,0,0,5,19,1
32,0,0,0,0,0,1,4,0,1,3,18,1
18,0,0,1,0,0,2,0,0,0,1,14,1
38,0,0,0,0,0,2,7,0,0,3,14,0
51,0,0,1,0,0,3,1,0,0,2,34,1
36,0,0,0,0,0,2,0,0,0,2,25,1
74,0,0,1,0,0,2,4,2,0,1,18,0
114,0,0,1,0,0,2,8,0,0,6,28,0
43,0,0,0,0,0,4,1,0,0,2,23,1
19,0,0,0,0,0,2,0,0,1,1,18,0
47,0,0,1,0,0,1,0,0,0,3,14,0
43,0,0,0,0,0,1,0,0,0,4,14,1
27,0,0,0,0,0,2,4,0,0,2,14,0
37,0,0,0,1,0,1,0,0,1,3,18,1
31,0,0,0,0,0,2,0,0,0,1,20,0
75,0,0,0,0,0,2,0,0,0,6,11,1
27,0,0,0,0,1,3,15,0,0,1,19,1
33,0,0,0,0,0,2,0,0,1,1,32,0
142,0,0,1,1,0,3,40,6,0,2,22,1
218,0,0,1,1,0,14,81,0,0,5,162,1
42,0,0,0,0,0,2,0,0,0,2,22,1
31,0,0,1,0,0,1,1,3,0,1,11,0
36,0,0,0,0,0,2,0,1,0,2,16,0
66,0,0,1,0,0,2,0,0,0,7,19,1
195,0,0,1,1,0,3,48,10,0,3,24,1
21,0,0,0,0,0,1,0,0,0,2,14,0
64,0,0,0,0,0,2,19,0,0,2,30,1
40,0,0,0,0,0,3,1,0,0,2,22,0
26,0,0,0,0,0,1,1,0,1,1,18,1
56,0,0,1,1,0,3,0,1,0,4,16,1
31,0,0,0,1,0,3,0,0,0,3,12,1
253,0,1,0,0,0,15,62,18,0,2,6,1
22,0,0,0,0,0,1,0,0,0,1,11,0
58,0,1,0,0,0,3,0,2,0,4,8,1
39,0,0,0,0,0,1,0,0,0,4,8,0
71,0,0,1,0,0,2,7,0,0,4,21,0
56,0,0,1,0,0,1,10,0,0,3,10,0
32,0,0,0,0,0,2,0,0,0,1,31,1
225,0,0,1,1,0,11,103,4,0,2,122,1
40,0,0,0,0,0,1,1,2,0,3,14,0
74,0,0,1,0,0,1,6,2,0,3,20,1
60,0,0,0,0,0,2,23,0,0,2,16,1
35,0,0,1,1,0,3,1,3,0,2,15,1
24,0,0,0,0,0,2,0,0,0,1,23,1
21,0,0,0,0,0,1,0,0,0,1,20,0
27,0,0,0,0,0,2,0,0,0,1,26,1
58,0,0,1,0,0,2,1,0,0,2,14,0
82,0,0,1,0,0,1,13,0,0,7,18,1
75,0,0,1,0,0,1,24,0,0,4,18,1
76,0,0,1,0,0,2,11,0,0,3,27,0
323,0,0,1,1,0,16,107,5,0,6,16,1
45,0,0,1,0,0,2,0,1,0,3,14,0
66,0,0,0,0,1,4,10,0,0,7,13,1
113,0,0,1,1,0,6,18,1,0,5,31,1
49,0,0,0,0,0,1,0,0,0,4,17,1
51,0,0,1,0,0,1,5,0,0,4,14,0
67,0,0,0,0,0,4,17,3,0,2,25,1
41,0,0,0,0,0,1,4,0,0,4,10,1
102,0,0,0,1,0,8,25,0,0,1,91,1
38,0,0,1,0,0,1,0,0,0,1,37,1
27,0,0,0,0,0,1,4,2,0,1,19,0
345,0,0,1,1,0,3,43,7,0,3,45,1
28,0,0,0,0,1,4,19,0,0,1,19,1
41,0,0,1,0,0,2,1,0,0,3,18,1
29,0,0,1,0,0,1,0,0,0,1,14,0
40,0,0,0,0,0,2,0,0,0,2,20,0
51,0,0,1,1,0,3,6,1,0,3,14,1
45,0,0,1,0,0,1,10,0,0,3,12,0
86,0,0,1,1,0,5,3,5,0,8,9,1
92,0,0,0,0,0,2,8,0,0,3,18,1
38,0,0,0,0,0,3,0,0,0,3,11,1
32,0,0,0,0,0,2,3,0,0,2,20,1
20,0,0,0,0,0,3,0,0,1,1,10,1
44,0,0,1,0,0,1,9,0,0,3,12,0
34,0,0,0,0,0,1,1,2,0,2,9,0
86,0,0,0,0,0,4,11,2,0,3,30,1
191,0,0,1,1,0,2,69,5,1,3,12,1
109,0,0,1,1,0,5,5,7,0,12,11,1
40,0,0,0,0,0,1,0,0,0,2,22,1
44,0,0,0,0,0,2,0,2,0,2,16,0
25,0,0,0,0,0,1,1,0,0,2,17,1
130,0,0,1,0,0,2,47,11,0,1,14,0
46,0,0,1,0,0,2,0,0,0,1,21,0
30,0,0,0,0,0,2,0,0,0,2,17,0
27,0,0,0,0,0,1,0,0,0,1,11,0
62,0,0,0,1,0,3,0,0,0,3,19,1
20,0,0,0,0,0,2,0,0,0,1,10,0
36,0,0,0,0,0,2,5,0,0,2,14,1
371,0,0,1,1,0,3,46,14,0,3,45,1
19,0,0,0,0,0,1,2,0,1,1,11,1
47,0,0,1,0,0,1,7,0,0,3,10,0
46,0,0,0,0,0,2,0,0,0,1,34,1
57,0,0,0,0,0,2,6,2,0,4,16,0
46,0,0,0,0,0,5,0,0,1,3,22,0
37,0,0,0,0,0,1,0,0,0,2,22,1
47,0,0,1,0,0,1,15,0,0,3,12,0
67,0,0,1,0,0,1,5,0,0,5,13,0
28,0,0,0,0,1,4,16,0,0,1,19,1
37,0,0,1,0,0,2,2,4,0,2,14,1
13,0,0,0,0,0,1,0,0,0,1,6,0
66,0,0,0,0,0,3,10,0,0,6,13,0
28,0,0,0,0,0,1,2,0,0,1,21,1
34,0,0,0,0,1,4,10,1,0,2,13,1
25,0,0,1,0,0,1,0,0,0,1,24,1
73,0,0,1,0,0,1,8,0,0,5,13,0
35,0,0,0,0,0,3,4,0,0,3,16,0
36,0,0,0,0,0,3,0,1,0,2,11,0
42,0,0,0,0,0,1,0,5,0,1,6,0
41,0,0,1,0,0,1,0,0,0,4,15,1
29,0,0,0,0,0,1,0,1,0,2,13,0
32,0,0,0,0,0,1,0,0,0,3,15,0
52,0,0,1,0,0,2,0,0,0,4,16,1
99,0,0,0,0,0,2,22,4,0,6,9,0
134,0,0,1,0,0,2,7,3,0,2,16,0
51,0,0,0,0,0,1,3,2,0,1,20,1
60,0,0,0,1,0,5,0,1,0,1,33,1
79,0,0,1,0,0,1,16,6,0,5,11,0
31,0,0,1,0,0,1,3,2,0,1,11,0
32,0,0,0,0,0,1,0,2,0,1,12,0
30,0,0,0,0,0,1,0,0,0,1,29,1
18,0,0,0,0,0,1,0,0,0,1,17,0
46,0,0,0,0,0,2,0,0,0,3,22,1
26,0,0,0,1,0,1,2,1,0,3,10,1
47,0,0,0,0,0,1,0,0,0,4,21,1
158,0,0,1,1,0,5,46,8,0,3,19,1
49,0,0,1,0,0,2,0,0,0,3,18,0
114,0,0,1,1,0,6,2,5,0,8,13,1
32,0,0,0,0,0,2,2,0,0,3,13,0
77,0,0,1,0,0,1,5,2,1,1,11,0
34,0,0,0,0,0,2,0,0,1,1,33,0
70,0,0,0,0,0,2,2,0,0,5,23,1
39,0,0,0,0,0,1,2,1,0,2,15,0
27,0,0,1,0,0,2,0,0,0,1,26,1
31,0,0,0,0,0,2,0,0,1,1,30,1
40,0,0,0,0,0,2,0,0,0,4,12,1
45,0,0,0,0,0,3,0,1,0,3,20,1
22,0,0,0,1,0,3,0,1,0,2,9,1
30,0,0,1,0,0,2,0,0,0,1,29,0
41,0,0,0,0,0,2,3,2,0,2,16,0
46,0,0,1,0,0,1,8,0,0,2,14,0
16,0,0,0,0,0,1,0,0,0,1,15,0
52,0,0,1,0,0,1,9,0,0,3,10,0
68,0,0,1,0,0,4,0,0,0,6,15,1
32,0,0,0,0,0,2,3,1,0,1,16,0
15,0,0,0,0,0,1,0,0,0,1,14,0
52,0,0,1,0,0,2,0,0,0,3,28,1
108,0,0,1,1,0,2,25,4,0,4,13,1
36,0,0,1,0,0,2,0,0,0,3,10,0
20,0,0,0,0,0,1,0,0,0,1,19,0
30,0,0,0,0,0,1,5,0,0,2,16,0
43,0,0,0,0,0,2,0,2,0,2,10,0
15,0,0,0,0,0,1,3,0,0,1,8,0
107,0,0,0,0,0,4,37,2,0,2,9,1
19,0,0,0,0,0,1,2,0,0,1,13,1
12,0,0,0,0,0,1,1,0,0,1,5,1
19,0,0,0,0,0,2,0,0,0,1,18,1
44,0,0,0,0,0,1,1,2,0,1,11,0
23,0,0,0,0,0,1,3,0,0,1,11,0
43,0,0,0,0,0,2,4,0,0,4,21,0
86,0,0,0,0,0,2,15,1,0,3,23,1
65,0,0,0,0,0,6,3,0,0,2,16,1
58,0,0,0,0,0,2,6,2,0,4,15,1
73,0,0,0,0,0,1,0,1,0,7,28,1
61,0,1,0,0,0,2,2,2,0,4,15,1
172,0,0,0,1,0,20,18,0,0,2,138,1
29,0,0,0,0,0,1,0,0,0,3,15,0
260,0,0,1,1,0,14,56,1,0,10,146,1
54,0,0,1,0,0,3,0,0,0,1,31,0
35,0,0,0,0,0,1,0,0,0,2,15,0
26,0,0,0,0,0,2,4,0,0,1,25,1
28,0,0,0,0,0,2,1,0,0,1,19,1
19,0,0,0,1,0,1,0,0,0,1,13,1
22,0,0,0,0,0,2,0,0,0,1,13,1
88,0,0,1,0,0,3,8,0,0,4,20,0
82,0,1,1,1,0,5,0,2,0,4,12,1
65,0,0,0,0,0,4,0,0,0,7,19,0
421,0,0,0,1,0,20,166,5,1,3,162,1
30,0,0,0,0,0,3,0,0,0,1,16,0
27,0,0,0,0,0,3,0,0,0,1,16,0
61,0,0,0,0,0,3,4,0,0,4,16,0
26,0,0,1,0,0,1,0,0,0,1,25,0
78,0,0,1,0,0,1,23,2,0,3,19,1
74,0,0,0,0,0,3,9,8,0,2,10,1
86,0,0,1,1,0,5,3,4,0,1,31,1
56,0,0,0,0,0,3,0,0,0,6,15,1
49,0,0,1,0,0,1,0,0,0,3,23,1
92,0,0,0,0,0,3,6,5,0,2,11,1
37,0,0,0,0,0,1,0,0,0,2,27,1
33,0,0,0,0,0,2,2,0,0,2,13,1
37,0,0,0,0,0,1,0,1,0,2,16,1
280,0,0,1,1,0,11,96,5,1,2,83,1
81,0,0,0,0,0,1,20,0,0,6,19,1
146,0,0,1,0,0,5,11,11,0,3,22,1
37,0,0,0,0,0,4,2,0,0,1,29,1
33,0,0,0,0,0,2,0,0,0,2,14,0
33,0,0,0,0,0,3,0,0,0,2,23,0
36,0,0,0,0,0,4,0,0,0,1,24,0
14,0,0,0,0,0,1,0,0,0,1,13,0
13,0,0,0,0,0,1,1,0,1,1,6,1
35,0,0,0,0,0,3,1,0,0,1,21,1
54,0,0,0,0,0,2,2,1,0,5,13,1
32,0,0,0,0,0,1,0,0,0,4,12,0
19,0,0,0,0,0,1,0,0,0,3,9,1
29,0,0,0,0,0,2,2,0,0,1,13,1
127,0,0,1,0,0,3,31,17,0,2,26,0
14,0,0,0,0,0,1,0,0,0,1,7,1
112,0,0,1,0,0,2,8,1,0,4,17,0
27,0,0,0,0,0,4,0,0,0,1,11,1
60,0,0,1,0,0,2,0,0,0,5,16,1
58,0,0,0,0,0,3,0,3,0,3,13,0
31,0,0,0,0,0,1,2,2,0,1,11,0
40,0,0,1,0,0,2,6,0,0,5,15,0
32,0,0,0,0,0,2,0,0,0,2,17,1
39,0,0,0,0,0,3,0,0,0,2,16,0
89,0,0,1,1,0,6,2,5,0,8,12,1
21,0,0,0,0,0,1,0,0,0,3,12,0
31,0,0,0,0,0,2,0,0,0,1,15,1
126,0,0,1,0,0,1,9,1,0,3,26,0
28,0,0,0,0,0,1,0,0,0,2,10,0
66,0,0,0,0,0,3,0,1,0,3,28,0
25,0,0,0,1,0,2,0,0,0,1,24,1
31,0,0,1,0,0,1,2,2,0,1,11,0
36,0,0,0,0,0,1,0,0,0,5,13,1
46,0,0,1,0,0,2,0,0,0,5,13,1
28,0,0,0,0,0,2,0,0,0,2,18,1
24,0,0,1,0,0,2,0,0,0,2,15,0
77,0,0,1,0,0,1,18,0,0,8,14,1
52,0,0,0,0,0,5,0,0,0,3,14,1
89,0,1,0,1,0,6,0,3,0,5,13,1
56,0,0,1,0,0,1,1,0,0,3,13,0
48,0,0,0,0,0,1,18,0,0,3,11,0
57,0,0,0,0,0,3,0,3,0,3,13,1
52,0,0,0,0,0,2,0,2,0,2,19,0
203,0,0,0,1,0,14,39,0,0,5,18,1
59,0,0,1,0,0,1,10,0,0,3,18,0
120,0,0,1,1,0,7,2,5,0,10,15,1
48,0,0,0,0,0,2,1,1,0,3,12,0
49,0,0,1,0,0,2,0,0,1,3,23,1
38,0,0,0,0,0,1,0,1,0,3,14,0
63,0,0,1,0,0,3,6,0,1,3,20,0
46,0,0,1,1,0,3,0,1,0,2,12,1
71,0,0,0,1,0,6,10,1,0,2,33,1
42,0,0,1,0,0,1,4,0,0,3,9,0
33,0,0,0,0,0,2,1,0,0,2,13,1
44,0,0,0,0,0,1,3,2,0,1,17,1
40,0,0,0,0,0,4,0,0,0,2,19,0
24,0,0,0,0,0,3,0,0,0,1,14,0
66,0,0,0,0,0,3,8,0,0,1,40,1
46,0,0,0,0,0,2,1,0,0,4,16,1
26,0,0,0,0,0,2,0,0,0,2,17,0
19,0,0,0,0,0,1,2,3,0,1,7,0
23,0,0,0,0,0,1,0,0,0,2,13,1
72,0,0,1,1,0,1,20,1,0,5,14,1
44,0,0,0,0,0,2,6,6,0,1,7,0
33,0,0,1,0,0,2,0,0,0,2,22,0
83,0,0,0,0,0,3,7,8,0,2,12,1
28,0,0,0,0,0,2,0,0,0,1,16,0
90,0,0,1,0,0,9,13,0,0,1,19,0
60,0,0,1,0,0,2,3,2,0,3,20,1
31,0,0,0,0,0,1,3,2,0,1,11,0
23,0,0,0,0,0,1,0,0,0,1,22,0
85,0,0,1,0,0,1,10,0,0,5,17,0
24,0,0,0,0,1,4,12,0,0,1,12,1
47,0,0,1,1,0,4,0,0,0,3,16,1
25,0,0,0,0,0,1,3,0,0,1,16,1
58,0,0,0,0,0,1,18,0,0,3,17,1
102,0,0,1,0,0,2,12,0,0,5,31,0
118,0,0,1,1,0,6,14,11,0,5,15,1
69,0,0,1,0,0,1,6,1,0,4,15,0
84,0,0,1,1,0,2,1,5,0,4,11,1
25,0,0,0,0,0,3,5,0,0,1,15,1
33,0,0,0,0,0,2,1,0,0,2,13,1
48,0,0,1,0,0,2,5,0,0,3,17,0
26,0,0,1,0,0,2,0,0,0,1,10,0
25,0,0,0,0,0,2,3,0,0,3,6,1
72,0,0,0,0,0,2,26,0,0,6,14,1
27,0,0,0,0,0,1,7,0,0,3,8,0
57,0,0,0,0,0,3,8,2,0,7,14,0
98,0,0,0,0,0,2,10,13,0,1,10,0
33,0,0,0,0,0,1,0,0,0,1,23,1
62,0,0,0,0,0,2,23,0,0,2,18,1
69,0,0,0,0,0,3,6,5,0,5,6,0
31,0,0,1,0,0,1,0,0,0,1,12,0
245,0,0,0,1,0,5,85,6,0,8,21,1
33,0,0,0,0,0,3,0,0,0,2,16,1
66,0,0,0,0,0,1,1,1,0,6,15,1
82,0,0,0,0,0,2,0,4,0,2,29,0
61,0,0,1,0,0,5,6,1,0,1,55,1
39,0,0,1,0,0,1,4,1,0,3,16,0
22,0,0,0,0,0,3,2,0,0,1,21,1
421,0,0,0,1,0,20,165,5,1,3,162,1
78,0,0,1,0,0,2,6,1,0,1,14,0
35,0,0,0,0,0,1,0,0,0,1,11,0
44,0,0,0,0,0,2,0,2,0,2,16,0
35,0,0,0,0,0,3,1,0,0,3,11,1
49,0,0,1,0,0,1,15,0,0,3,12,0
21,0,0,0,0,0,2,1,0,0,1,20,0
19,0,0,0,0,0,1,0,0,0,1,13,0
155,0,0,0,0,0,2,21,6,0,2,11,1
37,0,0,0,0,0,2,0,0,0,3,14,1
34,0,0,0,0,0,3,0,0,0,2,16,1
24,0,0,0,0,0,1,7,0,0,3,8,0
29,0,0,0,0,0,2,0,0,1,2,15,1
212,0,0,1,1,0,3,18,8,1,3,23,1
62,0,0,1,0,0,1,4,0,0,3,10,0
73,0,0,1,0,0,2,21,0,1,4,25,1
23,0,0,0,0,0,1,2,0,0,1,14,1
31,0,0,0,0,0,1,6,0,0,2,19,0
85,0,0,1,0,0,1,0,5,0,3,24,0
19,0,0,0,0,0,1,2,0,0,1,13,1
53,0,0,0,0,0,1,0,3,0,1,20,0
25,0,0,0,0,0,1,0,0,0,1,11,0
74,0,0,0,0,0,5,4,1,0,2,29,1
28,0,0,0,0,0,2,2,0,0,2,10,1
94,0,0,1,0,0,3,11,0,0,1,14,0
18,0,0,0,0,0,1,0,0,0,3,9,1
22,0,0,1,0,0,1,3,0,0,1,11,1
20,0,0,0,0,0,1,0,0,0,2,10,1
65,0,0,1,0,0,4,1,3,0,5,14,0
39,0,0,0,0,0,1,0,0,0,3,15,1
31,0,0,0,0,0,1,2,2,0,1,11,0
55,0,0,1,0,0,2,0,0,0,5,17,1
99,0,1,1,0,0,3,0,2,0,4,30,1
36,0,0,0,0,0,3,0,2,0,2,16,0
48,0,0,1,0,0,2,6,0,0,4,10,0
81,0,0,0,1,0,7,0,0,0,3,28,1
100,0,0,1,1,0,6,2,5,0,8,16,1
34,0,0,0,0,0,2,4,0,0,1,33,1
28,0,0,0,0,0,2,2,0,0,3,19,0
81,0,1,1,0,0,4,0,2,0,3,15,1
148,0,0,1,0,0,1,9,0,0,4,15,0
68,0,0,0,0,0,2,11,1,0,4,31,0
85,0,0,0,0,0,4,0,1,0,7,20,0
61,0,0,0,0,0,3,14,2,0,2,20,0
35,0,0,0,0,0,3,0,0,0,1,24,1
239,0,0,1,1,1,3,88,9,0,4,12,1
23,0,0,1,0,0,1,0,0,0,1,22,0
28,0,0,1,0,0,1,0,0,0,2,9,0
100,0,0,0,1,0,8,0,3,1,6,33,1
38,0,0,0,0,0,1,0,0,0,2,24,0
24,0,0,0,0,1,3,10,0,0,2,13,1
45,0,0,0,0,0,2,0,0,0,5,14,1
43,0,0,0,0,0,2,0,0,0,2,16,1
54,0,0,0,0,0,3,10,2,0,2,17,0
30,0,0,0,0,0,2,0,0,0,1,17,0
37,0,0,0,0,0,3,0,0,0,2,25,1
87,0,0,1,0,0,5,3,4,0,1,32,1
60,0,0,1,0,0,2,1,1,0,5,20,1
45,0,0,0,1,0,4,1,2,0,3,22,1
50,0,0,1,0,0,2,0,0,0,3,18,1
87,0,0,1,0,0,2,9,4,0,3,10,0
14,0,0,0,0,0,1,0,0,0,1,13,0
47,0,0,1,0,0,3,1,0,0,1,38,1
89,0,0,1,0,0,1,20,0,0,4,24,1
58,0,0,1,0,0,2,10,0,0,3,14,0
67,0,0,1,0,0,2,0,0,0,4,19,0
22,0,0,0,0,0,1,0,0,0,2,18,1
35,0,0,0,0,0,2,0,1,0,2,16,0
65,0,0,1,0,0,2,0,0,0,5,27,1
40,0,0,1,0,0,2,0,0,0,2,18,1
42,0,0,1,0,0,1,9,0,0,3,12,0
40,0,0,0,0,0,2,0,0,0,1,25,0
46,0,0,0,1,0,2,0,0,0,4,22,0
31,0,0,1,0,0,2,0,0,0,1,23,1
48,0,0,1,0,0,2,0,0,0,4,12,1
31,0,0,0,0,0,2,0,3,0,2,8,0
24,0,0,0,0,0,2,0,0,0,2,13,1
50,0,1,0,0,0,3,0,2,0,2,14,1
23,0,0,0,0,0,1,2,0,0,2,15,0
98,0,0,1,1,0,1,2,0,0,5,9,1
53,0,0,0,0,0,3,1,0,1,4,19,0
122,0,0,1,1,0,1,32,4,0,5,14,1
43,0,0,0,0,0,2,0,2,0,2,20,0
43,0,0,0,1,0,4,0,0,0,2,22,1
37,0,0,0,0,0,3,1,0,0,2,12,1
88,0,0,1,0,0,5,19,0,0,4,29,1
277,0,0,0,0,0,3,84,13,0,5,17,1
48,0,0,1,0,0,2,0,0,0,4,15,1
72,0,0,0,0,0,2,27,0,0,6,14,1
19,0,0,0,0,0,1,2,0,0,1,12,1
51,0,0,1,0,0,3,10,1,0,4,16,1
158,0,0,1,1,0,5,46,8,0,3,19,1
38,0,0,0,1,0,2,0,2,0,3,11,1
51,0,0,1,0,0,3,9,0,0,2,13,1
36,0,0,0,0,0,2,0,0,0,2,20,0
89,0,0,1,0,0,1,7,2,0,6,20,0
158,0,0,1,1,0,5,44,8,0,3,19,1
80,0,0,1,0,0,2,0,3,0,3,23,0
31,0,0,0,0,0,1,0,2,0,1,11,0
26,0,0,0,0,0,1,0,0,0,1,25,0
35,0,0,0,0,0,2,3,0,0,2,15,1
59,0,0,1,0,0,1,0,0,0,4,10,0
74,0,0,1,0,0,2,13,0,0,2,17,0
13,0,0,0,0,0,1,4,0,0,0,13,1
32,0,0,0,0,0,3,1,0,0,1,19,0
75,0,0,0,0,0,2,0,1,0,7,15,1
198,0,0,1,1,0,3,48,10,0,3,27,1
60,0,0,1,0,0,2,6,2,1,3,14,0
35,0,0,1,0,0,1,0,0,0,2,11,0
133,0,0,0,1,0,12,28,0,0,3,92,1
29,0,0,0,0,0,2,2,0,0,3,10,1
31,0,0,1,0,0,2,0,0,0,1,14,0
106,0,0,1,1,0,7,2,5,0,8,13,1
32,0,0,0,0,0,2,2,0,1,2,23,1
96,0,0,0,0,0,1,4,0,0,3,9,0
29,0,0,1,0,0,2,0,0,0,1,28,1
56,0,0,0,1,0,6,0,3,0,4,10,1
52,0,0,0,1,0,2,0,2,0,3,24,1
99,0,0,0,0,0,1,23,0,0,5,23,1
62,0,0,0,0,0,2,19,0,0,4,16,1
38,0,0,0,0,0,2,0,0,0,3,7,0
64,0,0,0,1,0,6,0,0,0,3,26,1
49,0,0,0,1,0,2,0,1,0,4,14,1
171,0,0,1,1,0,3,48,0,0,11,22,1
31,0,0,0,0,0,1,0,0,0,2,18,0
41,0,0,1,0,0,1,4,0,0,4,18,1
76,0,0,1,0,0,3,0,0,0,4,30,1
119,0,0,1,1,0,6,8,11,0,5,13,1
23,0,0,0,0,0,2,0,0,0,1,16,1
52,0,0,0,0,0,1,23,0,0,3,11,1
123,0,0,1,1,0,8,0,6,0,4,41,1
47,0,0,0,0,0,1,23,0,0,3,21,1
95,0,0,1,0,0,1,0,0,0,4,17,0
48,0,0,0,0,0,2,0,2,0,3,17,0
44,0,0,1,0,0,1,0,1,0,2,12,0
24,0,0,0,0,0,1,0,0,0,2,16,1
25,0,0,0,0,0,2,0,0,0,2,19,0
71,0,0,1,0,0,3,18,3,0,1,17,1
54,0,0,0,0,0,4,6,0,0,2,26,1
49,0,0,0,0,0,2,0,3,0,2,16,0
20,0,0,0,0,0,2,1,0,0,1,13,1
52,0,0,0,0,0,2,0,0,0,4,18,0
39,0,0,0,0,0,2,0,1,0,2,16,0
32,0,0,0,0,0,2,8,1,0,2,17,0
36,0,0,0,0,0,2,0,1,0,2,16,0
24,0,0,0,0,0,1,7,0,0,3,8,0
148,0,0,1,0,0,3,9,14,0,1,39,1
55,0,0,0,0,0,3,1,0,0,5,13,0
54,0,0,0,0,0,2,0,3,0,2,16,0
52,0,0,0,0,0,3,0,0,0,4,15,1
65,0,0,0,1,0,3,2,1,0,4,22,1
35,0,0,0,0,0,2,0,1,0,2,16,0
17,0,0,0,0,0,1,5,0,0,1,11,0
17,0,0,0,0,0,1,7,0,0,1,9,0
27,0,0,0,0,0,2,0,1,0,1,15,0
94,0,0,1,0,0,3,13,2,0,5,14,1
24,0,0,0,0,0,2,3,0,0,1,16,1
26,0,0,0,0,0,3,4,0,0,1,16,0
44,0,0,1,0,0,2,2,0,0,2,21,0
28,0,0,0,0,0,2,0,0,0,1,27,0
122,0,0,1,0,0,2,5,9,1,5,21,1
185,0,0,1,1,0,4,46,8,0,10,16,1
27,0,0,0,0,0,2,0,0,0,2,17,0
76,0,0,1,0,0,1,28,1,0,3,27,1
104,0,0,1,1,0,6,2,5,0,8,20,1
211,0,0,1,1,0,14,78,0,0,1,203,1
33,0,0,0,0,0,3,0,0,0,2,17,1
53,0,0,1,0,0,3,2,2,0,1,27,1
222,0,0,1,0,0,2,43,2,0,5,24,1
31,0,0,0,0,0,1,0,0,0,3,15,1
114,0,0,1,0,0,2,8,0,0,5,27,0
30,0,0,0,0,0,1,0,1,0,2,10,0
42,0,0,1,0,0,2,0,0,0,2,11,0
34,0,0,1,0,0,1,0,0,0,2,11,0
110,0,0,1,1,0,7,2,5,1,8,17,1
23,0,0,0,0,1,3,18,0,0,1,18,1
18,0,0,0,0,0,2,2,0,0,2,9,1
82,0,0,1,0,0,4,21,0,0,3,41,1
63,0,0,1,1,0,1,16,5,0,2,11,1
23,0,0,0,0,1,4,8,0,0,1,11,1
43,0,0,1,0,0,1,0,0,0,4,14,0
49,0,0,1,0,0,2,0,1,0,2,18,0
17,0,0,0,0,0,1,0,0,0,1,16,1
37,0,0,0,0,1,3,13,0,0,3,13,1
30,0,0,1,0,0,3,1,0,1,1,29,1
84,0,0,1,1,0,7,11,6,0,5,39,1
92,0,0,0,1,0,1,45,0,0,3,20,1
64,0,0,0,1,0,4,0,2,0,5,10,1
32,0,0,0,0,0,1,0,1,0,4,15,0
45,0,0,0,0,0,1,2,0,0,4,14,0
19,0,0,0,0,0,1,0,0,0,1,9,1
33,0,0,0,0,0,2,3,0,0,2,13,1
37,0,0,0,0,0,2,5,0,0,3,17,0
33,0,0,0,0,0,2,2,0,0,2,13,1
24,0,0,0,0,0,1,0,0,0,2,14,1
48,0,0,1,0,0,1,8,0,0,3,10,0
79,0,0,1,0,0,2,12,0,0,2,14,0
22,0,0,0,0,0,1,0,0,0,1,21,0
124,0,0,1,1,0,6,8,11,0,5,16,1
28,0,0,1,0,0,2,0,0,0,1,16,0
45,0,0,0,0,0,2,1,6,0,1,13,0
13,0,0,0,0,0,1,0,0,0,1,12,0
37,0,0,1,0,0,1,0,0,0,2,7,0
37,0,0,0,0,0,1,0,0,1,2,25,1
30,0,0,0,1,0,1,0,0,0,1,18,1
25,0,0,0,0,0,1,7,0,0,3,8,0
27,0,0,0,0,0,2,15,1,0,2,13,1
60,0,0,0,0,0,2,0,0,0,2,39,1
91,0,0,0,0,0,2,4,2,0,2,23,1
29,0,0,0,0,0,3,3,0,0,1,21,1
31,0,0,0,0,0,1,1,2,0,1,11,0
57,0,0,0,0,1,6,15,0,0,4,15,1
34,0,0,0,0,0,2,1,0,0,1,22,1
52,0,0,1,0,0,3,0,0,0,3,18,0
85,0,0,0,1,0,4,1,7,0,4,10,1
59,0,0,0,0,0,3,0,0,0,2,26,0
61,0,0,1,0,0,1,15,0,0,3,12,0
18,0,0,0,0,0,1,0,0,0,1,17,0
371,0,0,1,1,0,3,49,10,0,3,45,1
29,0,0,0,0,0,2,0,1,0,2,9,1
38,0,0,0,0,0,1,2,4,0,1,19,0
165,0,0,1,1,0,10,66,0,0,4,83,1
34,0,0,0,0,1,4,10,1,0,2,13,1
49,0,0,1,0,0,4,5,0,0,1,27,1
30,0,0,0,0,0,2,0,1,0,2,11,0
53,0,0,1,0,0,2,0,0,0,2,17,0
36,0,0,0,0,0,2,1,0,0,2,21,1
59,0,0,0,0,0,2,21,0,1,2,18,1
43,0,0,0,0,0,2,6,0,0,2,18,1
185,0,0,1,0,0,2,17,2,0,3,27,0
29,0,0,0,0,0,3,11,0,0,1,28,1
38,0,0,1,0,0,4,0,0,0,2,22,0
62,0,0,1,0,0,1,6,0,0,2,10,0
30,0,0,0,0,0,2,3,0,0,1,17,0
73,0,0,1,1,0,4,0,0,0,7,19,1
37,0,0,0,0,0,1,0,0,0,2,22,0
43,0,0,0,0,0,2,1,0,0,3,17,1
29,0,0,0,0,0,1,3,0,0,2,13,0
234,0,0,0,0,0,11,29,0,0,2,218,1
24,0,0,0,0,0,1,0,0,0,1,10,0
44,0,0,0,0,0,2,0,2,0,2,18,0
46,0,0,0,0,0,2,3,1,0,3,15,1
73,0,0,1,0,0,2,6,2,1,2,18,0
26,0,0,0,1,0,2,3,0,0,1,25,1
30,0,0,0,0,0,3,7,0,0,3,13,0
43,0,0,0,0,0,1,0,1,0,2,21,0
43,0,0,1,0,0,1,6,0,0,2,13,0
72,0,0,1,0,0,4,3,0,0,7,13,1
41,0,0,0,0,0,3,0,2,0,3,17,1
126,0,0,1,1,0,6,40,0,0,2,92,1
47,0,0,0,0,0,3,4,3,0,2,17,1
25,0,0,0,0,0,1,2,2,0,1,19,0
139,0,0,0,0,0,5,45,2,0,2,26,1
57,0,0,1,0,0,2,5,2,0,2,14,0
28,0,0,0,0,0,2,0,0,0,3,20,0
27,0,0,0,0,0,2,3,0,0,2,19,1
62,0,0,0,1,0,2,19,0,0,3,16,1
32,0,0,0,0,0,1,3,0,0,2,21,1
48,0,0,1,0,0,1,8,0,0,3,10,0
60,0,0,0,0,0,3,0,0,0,3,39,1
30,0,0,0,0,0,2,0,1,0,1,16,0
189,0,0,1,1,0,3,48,10,0,3,18,1
44,0,0,0,0,0,2,0,0,0,3,24,0
106,0,0,1,1,0,7,2,5,0,8,13,1
35,0,0,0,0,0,3,0,0,0,2,14,1
14,0,0,0,0,0,1,0,0,0,1,13,0
68,0,0,1,0,0,5,6,0,0,3,24,0
31,0,0,0,0,0,1,2,2,0,1,11,0
81,0,0,1,0,0,2,4,1,0,2,16,0
14,0,0,0,0,0,1,0,0,0,1,13,0
42,0,0,0,0,0,2,0,0,0,3,18,1
107,0,0,1,1,0,7,5,5,0,8,17,1
25,0,0,0,0,0,2,0,0,1,1,15,1
31,0,0,0,0,0,2,0,0,0,2,14,1
57,0,0,0,0,0,1,8,5,0,4,16,0
30,0,0,1,0,0,1,0,0,0,2,12,0
44,0,0,0,0,0,2,3,2,0,3,12,0
57,0,0,1,0,0,3,5,0,0,2,43,0
62,0,0,0,0,0,4,4,1,0,2,49,1
62,0,0,1,0,0,3,0,0,0,7,10,1
163,0,0,1,1,0,6,5,28,0,1,28,1
32,0,0,0,0,0,4,0,0,0,1,20,1
16,0,0,0,0,0,1,0,0,0,1,11,0
19,0,0,0,0,0,2,0,0,0,0,19,1
91,0,0,1,0,0,2,22,0,0,5,19,1
27,0,0,0,0,0,2,3,0,0,1,15,0
69,0,0,1,0,0,1,23,0,0,5,19,0
30,0,0,0,0,0,2,0,0,0,2,23,0
26,0,0,1,0,0,2,0,0,0,2,12,1
13,0,0,0,0,0,1,1,0,1,1,6,1
27,0,0,0,0,0,2,0,0,0,1,17,1
32,0,0,0,0,0,1,0,1,0,3,18,0
56,0,0,1,0,0,2,0,0,0,3,26,0
345,0,0,1,1,0,3,52,8,0,3,45,1
35,0,0,1,0,0,2,4,0,0,1,25,1
166,0,0,0,0,0,3,7,19,0,1,14,0
151,0,0,1,1,0,5,23,0,0,3,122,1
42,0,0,1,0,0,3,0,0,0,1,41,0
38,0,0,0,0,0,2,0,1,0,2,16,0
43,0,0,0,0,0,2,0,2,0,2,16,0
42,0,0,0,0,1,4,11,0,0,3,14,1
34,0,0,0,0,0,3,0,0,0,2,18,1
26,0,0,0,0,0,2,0,0,0,2,15,1
59,0,0,1,1,0,3,7,4,0,2,25,1
105,0,0,1,0,0,2,2,0,0,6,15,0
62,0,0,1,0,0,2,10,0,0,3,18,0
116,0,0,1,0,0,7,21,0,0,3,75,1
37,0,0,0,0,0,2,0,1,0,2,16,0
44,0,0,0,0,0,3,6,3,0,2,11,0
120,0,0,1,0,0,5,7,2,0,3,57,1
21,0,0,0,0,0,1,0,0,0,1,20,0
61,0,0,1,0,0,2,16,0,0,5,25,0
39,0,0,1,0,0,2,3,0,0,4,17,0
31,0,0,1,0,0,1,1,0,0,3,12,0
54,0,0,0,0,0,2,4,2,0,3,22,1
29,0,0,0,0,0,1,3,1,0,2,18,0
165,0,0,0,0,0,2,20,5,0,2,12,1
73,0,0,1,1,0,6,0,3,0,4,17,1
10,0,0,0,0,0,1,0,0,0,1,9,0
27,0,0,1,0,0,2,1,0,0,3,16,1
28,0,0,0,0,0,2,0,0,0,1,12,0
238,0,0,1,1,0,11,69,6,0,1,126,1
179,0,0,1,0,0,4,22,14,0,2,11,1
246,0,0,0,0,0,14,74,23,0,5,13,1
23,0,0,0,0,0,3,2,0,0,1,14,0
26,0,0,0,0,0,3,0,0,0,1,25,1
69,0,0,1,0,0,1,12,0,1,2,14,0
192,0,0,0,1,0,13,24,12,0,9,18,1
11,0,0,0,0,0,1,0,0,0,1,10,0
65,0,0,0,0,0,5,1,2,0,5,15,1
48,0,0,1,0,0,1,0,0,0,3,19,0
42,0,0,1,0,0,3,0,0,0,3,13,0
28,0,0,0,0,0,1,0,1,0,3,11,0
34,0,0,0,0,0,2,0,1,0,2,14,0
41,0,0,0,0,0,4,0,0,0,1,34,1
41,0,0,1,0,0,3,3,2,0,1,16,0
22,0,0,0,0,0,2,4,0,0,1,12,0
15,0,0,0,0,0,1,0,0,0,1,14,1
22,0,0,0,0,0,1,3,0,0,1,14,1
107,0,0,1,0,0,3,5,0,0,1,18,0
91,0,0,0,0,0,1,22,0,0,4,11,1
27,0,0,0,0,0,1,7,0,0,3,8,0
39,0,0,0,0,0,3,2,0,0,1,29,1
248,0,0,1,1,0,9,96,4,0,3,108,1
163,0,0,1,1,0,9,49,0,0,1,162,1
188,0,0,1,1,0,6,1,11,0,6,23,1
36,0,0,1,0,0,1,0,0,0,2,15,0
46,0,0,1,0,0,2,7,0,0,5,15,0
39,0,0,1,1,0,1,3,0,0,4,12,1
25,0,0,1,0,0,2,0,0,1,1,24,0
35,0,0,1,0,0,1,0,0,0,4,9,1
38,0,0,0,0,0,2,0,1,0,2,18,0
45,0,0,0,0,0,2,8,1,0,2,10,0
103,0,0,0,1,0,7,23,5,0,5,30,1
33,0,0,0,0,0,2,4,0,0,2,13,1
53,0,0,0,0,1,3,26,0,0,3,12,1
34,0,0,0,0,0,1,0,0,0,3,20,1
57,0,0,0,0,0,2,6,7,0,1,14,0
41,0,0,1,0,0,2,0,0,0,4,13,1
77,0,0,1,0,0,1,2,1,1,4,21,0
18,0,0,0,0,0,2,0,0,0,0,18,1
60,0,0,1,1,0,4,3,4,0,5,14,1
54,0,0,1,0,0,1,5,2,1,1,11,0
121,0,0,1,1,0,4,22,0,0,9,15,1
47,0,0,0,0,0,3,7,2,0,1,22,0
39,0,0,1,0,0,1,1,0,0,3,14,1
62,0,0,1,0,0,2,2,2,0,3,23,1
36,0,0,0,0,0,2,0,0,0,1,35,1
46,0,0,0,1,0,3,0,2,0,2,24,1
82,0,0,0,0,0,2,0,0,0,8,10,1
20,0,0,1,0,0,1,0,0,0,1,13,1
64,0,0,0,0,0,5,1,2,0,5,14,1
73,0,0,1,1,0,4,0,0,0,4,40,1
260,0,0,0,1,0,4,99,5,0,8,20,1
60,0,0,1,0,0,1,0,0,0,4,12,0
16,0,0,0,0,0,1,0,0,0,1,15,0
35,0,0,1,0,0,2,0,0,0,2,13,0
26,0,0,0,0,0,2,0,1,0,2,10,0
59,0,0,0,0,0,2,0,0,0,5,15,0
16,0,0,0,0,0,1,2,0,0,1,9,1
26,0,0,0,0,0,2,3,0,0,2,14,0
42,0,0,1,0,0,4,0,0,0,2,22,0
34,0,0,0,0,0,1,0,0,0,3,16,0
84,0,0,1,0,0,2,0,0,0,3,14,0
50,0,0,1,0,0,2,4,0,0,3,13,0
40,0,0,0,0,0,3,0,0,1,3,17,0
19,0,0,0,0,0,1,0,0,0,1,14,0
26,0,0,0,0,0,2,0,0,0,2,11,1
55,0,0,1,0,0,2,3,0,0,4,16,0
18,0,0,0,0,0,1,1,0,0,1,12,1
18,0,0,0,0,0,1,0,0,0,1,17,0
36,0,0,1,0,0,1,0,0,0,2,15,0
26,0,0,0,0,0,2,1,0,0,1,13,0
44,0,0,1,0,0,2,0,0,1,3,24,0
61,0,0,1,0,0,2,0,1,0,6,14,1
40,0,0,0,0,0,1,0,1,0,2,21,0
35,0,0,0,0,0,4,1,0,1,2,19,0
13,0,0,0,0,0,1,4,0,0,0,13,1
50,0,0,1,0,0,2,0,2,0,3,13,0
22,0,0,0,0,0,1,7,1,0,1,8,0
58,0,0,0,0,0,2,14,2,0,2,17,0
337,0,0,1,1,0,3,52,7,0,3,44,1
19,0,0,0,0,0,1,4,0,0,2,9,0
20,0,0,1,0,0,1,0,0,0,1,19,0
66,0,0,1,0,0,2,0,0,0,6,24,1
13,0,0,0,0,0,1,4,0,0,0,13,1
31,0,0,1,0,0,1,0,2,0,1,11,0
13,0,0,0,0,0,1,1,0,0,1,12,0
119,0,0,1,1,0,12,20,0,0,2,85,1
32,0,0,0,1,0,3,0,0,0,3,12,1
54,0,0,0,0,0,5,0,0,0,3,12,1
31,0,0,0,0,0,1,3,0,0,3,7,0
85,0,0,1,0,0,2,12,0,0,5,20,0
80,0,0,1,0,0,2,0,0,0,8,12,1
134,0,0,1,1,0,4,43,4,0,3,16,1
48,0,0,0,0,0,1,1,0,0,3,14,1
56,0,0,1,1,0,3,0,0,0,3,21,1
71,0,0,0,0,1,5,15,2,0,4,15,1
35,0,0,1,0,0,2,0,0,0,1,24,1
36,0,0,1,0,0,2,0,1,0,2,19,0
258,0,0,1,0,0,12,48,12,0,4,15,1
29,0,0,0,1,0,1,0,0,0,4,8,1
24,0,0,0,0,0,1,0,0,0,1,23,0
31,0,0,0,0,0,1,2,0,0,1,25,1
55,0,0,0,0,0,2,0,2,0,1,24,0
41,0,0,0,0,0,2,0,0,0,1,23,0
56,0,0,0,1,0,3,18,0,0,2,13,1
57,0,0,0,0,0,2,7,0,0,5,20,1
44,0,0,0,0,0,1,0,0,0,2,13,0
32,0,0,0,0,0,5,1,0,0,2,19,1
48,0,0,1,0,0,1,10,0,0,3,10,0
42,0,0,1,0,0,2,0,0,0,2,20,0
20,0,0,0,0,0,2,0,0,0,1,11,1
54,0,0,0,0,0,3,9,0,0,5,14,0
59,0,0,1,0,0,1,8,0,0,3,11,0
143,0,0,0,1,0,7,10,12,1,3,28,1
18,0,0,0,0,0,1,3,0,0,1,11,1
43,0,0,1,0,0,1,8,0,0,3,11,0
187,0,0,1,0,0,2,12,3,0,1,17,1
52,0,0,0,0,1,3,29,0,0,2,12,1
38,0,0,0,0,0,3,0,0,0,2,14,0
77,0,0,0,0,0,3,0,5,1,3,23,0
13,0,0,0,0,0,1,0,0,0,1,12,0
46,0,0,0,0,0,1,0,1,0,2,21,0
37,0,0,0,0,0,3,2,0,0,2,24,1
87,0,0,1,1,0,6,2,5,0,8,14,1
68,0,0,0,0,0,4,0,0,0,4,21,0
73,0,1,1,0,0,4,2,2,0,5,11,1
40,0,0,0,0,0,2,0,1,0,2,16,0
40,0,0,0,0,0,3,0,0,0,2,21,1
30,0,0,0,0,0,2,0,0,0,2,15,0
53,0,0,1,0,0,2,5,0,0,2,21,0
43,0,0,1,0,0,1,3,0,0,3,22,1
34,0,0,0,0,0,2,0,1,0,2,16,0
66,0,0,1,0,0,1,0,0,0,3,14,0
41,0,0,0,0,0,2,0,0,0,2,13,0
55,0,0,1,0,0,3,2,0,0,2,16,0
37,0,0,0,0,0,1,1,0,0,3,9,0
37,0,0,0,0,0,3,0,0,1,2,30,1
42,0,0,0,0,0,2,0,0,0,3,17,1
68,0,0,1,0,0,2,9,0,0,3,10,0
41,0,0,0,0,0,1,4,0,0,3,12,0
35,0,0,0,0,0,1,2,3,0,1,11,0
31,0,0,0,0,0,3,0,0,0,2,15,1
32,0,0,0,0,0,2,1,0,0,2,16,1
93,0,0,1,0,0,2,10,0,0,3,14,0
85,0,0,1,0,0,3,18,3,0,5,20,0
57,0,0,0,0,0,2,21,1,0,5,15,1
188,0,0,0,1,0,2,68,7,0,3,8,1
25,0,0,0,0,1,4,12,0,0,1,14,1
32,0,0,0,0,0,1,0,0,0,3,20,1
23,0,0,0,0,0,1,1,2,0,1,6,0
60,0,0,1,0,0,1,9,0,0,3,10,0
40,0,0,0,0,0,2,0,1,0,2,14,0
38,0,0,0,0,0,2,1,0,0,3,14,1
49,0,0,0,0,0,4,0,0,0,3,21,0
111,0,0,1,0,0,2,11,1,0,1,32,1
14,0,0,0,0,1,3,10,0,0,1,13,1
20,0,0,0,0,0,1,0,0,0,1,19,0
42,0,0,0,0,0,2,0,3,0,2,16,0
64,0,0,0,1,0,5,1,0,0,1,14,1
54,0,0,0,0,0,1,1,3,0,3,14,0
37,0,0,1,0,0,1,0,0,0,4,13,1
32,0,0,1,0,0,1,0,0,0,2,15,0
50,0,0,0,0,0,1,1,0,0,5,25,1
345,0,0,1,1,0,3,41,8,0,3,45,1
84,0,0,1,0,0,3,6,0,1,3,31,0
20,0,0,0,0,0,1,2,0,0,1,10,0
42,0,0,0,0,0,2,5,2,0,1,18,0
34,0,0,1,0,0,2,0,0,0,2,15,0
11,0,0,0,0,0,1,4,0,0,0,11,1
12,0,0,0,0,0,1,5,0,0,1,6,1
37,0,0,1,0,0,3,0,1,0,1,24,0
204,0,0,1,1,0,3,29,28,0,6,14,1
48,0,0,0,0,0,2,9,3,0,2,10,0
21,0,0,0,0,0,1,0,0,0,1,11,0
18,0,0,0,0,1,3,14,0,0,0,18,1
107,0,0,1,0,0,2,7,1,0,7,11,0
33,0,0,0,0,1,4,15,0,0,2,17,1
14,0,0,0,0,1,3,10,0,0,0,14,1
24,0,0,0,0,1,4,13,0,0,1,12,1
44,0,0,0,0,0,3,4,3,0,4,10,1
37,0,0,0,0,0,2,0,2,0,2,15,0
26,0,0,0,0,0,1,7,0,0,1,9,0
25,0,0,0,1,0,2,0,0,0,1,24,1
75,0,0,1,1,0,8,7,4,0,5,35,1
24,0,0,0,0,0,1,7,0,0,3,8,0
25,0,0,0,0,0,2,2,0,0,2,14,0
80,0,0,0,0,0,4,0,4,0,3,18,0
32,0,0,0,0,0,5,6,0,0,2,15,1
79,0,0,1,0,0,2,5,0,0,4,17,0
17,0,0,1,0,0,1,2,0,0,1,11,1
55,0,0,0,0,0,3,5,1,0,5,19,1
46,0,0,0,0,0,1,9,3,0,2,16,0
42,0,0,0,0,0,2,4,1,0,6,11,0
47,0,0,0,0,0,3,0,0,0,2,23,1
45,0,0,0,0,0,2,0,2,0,2,10,0
50,0,0,0,1,0,3,2,1,1,4,14,1
34,0,0,1,0,0,1,1,0,0,2,21,1
56,0,0,1,0,0,3,11,2,0,2,27,1
43,0,0,0,0,0,3,0,1,0,1,26,0
23,0,0,0,0,0,1,3,2,0,2,11,0
15,0,0,0,0,0,1,0,0,0,1,9,1
23,0,0,0,0,0,1,0,0,0,2,7,0
37,0,0,1,0,0,3,0,0,0,1,36,1
200,0,0,0,1,0,13,49,12,0,3,23,1
24,0,0,0,0,0,1,7,0,0,3,8,0
43,0,0,0,0,0,3,11,1,0,2,14,1
31,0,0,0,0,0,1,3,0,0,2,13,0
13,0,0,0,0,0,1,0,0,0,1,12,0
28,0,0,0,0,0,4,0,0,0,2,22,0
58,0,0,1,0,0,2,0,0,0,4,18,1
81,0,0,1,1,0,6,1,6,0,2,36,1
20,0,0,0,0,0,2,0,0,0,2,11,0
253,0,0,0,1,0,19,90,0,1,3,162,1
244,0,0,0,0,0,14,75,25,0,3,16,1
36,0,0,0,0,0,2,0,0,0,1,15,0
29,0,0,0,0,0,2,0,0,0,2,14,1
80,0,0,1,0,0,1,11,0,0,4,16,0
23,0,0,0,0,0,2,0,0,0,1,22,0
31,0,0,0,0,0,1,2,2,0,1,11,0
106,0,0,1,0,0,2,9,0,0,5,28,0
53,0,0,0,0,0,2,0,6,0,2,16,0
77,0,0,1,0,0,2,8,1,0,2,22,1
85,0,0,1,1,0,6,2,5,0,8,16,1
88,0,0,0,0,0,3,20,0,0,5,25,1
65,0,0,1,0,0,2,0,0,0,8,20,1
253,0,0,0,1,0,19,96,0,1,3,162,1
75,0,0,0,0,0,2,2,0,0,8,23,1
58,0,0,0,0,0,3,0,0,0,5,14,1
15,0,0,0,0,0,1,0,0,0,1,9,1
49,0,0,1,0,0,1,3,0,0,3,9,0
35,0,0,0,0,0,4,2,0,0,3,21,0
26,0,0,0,0,0,1,0,0,0,2,20,1
41,0,0,1,0,0,1,12,0,0,3,12,0
28,0,0,0,0,0,3,0,0,0,3,14,1
36,0,0,0,0,0,2,8,0,0,3,8,0
126,0,0,1,1,0,6,8,11,0,5,16,1
34,0,0,0,0,0,1,3,0,0,2,18,0
52,0,0,0,0,0,2,15,1,0,3,14,1
33,0,0,0,0,0,2,3,0,0,2,13,1
94,0,0,1,0,0,4,12,4,0,6,16,1
39,0,0,0,0,0,3,1,0,0,2,21,0
345,0,0,1,1,0,3,53,9,0,3,45,1
22,0,0,1,0,0,1,0,0,0,1,21,0
59,0,0,0,0,0,2,0,3,0,3,11,0
56,0,0,1,0,0,1,15,0,0,3,12,0
24,0,0,0,0,0,1,7,1,0,1,8,0
45,0,0,0,0,0,2,19,0,0,4,16,1
54,0,0,0,0,1,3,31,0,0,2,14,1
41,0,0,1,0,0,2,2,0,0,3,11,1
30,0,0,0,0,1,4,11,0,0,2,14,1
27,0,0,0,0,0,2,0,0,0,2,16,0
20,0,0,1,0,0,2,0,0,0,2,14,1
158,0,0,1,1,0,2,65,5,0,4,15,1
50,0,0,1,0,0,2,0,0,0,4,15,1
31,0,0,0,0,0,2,7,0,0,2,8,0
35,0,0,0,0,0,2,0,0,0,2,19,0
43,0,0,1,0,0,2,0,0,0,2,10,0
48,0,0,0,0,0,3,0,0,0,4,15,0
64,0,0,1,0,0,2,4,1,0,6,22,1
35,0,0,0,0,0,1,0,0,0,3,9,0
25,0,0,0,0,0,1,7,0,0,3,8,0
51,0,0,1,0,0,2,8,4,0,2,7,0
86,0,0,0,1,0,2,22,4,0,8,19,1
31,0,0,0,0,0,2,6,1,0,2,21,1
36,0,0,0,0,0,2,0,1,0,1,12,0
27,0,0,0,0,0,1,0,1,0,1,13,0
154,0,0,1,0,0,3,21,3,0,11,21,1
58,0,0,1,0,0,2,6,2,0,1,16,0
32,0,0,0,0,0,1,3,0,0,2,13,0
72,0,0,0,0,0,4,0,0,0,4,20,1
160,0,0,1,1,0,10,5,0,0,1,150,1
49,0,0,0,0,0,2,0,1,0,2,16,0
76,0,0,0,0,0,2,19,0,0,4,17,1
31,0,0,0,0,0,1,1,2,0,1,11,0
77,0,0,0,1,0,3,0,0,0,8,13,1
45,0,0,0,0,1,3,22,1,0,3,19,1
72,0,0,1,0,0,1,18,0,0,3,27,1
17,0,0,0,0,1,3,13,0,0,0,17,1
108,0,0,1,1,0,6,8,11,0,5,13,1
47,0,0,1,0,0,2,1,0,0,3,12,0
38,0,0,0,0,0,1,0,0,0,4,17,1
41,0,0,0,0,0,1,4,0,0,4,15,1
37,0,0,0,0,0,2,0,0,0,1,21,0
32,0,0,1,0,0,2,0,0,1,1,31,1
37,0,0,0,0,0,4,0,0,0,2,21,0
35,0,0,0,0,0,2,5,2,0,1,16,0
38,0,0,0,0,0,2,1,0,0,1,32,1
38,0,0,0,0,0,1,3,0,0,3,12,0
12,0,0,0,0,0,1,0,0,0,1,11,1
22,0,0,0,0,0,1,0,0,0,1,21,0
76,0,0,0,0,0,3,6,4,0,6,6,0
22,0,0,0,0,0,2,4,0,0,0,22,1
99,0,0,0,0,0,1,14,0,0,5,23,1
144,0,0,0,1,0,14,38,0,0,2,20,1
45,0,0,0,0,0,1,0,0,0,4,10,1
113,0,0,1,1,0,6,2,7,0,12,10,1
24,0,0,0,0,0,2,1,0,0,1,13,1
40,0,0,0,0,0,3,4,2,0,2,19,1
27,0,0,0,0,0,1,0,0,0,1,26,0
90,0,0,1,0,0,2,8,0,0,5,23,0
33,0,0,0,0,0,2,3,0,0,2,13,1
28,0,0,0,0,0,2,1,0,0,3,10,0
21,0,0,0,0,0,2,0,0,0,2,15,1
40,0,0,1,0,0,3,11,0,0,4,10,0
159,0,0,0,0,0,2,61,1,0,6,14,1
139,0,0,0,0,0,2,15,5,0,2,11,1
110,0,0,1,1,0,5,1,6,0,6,20,1
36,0,0,1,1,0,3,1,0,0,2,20,1
69,0,0,1,0,0,4,0,0,0,6,15,1
27,0,0,0,0,0,1,0,0,0,2,20,1
31,0,0,0,0,0,2,0,0,0,1,9,0
112,0,0,1,0,0,1,10,0,1,6,18,0
37,0,0,1,0,0,1,0,0,0,4,8,1
37,0,0,0,1,0,2,1,0,0,4,11,1
27,0,0,0,0,1,4,9,0,0,1,12,1
15,0,0,0,0,0,1,0,0,0,1,14,0
48,0,0,0,1,0,6,0,0,0,2,20,1
29,0,0,0,0,0,1,0,0,0,2,9,0
51,0,0,0,0,0,2,0,3,0,2,16,0
15,0,0,1,0,0,1,0,0,0,1,14,1
33,0,0,0,0,0,1,5,0,0,3,18,1
30,0,0,0,0,0,2,0,0,0,2,16,0
54,0,0,1,0,0,1,0,0,0,4,27,1
21,0,0,0,0,0,1,0,0,0,1,20,0
69,0,0,0,0,0,2,17,4,0,2,18,0
108,0,0,0,0,0,2,0,3,0,6,15,1
21,0,0,0,0,0,1,2,0,0,1,13,1
105,0,0,1,0,0,2,16,0,0,8,24,1
40,0,0,0,1,0,3,2,3,0,1,14,1
29,0,0,0,0,0,3,0,0,0,2,11,0
35,0,0,0,0,0,2,0,0,0,2,14,0
24,0,0,0,0,0,1,1,0,0,1,14,1
29,0,0,0,0,0,1,0,0,0,2,17,1
19,0,0,0,0,0,1,2,0,0,2,11,1
32,0,0,0,0,0,2,0,1,0,2,16,0
62,0,0,0,1,0,5,17,0,0,4,14,1
22,0,0,0,0,0,1,1,0,0,1,13,1
113,0,0,1,0,0,1,16,0,0,5,12,0
27,0,0,0,0,0,3,2,0,0,1,17,0
25,0,0,0,0,0,2,0,0,1,1,24,0
56,0,0,0,0,0,4,0,0,1,5,19,1
101,0,1,1,0,0,1,37,0,0,3,11,1
42,0,0,0,0,0,2,0,3,0,1,10,0
29,0,0,0,0,0,2,0,0,0,2,16,0
39,0,0,0,0,0,2,5,2,0,1,14,0
55,0,0,0,0,0,2,6,2,0,5,12,0
26,0,0,1,0,0,1,0,0,0,1,10,0
57,0,0,1,0,0,2,0,0,0,4,21,1
33,0,0,0,1,0,3,0,2,0,2,13,1
55,0,0,1,0,0,2,3,0,0,1,16,0
24,0,0,0,0,0,1,3,0,0,1,15,1
119,0,0,1,1,0,6,10,11,0,5,20,1
96,0,0,1,0,0,3,6,0,0,3,33,0
19,0,0,0,0,0,1,0,0,0,1,10,1
24,0,0,0,0,0,2,5,0,0,2,12,0
22,0,0,0,0,0,2,1,0,0,1,16,1
51,0,0,0,0,0,3,0,1,0,2,29,1
22,0,0,0,0,0,1,0,0,1,2,13,0
14,0,0,0,0,0,1,0,0,0,1,13,0
71,0,0,0,0,0,4,1,2,0,4,23,0
51,0,0,0,0,0,2,0,3,0,2,16,0
27,0,0,1,0,0,2,6,0,0,1,19,1
46,0,0,0,0,0,2,4,1,0,2,20,0
513,0,0,1,0,0,8,112,49,0,10,18,1
45,0,0,0,0,0,3,9,2,0,2,18,0
62,0,0,1,0,0,2,3,1,0,4,16,0
45,0,0,0,0,0,3,8,0,1,1,35,1
17,0,0,0,0,0,1,0,0,0,1,16,0
616,0,0,1,1,0,3,99,22,0,3,45,1
59,0,0,0,0,0,4,1,2,0,5,9,1
20,0,0,0,0,0,2,0,0,1,1,19,0
37,0,0,0,0,0,2,0,0,0,4,13,1
35,0,0,1,0,0,3,0,0,0,2,18,0
152,0,0,0,0,0,2,58,1,0,6,27,1
35,0,0,0,0,0,3,2,0,0,2,23,1
35,0,0,0,0,1,4,11,1,0,2,14,1
61,0,0,1,0,0,1,0,2,0,6,15,1
21,0,0,0,0,0,1,0,1,0,2,16,1
26,0,0,0,0,0,2,0,0,0,1,16,0
23,0,0,0,0,0,2,0,0,0,2,14,1
21,0,0,0,0,0,2,0,1,0,1,9,1
106,0,0,1,1,0,10,23,0,0,2,63,1
42,0,0,0,0,0,1,22,0,0,4,10,1
37,0,0,1,0,0,2,0,0,0,3,15,1
47,0,0,0,0,0,3,0,0,0,4,10,0
22,0,0,0,0,0,1,0,0,0,2,16,1
88,0,0,1,0,0,1,22,4,0,2,11,0
47,0,0,1,0,0,2,0,0,0,3,16,0
37,0,0,0,0,0,2,0,1,0,2,14,0
67,0,0,1,0,0,2,10,0,0,4,13,0
151,0,0,1,1,0,3,6,11,0,2,20,1
31,0,0,0,0,0,1,2,2,0,1,11,0
33,0,0,0,0,0,3,0,0,0,2,23,0
44,0,0,0,0,0,1,0,0,0,5,12,1
51,0,0,0,0,0,2,0,0,0,3,15,0
47,0,0,0,0,0,4,2,0,0,2,23,1
16,0,0,0,0,0,1,0,0,0,1,15,0
33,0,0,0,0,0,2,3,2,0,1,10,0
50,0,0,1,0,0,2,2,0,0,3,12,0
35,0,0,0,0,0,4,4,0,0,2,19,0
31,0,0,0,0,0,1,3,3,0,1,11,0
34,0,0,0,0,0,2,0,0,0,2,14,0
60,0,0,0,0,0,2,0,0,0,4,24,1
55,0,0,1,1,0,3,19,0,0,2,38,1
19,0,0,0,0,0,2,0,0,0,1,18,1
42,0,0,0,0,0,3,0,0,0,2,23,1
23,0,0,0,0,1,4,12,0,0,1,11,1
21,0,0,0,0,0,1,0,0,0,1,20,1
40,0,0,0,0,0,2,5,3,0,2,18,1
20,0,0,0,0,0,1,2,0,0,1,11,1
223,0,0,1,1,0,4,89,5,0,4,27,1
39,0,0,0,0,0,1,0,0,0,4,22,1
53,0,0,1,0,0,1,6,0,0,3,10,0
45,0,0,0,0,0,3,0,0,0,2,30,1
103,0,0,1,0,0,2,9,2,0,8,6,0
26,0,0,0,0,0,2,0,0,0,1,17,1
13,0,0,0,0,0,1,1,0,1,1,6,1
61,0,0,0,0,0,2,7,2,1,3,21,0
51,0,0,1,0,0,2,0,0,0,4,21,1
70,0,0,0,0,0,1,0,7,0,3,8,0
53,0,0,0,0,0,3,16,0,0,6,13,0
91,0,0,1,0,0,2,24,0,0,5,19,1
27,0,0,0,0,0,3,1,0,0,1,18,1
61,0,0,0,0,0,3,0,0,0,5,28,1
9,0,0,0,0,0,1,0,0,0,1,8,0
35,0,0,0,0,0,1,0,2,0,3,13,0
108,0,0,0,0,0,2,15,0,0,5,23,1
35,0,0,1,0,0,2,0,0,0,2,15,0
73,0,0,1,1,0,3,17,2,0,5,25,1
200,0,0,0,0,0,10,35,20,0,3,15,1
156,0,0,1,1,0,7,7,6,1,9,9,1
138,0,0,0,0,0,2,8,12,1,5,28,0
87,0,0,0,0,0,1,37,1,0,2,16,1
23,0,0,0,0,0,3,0,0,1,1,22,1
39,0,0,0,0,0,3,0,0,1,3,13,1
34,0,0,0,0,0,2,0,1,0,2,16,0
15,0,0,0,0,0,1,0,0,0,1,14,0
41,0,0,0,1,0,2,0,0,0,3,18,1
34,0,0,0,0,0,3,0,0,0,3,16,1
17,0,0,0,0,0,1,3,0,0,1,6,1
32,0,0,0,0,0,3,0,0,0,2,14,1
40,0,0,0,0,0,3,9,0,0,3,24,1
18,0,0,0,0,1,3,14,0,0,0,18,1
52,0,0,1,0,0,1,0,0,0,9,9,1
21,0,0,0,0,0,1,2,0,0,1,20,0
77,0,0,1,0,0,6,11,6,0,5,36,1
150,0,0,1,1,0,7,28,0,0,2,131,1
36,0,0,0,0,0,2,3,0,0,4,9,1
99,0,0,0,0,0,3,3,5,0,7,15,1
81,0,0,1,0,0,2,3,4,0,5,15,1
30,0,0,0,0,0,2,0,0,0,2,13,1
45,0,0,0,0,0,3,8,2,0,1,11,1
21,0,0,1,0,0,1,1,0,0,1,12,1
17,0,0,0,0,0,1,2,0,0,1,12,1
32,0,0,0,0,0,2,0,0,0,2,18,1
50,0,0,0,0,0,2,0,2,0,2,16,0
29,0,0,0,0,0,2,0,0,1,1,28,0
142,0,0,1,0,0,2,21,2,0,11,21,1
107,0,0,0,1,0,3,25,3,0,6,22,1
97,0,0,1,1,0,7,1,8,0,4,26,1
37,0,0,0,0,0,2,0,1,0,2,16,0
67,0,0,1,0,0,1,0,0,0,2,12,0
33,0,0,0,0,0,3,0,0,0,2,9,0
43,0,0,1,0,0,1,18,1,0,1,9,0
103,0,0,0,0,0,4,2,0,0,9,22,1
69,0,0,0,0,0,3,4,4,0,1,30,0
30,0,0,0,0,0,1,4,4,0,1,8,0
48,0,0,0,0,0,3,0,0,0,3,15,0
54,0,0,0,0,0,2,1,2,0,4,16,0
216,0,0,0,0,0,1,24,1,0,2,14,1
79,0,0,0,0,0,3,20,0,1,4,15,1
39,0,0,0,0,0,2,0,0,0,3,17,1
29,0,0,0,0,0,1,0,0,0,2,19,0
50,0,0,1,0,0,3,0,0,0,4,20,1
234,0,0,0,0,0,3,114,1,0,7,12,1
79,0,0,0,0,0,3,4,2,0,4,26,0
24,0,0,0,0,1,4,13,0,0,1,12,1
83,0,0,1,0,0,1,21,1,0,3,21,1
64,0,0,0,0,0,3,6,0,0,7,15,0
39,0,0,0,0,0,2,0,2,0,2,10,0
19,0,0,0,0,0,1,0,0,0,1,11,0
55,0,0,0,0,0,4,2,4,0,2,25,0
67,0,0,1,1,0,2,2,1,0,5,23,1
45,0,0,1,0,0,1,2,0,0,5,17,1
18,0,0,0,0,0,1,8,0,0,1,9,0
63,0,0,1,1,0,3,1,4,0,4,12,1
21,0,0,0,0,0,1,0,0,0,2,14,0
77,0,0,0,0,0,9,0,0,0,9,19,1
37,0,0,0,0,0,2,0,0,0,2,25,0
43,0,0,0,0,0,3,0,0,0,2,27,1
16,0,0,0,0,0,2,0,0,0,1,15,0
28,0,0,0,0,0,1,6,0,0,1,14,1
43,0,0,1,0,0,3,4,0,0,1,33,1
109,0,0,1,1,0,5,9,11,0,5,10,1
42,0,0,1,0,0,2,8,0,0,3,15,1
28,0,0,0,0,0,2,0,0,0,1,12,0
15,0,0,0,0,0,1,6,0,0,1,8,0
47,0,0,0,0,0,2,10,6,0,1,16,0
19,0,0,0,0,0,2,0,0,0,1,18,1
26,0,0,0,0,0,4,1,1,0,2,15,1
63,0,0,1,0,0,4,15,0,0,2,36,1
36,0,0,0,0,0,2,0,0,0,1,21,0
18,0,0,0,0,1,3,14,0,0,0,18,1
31,0,0,1,0,0,1,7,0,0,3,10,0
47,0,0,1,0,0,2,4,0,0,3,13,0
127,0,0,1,0,0,2,28,0,0,4,11,0
56,0,0,0,0,1,7,10,2,0,2,21,0
33,0,0,0,0,0,2,1,1,0,2,17,1
23,0,0,0,0,0,1,0,0,0,1,20,0
48,0,0,0,0,0,1,0,0,0,3,9,0
45,0,0,0,0,0,1,2,1,0,4,11,0
54,0,0,0,0,0,1,0,0,0,3,15,1
51,0,0,0,0,0,1,7,2,0,3,13,0
94,0,0,1,0,0,2,13,5,0,1,15,0
32,0,0,0,0,0,1,3,1,0,3,13,0
273,0,0,1,0,0,14,63,18,0,5,10,1
67,0,0,1,1,0,6,0,2,0,2,40,1
36,0,0,1,0,0,2,0,0,0,2,21,0
258,0,0,0,0,0,14,62,18,0,4,11,1
33,0,0,0,0,0,1,2,0,0,3,10,0
86,0,0,0,0,0,3,4,7,0,1,16,0
72,0,0,0,0,0,2,24,0,0,6,14,1
23,0,0,0,0,0,1,7,0,0,1,22,1
59,0,0,1,0,0,1,10,0,0,3,10,0
35,0,0,1,0,0,2,0,0,0,3,15,1
54,0,0,1,0,0,3,0,0,0,3,25,1
53,0,0,0,0,0,3,3,0,0,3,36,1
63,0,0,0,1,0,2,0,0,0,6,24,1
47,0,0,1,0,0,3,8,0,0,2,19,0
29,0,0,0,0,0,2,1,0,0,1,22,1
20,0,0,0,0,0,2,5,0,0,1,19,1
54,0,0,1,0,0,1,6,1,0,3,16,0
99,0,0,1,1,0,6,8,5,0,8,10,1
38,0,0,1,0,0,2,0,0,0,2,18,0
18,0,0,0,0,0,2,2,0,0,1,14,1
14,0,0,0,0,1,3,10,0,0,1,13,1
53,0,0,1,0,0,2,0,0,0,2,22,0
182,0,0,1,1,0,2,87,5,0,2,9,1
30,0,0,0,0,0,4,0,1,0,2,12,1
29,0,0,1,0,0,2,1,0,0,0,29,1
27,0,0,0,1,0,2,3,0,0,1,20,1
52,0,0,0,0,0,3,0,0,0,5,10,1
50,0,0,0,0,0,2,0,2,0,2,16,0
26,0,0,0,0,0,1,0,0,0,1,25,0
62,0,0,0,0,0,3,0,3,0,2,30,0
44,0,0,0,0,0,2,0,2,0,2,12,0
19,0,0,0,1,0,1,0,0,0,1,18,1
47,0,0,0,0,0,1,2,1,0,4,11,0
33,0,0,0,0,0,3,0,0,0,1,17,0
26,0,0,0,0,0,2,0,0,0,2,21,1
96,0,0,1,0,0,4,0,0,0,8,28,1
15,0,0,0,0,0,1,0,0,0,1,14,1
56,0,0,0,0,0,4,0,0,0,3,22,0
41,0,0,1,0,0,2,6,0,0,5,15,0
91,0,0,1,0,0,1,8,0,0,5,25,0
78,0,1,1,1,0,5,1,0,0,4,25,1
40,0,0,1,0,0,1,0,1,0,4,13,1
23,0,0,0,0,1,4,13,0,0,1,14,1
13,0,0,1,0,0,0,1,0,0,1,7,1
15,0,0,0,0,0,2,0,0,0,1,14,1
16,0,0,0,0,0,1,0,0,0,1,15,0
11,0,0,0,0,0,1,4,0,0,0,11,1
69,0,0,1,0,0,1,15,0,0,3,12,0
30,0,0,0,0,0,1,0,0,0,2,21,1
84,0,0,0,0,0,2,8,6,0,3,10,0
214,0,0,0,1,0,3,76,7,0,3,30,1
35,0,0,1,0,0,2,1,0,0,3,16,0
27,0,0,0,0,0,2,0,0,0,1,26,1
23,0,0,0,0,0,1,0,0,0,1,22,0
63,0,0,0,0,0,2,4,0,0,4,25,0
24,0,0,0,0,0,3,0,0,0,1,14,1
45,0,0,0,0,0,3,1,2,0,5,10,1
42,0,0,0,0,0,1,0,0,0,3,23,1
41,0,0,1,0,0,1,11,0,0,3,12,0
77,0,0,0,0,0,1,19,0,0,4,11,1
19,0,0,0,0,0,1,3,1,0,1,12,1
79,0,0,1,1,0,5,2,4,0,8,11,1
36,0,0,0,0,0,1,1,1,0,3,14,0
55,0,0,0,0,0,2,2,2,0,3,12,0
46,0,0,0,0,1,4,16,0,0,3,11,1
73,0,0,1,0,0,2,8,0,0,5,25,0
24,0,0,0,0,0,2,2,0,0,2,15,1
30,0,0,0,0,0,1,0,0,0,4,13,1
35,0,0,0,0,0,2,0,0,0,2,16,0
31,0,0,0,0,0,2,0,0,0,2,15,0
72,0,0,0,0,0,2,26,0,0,6,14,1
39,0,0,1,0,0,3,2,0,0,1,32,1
35,0,0,1,0,0,1,0,0,0,1,34,1
15,0,0,0,0,0,1,0,0,1,1,14,1
54,0,0,1,0,0,2,0,1,0,2,13,0
167,0,0,0,0,0,2,20,0,0,1,46,1
25,0,0,0,0,0,2,0,0,0,2,12,1
47,0,0,0,0,0,2,8,4,0,2,12,0
16,0,0,0,0,0,1,0,0,0,1,15,0
39,0,0,1,0,0,1,7,0,0,3,10,0
26,0,0,0,0,0,2,3,0,0,1,17,0
61,0,0,0,0,0,3,14,2,0,2,20,0
35,0,0,0,0,0,2,0,2,0,1,16,0
84,0,0,1,0,0,3,9,0,0,7,29,0
73,0,0,1,1,0,9,8,0,0,1,72,1
43,0,0,0,0,0,1,1,0,0,5,19,1
101,0,0,1,0,0,2,0,0,0,10,25,1
18,0,0,0,0,0,2,0,0,0,1,17,0
87,0,0,1,1,0,7,0,3,1,3,19,1
50,0,0,0,0,0,2,0,2,0,1,13,0
82,0,0,1,0,0,2,17,0,0,4,19,1
72,0,0,0,0,0,2,8,0,0,5,25,1
18,0,0,0,0,0,1,5,0,0,1,9,1
26,0,0,0,0,0,3,0,0,0,1,16,0
77,0,0,0,0,0,3,6,4,1,4,23,0
21,0,0,0,0,0,1,0,1,0,1,6,0
27,0,0,0,0,0,2,4,0,0,2,14,0
42,0,0,0,0,0,4,0,0,0,1,25,1
68,0,0,0,0,0,2,0,6,0,2,8,1
26,0,0,0,0,0,4,0,0,0,2,22,1
36,0,0,0,0,0,4,0,0,0,2,15,0
125,0,0,1,0,0,1,8,0,0,4,12,0
40,0,0,0,0,0,2,1,1,0,1,19,1
35,0,0,0,0,0,3,7,0,0,2,20,0
19,0,0,0,0,0,1,0,0,0,1,18,1
79,0,0,0,0,0,2,2,2,0,2,15,1
345,0,0,1,1,0,3,51,8,0,3,45,1
37,0,0,0,0,0,2,9,0,0,3,20,1
95,0,0,0,0,0,2,22,4,0,8,15,0
65,0,0,1,0,0,1,0,2,0,4,13,1
44,0,0,0,0,1,6,16,0,0,4,15,1
56,0,0,1,0,0,1,4,0,0,6,14,1
43,0,0,0,0,0,2,0,0,0,3,26,1
29,0,0,1,0,0,1,0,0,0,3,13,1
13,0,0,0,0,0,1,0,0,0,1,12,0
58,0,0,1,0,0,3,0,0,0,1,43,1
21,0,0,0,0,0,1,0,0,0,2,12,0
11,0,0,0,0,0,1,4,0,0,0,11,1
21,0,0,0,0,0,2,0,0,0,1,12,0
35,0,0,1,1,0,1,0,0,0,2,26,1
67,0,0,1,0,0,2,0,3,0,2,16,0
37,0,0,1,0,0,2,0,2,0,1,18,0
80,0,0,0,0,0,4,2,0,0,2,22,1
95,0,0,0,0,0,6,5,3,0,6,17,1
21,0,0,0,0,0,1,0,0,0,1,20,1
34,0,0,0,1,0,3,0,1,0,3,10,1
30,0,0,0,1,0,3,0,0,1,1,19,1
66,0,0,0,0,0,3,18,0,0,2,22,1
38,0,0,1,0,0,1,8,0,0,2,12,1
40,0,0,1,0,0,1,0,0,0,3,19,0
178,0,0,0,0,0,3,38,1,0,3,12,1
52,0,0,0,0,0,2,0,4,0,2,16,0
103,0,0,1,0,0,1,8,0,0,5,15,0
31,0,0,0,0,0,1,0,0,0,4,14,1
41,0,0,0,0,0,3,2,0,1,4,13,1
24,0,0,1,0,0,1,0,0,0,0,24,1
93,0,0,0,1,0,5,1,7,0,4,13,1
45,0,0,0,0,0,4,10,0,0,2,25,0
46,0,0,1,0,0,4,0,0,0,2,36,0
49,0,0,0,1,0,2,0,2,0,3,15,1
25,0,0,0,0,0,3,0,0,0,2,10,1
345,0,0,1,1,0,3,46,12,0,3,45,1
31,0,0,0,0,0,2,2,0,0,1,22,1
56,0,0,1,0,0,2,0,0,0,1,21,0
124,0,0,1,1,0,5,20,7,0,3,19,1
64,0,0,0,0,0,2,0,6,0,2,16,0
31,0,0,1,0,0,1,2,2,0,1,11,0
32,0,0,0,0,0,2,4,0,0,2,17,0
69,0,0,1,0,0,1,0,0,0,5,14,0
43,0,0,0,0,1,5,13,0,0,3,14,1
58,0,0,0,0,0,5,6,2,0,5,15,1
31,0,0,0,0,0,3,1,2,0,1,14,0
63,0,0,0,1,0,6,1,4,0,3,45,1
38,0,0,0,1,0,2,1,0,0,3,14,1
52,0,0,1,1,0,2,6,0,0,5,15,1
28,0,0,0,0,0,1,0,0,0,1,11,0
21,0,0,0,0,0,1,3,0,0,1,12,1
41,0,0,0,0,0,2,8,1,0,2,10,0
92,0,1,1,0,0,4,0,3,0,2,26,1
20,0,0,0,0,0,2,2,0,0,1,14,1
39,0,0,1,0,0,2,1,0,0,2,17,1
62,0,0,1,0,0,1,0,0,0,5,10,0
41,0,0,0,0,0,2,0,2,0,2,12,0
36,0,0,0,0,0,3,1,0,0,3,10,0
142,0,0,1,1,0,4,13,7,0,6,38,1
28,0,0,0,0,0,2,2,0,0,3,9,0
18,0,0,0,0,0,1,5,0,0,1,12,0
49,0,0,1,0,0,2,1,0,0,3,18,1
33,0,0,0,0,0,2,0,0,0,2,17,0
39,0,0,0,0,0,3,0,2,0,2,16,0
299,0,0,1,0,0,6,45,21,0,1,35,1
11,0,0,0,0,0,1,0,0,0,1,10,0
47,0,0,1,0,0,2,0,0,0,2,22,0
46,0,0,1,0,0,3,0,0,0,3,22,0
60,0,0,1,0,0,1,0,0,0,3,14,0
28,0,0,0,0,0,2,2,0,0,1,19,1
47,0,0,0,0,0,1,0,0,0,2,9,0
35,0,0,0,0,0,1,0,0,0,3,14,0
23,0,0,0,0,0,1,0,0,0,1,11,0
689,0,0,1,0,0,11,130,56,1,1,17,1
38,0,0,0,0,0,2,0,0,0,2,17,1
25,0,0,1,0,0,2,2,0,0,3,10,1
72,0,0,1,1,0,1,21,1,0,4,15,1
59,0,0,0,0,0,4,1,2,0,5,14,1
54,0,0,0,0,0,2,0,1,1,3,21,1
183,0,0,1,0,0,1,19,6,0,1,8,0
91,0,0,1,0,0,2,23,0,0,5,19,1
82,0,0,1,0,0,3,15,2,0,3,39,1
48,0,0,0,0,0,2,0,2,0,2,16,0
24,0,0,0,0,0,1,1,0,0,1,17,1
48,0,1,0,0,0,2,0,2,0,2,17,1
21,0,0,0,0,0,2,1,0,0,1,15,1
70,0,0,1,0,0,2,5,0,0,3,26,0
30,0,0,0,0,0,1,0,0,0,2,12,0
48,0,0,0,0,0,2,8,0,0,4,8,0
256,0,0,1,1,0,15,40,0,1,2,197,1
20,0,0,0,0,0,1,0,0,0,1,11,1
21,0,0,0,0,0,1,0,0,0,2,14,1
188,0,0,1,1,0,3,87,5,0,3,13,1
70,0,0,0,1,0,5,1,3,0,8,11,1
118,0,0,1,1,0,5,7,1,0,3,28,1
29,0,0,0,0,0,2,1,0,0,1,12,0
19,0,0,0,0,0,1,3,0,0,1,12,1
34,0,0,0,0,0,2,0,0,0,2,18,1
16,0,0,0,0,0,1,2,0,0,1,10,1
32,0,0,0,0,0,1,0,0,1,4,15,1
15,0,0,0,0,0,1,0,0,0,0,15,1
102,0,0,1,0,0,2,15,6,0,4,17,0
215,0,0,1,0,0,1,6,0,0,4,15,0
36,0,0,0,0,0,2,0,1,0,2,16,0
26,0,0,0,0,0,1,0,0,0,3,15,1
38,0,0,1,1,0,1,0,0,0,4,15,1
50,0,0,1,0,0,2,0,0,0,6,19,1
202,0,0,1,1,0,3,79,5,0,4,21,1
31,0,0,0,0,0,2,0,0,0,2,22,0
16,0,0,0,0,1,3,12,0,0,1,15,1
101,0,0,1,0,0,2,21,0,0,7,17,1
35,0,0,0,0,0,2,2,0,0,1,34,1
22,0,0,0,0,0,2,0,0,0,1,13,1
103,0,0,0,1,0,7,21,5,0,5,30,1
75,0,0,0,1,0,5,1,3,0,8,13,1
182,0,0,1,1,0,5,9,5,0,11,19,1
17,0,0,0,0,0,1,0,0,1,1,16,0
37,0,0,1,0,0,3,0,0,1,1,16,0
48,0,0,1,0,0,1,0,0,0,2,11,0
18,0,0,0,0,0,2,0,0,0,1,17,0
30,0,0,0,0,0,1,2,3,0,1,9,0
28,0,0,0,0,0,2,3,0,0,1,20,1
97,0,0,1,1,0,7,14,7,0,5,39,1
70,0,0,1,0,0,1,0,0,0,5,7,0
58,0,0,0,0,0,2,9,4,0,2,16,0
29,0,0,0,0,0,2,0,0,0,1,19,1
39,0,0,0,0,0,2,0,1,0,2,16,0
42,0,0,1,0,0,1,0,0,1,1,14,0
31,0,0,1,0,0,1,0,0,0,3,12,0
26,0,0,0,0,0,1,0,3,0,1,6,0
26,0,0,0,0,0,2,0,0,0,2,12,1
13,0,0,0,0,0,1,0,0,1,1,12,0
62,0,0,1,0,0,3,7,0,0,3,19,0
86,0,0,0,1,0,3,23,0,0,6,10,1
87,0,0,1,0,0,2,0,0,0,3,17,0
39,0,0,0,0,0,1,0,2,0,2,13,0
27,0,0,1,0,0,2,0,0,0,2,18,0
14,0,0,0,0,0,2,0,0,0,1,13,0
143,0,0,1,0,0,5,38,4,0,2,13,1
68,0,0,1,0,0,2,0,0,0,5,20,1
25,0,0,0,0,0,3,0,0,0,1,16,1
63,0,0,0,0,0,1,0,5,0,1,14,0
29,0,0,0,0,0,2,0,0,0,3,17,0
71,0,0,1,1,0,3,0,0,0,1,70,1
24,0,0,0,0,0,1,0,0,0,2,18,1
64,0,0,1,0,0,1,5,0,0,3,9,0
25,0,0,0,0,0,4,0,0,0,1,17,1
46,0,0,0,0,0,2,0,0,0,3,29,1
48,0,0,1,0,0,2,0,0,0,4,12,1
101,0,0,0,1,0,3,16,0,0,9,15,1
23,0,0,0,0,0,2,2,0,0,1,13,1
253,0,0,0,1,0,14,62,18,0,2,18,1
26,0,0,0,0,0,2,1,0,0,1,25,1
54,0,0,1,0,0,1,0,0,0,2,15,0
45,0,0,0,0,0,2,0,2,0,2,16,0
82,0,0,1,0,0,1,15,0,0,3,8,0
56,0,0,1,0,0,2,6,0,0,4,18,0
32,0,0,0,0,0,3,1,0,0,1,20,1
148,0,0,1,1,0,3,14,4,0,11,17,1
197,0,0,1,1,0,5,51,10,0,8,8,1
25,0,0,0,0,1,4,13,0,0,1,13,1
25,0,0,0,0,1,4,17,0,0,1,15,1
47,0,0,1,0,0,2,6,0,0,5,15,0
24,0,0,0,0,0,2,0,0,1,1,23,0
41,0,0,0,0,0,4,0,0,0,2,26,1
43,0,0,1,0,0,2,3,0,0,2,14,0
85,0,0,1,0,0,2,0,0,0,5,21,0
310,0,0,1,1,0,14,64,21,0,8,10,1
62,0,0,1,0,0,3,2,0,0,6,13,1
96,0,0,1,0,0,2,9,4,0,3,10,0
24,0,0,0,0,0,1,0,0,1,3,13,0
38,0,0,1,0,0,2,1,2,1,1,12,0
134,0,0,1,1,0,4,47,4,0,3,16,1
25,0,0,0,0,0,1,0,0,0,1,24,0
43,0,0,1,0,0,2,0,0,0,2,17,0
40,0,0,0,0,0,2,4,4,0,2,16,0
31,0,0,0,0,0,1,1,0,0,3,9,0
42,0,0,0,0,0,3,17,0,0,4,17,1
22,0,0,0,0,0,1,0,0,0,1,21,1
27,0,0,0,0,0,1,0,0,0,1,11,0
36,0,0,0,0,0,2,2,0,0,1,25,1
83,0,0,1,0,0,1,8,0,0,3,11,0
108,0,0,1,1,0,8,27,5,0,5,35,1
106,0,0,1,0,0,1,37,0,0,3,12,0
43,0,0,0,0,0,1,0,1,0,2,21,0
45,0,0,0,0,0,3,2,0,0,3,22,0
75,0,0,1,0,0,1,16,3,0,3,11,0
9,0,0,0,0,0,1,1,0,0,1,8,0
22,0,0,0,0,0,2,0,0,0,1,12,1
43,0,0,0,0,0,1,2,2,0,1,16,1
24,0,0,0,0,0,1,0,0,0,1,12,0
38,0,0,0,0,0,2,0,0,0,3,16,0
36,0,0,0,0,0,3,0,0,0,2,25,1
27,0,0,0,0,0,1,0,0,0,2,9,0
17,0,0,0,0,1,3,13,0,0,0,17,1
19,0,0,0,0,0,1,0,0,0,2,6,0
18,0,0,0,0,0,2,0,0,0,2,13,0
83,0,0,1,0,0,2,20,0,0,5,15,1
47,0,0,0,0,0,3,0,0,0,2,25,0
63,0,0,1,0,0,1,0,0,0,8,11,1
34,0,0,0,0,0,1,0,1,0,2,10,0
31,0,0,0,0,0,2,0,0,1,2,16,1
67,0,0,1,0,0,3,0,2,0,3,32,1
76,0,0,0,0,0,2,29,2,0,2,18,0
30,0,0,0,0,0,1,4,0,0,2,19,0
31,0,0,0,0,0,1,0,0,1,3,15,0
22,0,0,0,0,0,1,0,0,0,1,13,1
34,0,0,0,0,0,2,0,1,0,2,16,0
103,0,0,0,0,0,2,13,20,0,2,17,1
55,0,0,1,0,0,4,0,0,0,2,16,0
31,0,0,0,0,0,2,10,0,0,2,15,0
64,0,0,1,0,0,3,8,0,0,2,17,0
22,0,0,0,0,0,2,0,0,1,1,21,0
23,0,0,0,0,0,1,3,0,1,1,14,1
39,0,0,0,0,0,2,0,1,0,2,16,0
64,0,0,1,0,0,1,7,0,0,5,13,0
49,0,0,1,0,0,2,9,0,0,3,18,0
51,0,0,1,0,0,2,0,0,0,2,17,0
55,0,0,0,0,0,2,0,0,0,6,12,1
45,0,0,1,0,0,2,0,0,0,1,28,0
100,0,0,0,0,0,1,43,0,0,5,14,1
49,0,0,1,0,0,2,1,3,0,4,8,0
92,0,0,1,1,0,7,1,8,0,5,26,1
54,0,0,1,0,0,2,2,1,0,4,14,0
43,0,0,0,0,0,2,0,2,0,2,16,0
25,0,0,0,0,0,1,0,0,0,2,10,0
41,0,0,1,0,0,1,7,0,0,4,9,0
47,0,0,0,0,0,3,0,1,0,4,14,0
48,0,0,1,0,0,3,2,0,0,2,14,0
22,0,0,0,0,0,1,0,0,0,1,21,0
81,0,0,0,1,0,3,2,3,0,7,16,1
86,0,0,1,0,0,2,19,5,0,4,29,0
49,0,0,1,0,0,2,0,0,0,4,16,0
277,0,0,1,0,0,3,16,29,0,1,14,1
92,0,0,1,0,0,3,7,0,1,3,19,0
42,0,1,0,0,0,1,20,0,0,4,10,0
20,0,0,0,0,0,1,3,0,0,1,12,1
89,0,0,1,0,0,2,11,0,0,4,13,0
40,0,0,1,0,0,1,0,0,0,2,15,0
35,0,0,0,0,0,2,0,1,0,2,16,0
30,0,0,0,1,0,2,0,0,0,3,12,1
15,0,0,0,0,1,3,12,0,0,0,15,1
47,0,0,0,0,0,2,0,0,0,2,21,1
25,0,0,0,0,0,2,4,0,0,2,6,0
41,0,0,1,0,0,2,0,0,1,1,16,0
88,0,0,1,0,0,1,6,0,0,5,15,0
22,0,0,0,0,0,3,4,0,0,1,11,0
21,0,0,0,0,0,1,1,0,0,1,12,1
30,0,0,0,0,0,3,6,0,0,3,18,0
70,0,0,1,0,0,1,9,4,0,3,14,0
50,0,0,1,0,0,2,4,0,0,4,14,1
58,0,0,0,0,0,1,25,0,0,3,13,1
23,0,0,0,0,0,2,0,0,0,2,12,0
71,0,0,0,1,0,6,1,4,0,3,45,1
49,0,0,1,0,0,1,0,0,0,2,11,0
31,0,0,1,0,0,3,0,0,0,2,19,1
46,0,0,0,0,0,4,0,1,0,3,12,1
32,0,0,0,0,0,2,0,1,0,2,16,0
38,0,0,1,0,0,2,0,0,0,2,25,1
21,0,0,0,0,0,1,0,0,0,1,20,0
19,0,0,0,0,0,1,0,0,0,0,19,1
65,0,0,0,0,0,4,12,0,0,4,31,0
50,0,0,0,0,0,1,0,0,0,3,11,0
41,0,0,1,0,0,2,3,3,0,1,10,0
31,0,0,0,0,0,1,2,2,0,1,11,0
14,0,0,0,0,0,2,2,0,0,0,14,1
98,0,0,1,0,0,1,11,0,1,3,12,0
37,0,0,1,0,0,4,0,0,0,2,18,1
24,0,0,0,0,0,2,0,0,0,1,15,1
41,0,0,0,0,0,3,0,0,0,4,11,1
32,0,0,0,1,0,3,0,0,0,3,12,1
213,0,0,1,1,0,9,82,0,0,2,14,1
36,0,0,1,0,0,1,1,0,0,2,8,0
45,0,0,1,0,0,3,6,0,0,3,23,0
35,0,0,0,0,0,2,0,1,0,2,16,0
33,0,0,0,0,0,2,0,0,0,2,13,1
42,0,0,1,0,0,3,4,2,0,1,25,1
29,0,0,0,0,0,1,0,0,0,1,28,0
29,0,0,0,0,0,1,0,0,0,3,12,1
32,0,0,0,0,0,2,1,0,0,3,12,1
37,0,0,0,1,0,3,0,0,0,2,19,1
89,0,0,1,0,0,4,3,0,0,3,20,1
32,0,0,0,0,0,2,0,0,0,1,21,0
60,0,0,1,0,0,2,1,2,0,3,11,0
17,0,0,0,0,0,2,0,0,0,1,16,0
97,0,0,1,0,0,1,5,0,0,5,10,0
20,0,0,0,0,1,3,12,0,0,2,13,1
116,0,0,1,0,0,2,7,0,0,5,11,0
35,0,0,0,0,0,2,0,3,0,2,8,0
84,0,0,1,0,0,2,21,0,0,6,11,1
84,0,0,1,1,0,2,0,0,0,6,22,1
64,0,0,1,0,0,2,6,0,0,4,19,0
65,0,0,1,0,0,2,0,1,1,6,14,1
59,0,0,1,0,0,2,8,0,0,1,15,0
40,0,0,0,0,0,2,0,0,0,3,12,0
31,0,0,0,0,0,1,1,2,0,1,11,0
20,0,0,0,0,0,1,0,0,0,1,10,0
16,0,0,0,0,0,1,0,0,0,1,12,1
34,0,0,0,0,0,2,0,0,0,4,16,1
43,0,0,0,0,0,3,0,0,0,3,20,1
19,0,0,0,0,0,1,3,0,1,1,12,1
28,0,0,0,0,0,1,0,0,0,1,27,0
112,0,0,1,0,0,1,7,1,0,5,13,0
85,0,0,0,0,0,4,10,8,0,2,14,1
81,0,0,0,0,0,1,0,0,1,8,19,1
69,0,0,0,0,0,2,4,0,0,5,27,1
43,0,0,0,0,0,1,1,2,0,3,14,0
27,0,0,0,0,0,2,0,0,0,2,16,0
30,0,0,0,0,0,1,12,0,0,4,8,0
80,0,0,0,0,0,1,6,9,0,3,14,0
119,0,0,1,0,0,1,1,0,0,3,15,0
18,0,0,0,0,1,3,14,0,0,0,18,1
65,0,0,1,0,0,5,8,1,0,2,37,1
43,0,0,0,0,0,3,5,2,0,1,13,0
84,0,0,1,0,0,2,5,0,0,2,18,0
25,0,0,0,0,0,2,1,0,0,1,17,1
77,0,0,0,0,0,2,8,6,0,4,10,0
33,0,0,1,0,0,2,0,0,0,2,24,0
42,0,0,0,0,0,2,0,2,0,2,16,0
71,0,0,1,0,0,2,8,0,0,2,14,0
25,0,0,0,0,0,1,2,0,1,1,16,1
31,0,0,0,0,0,2,3,0,0,2,15,0
70,0,0,0,0,0,2,0,7,0,2,10,0
20,0,0,0,0,0,1,4,0,0,1,10,0
1081,0,0,0,1,0,12,176,62,0,2,14,1
60,0,0,1,0,0,2,0,0,0,5,25,0
23,0,0,0,0,0,3,0,0,0,1,12,0
61,0,0,0,0,0,3,15,2,0,2,20,0
38,0,0,0,0,0,2,0,1,0,2,20,0
28,0,0,1,0,0,1,1,0,0,3,13,1
118,0,0,1,0,0,1,26,1,0,4,12,1
25,0,0,0,0,0,2,0,0,1,1,24,0
112,0,0,1,0,0,4,53,0,0,3,60,1
164,0,0,1,1,0,2,62,5,0,3,17,1
44,0,0,1,0,0,2,0,0,0,3,15,1
52,0,0,1,0,0,3,0,0,0,2,16,0
95,0,0,1,0,0,1,19,2,0,4,11,1
17,0,0,0,0,0,2,0,0,0,2,13,1
67,0,0,1,0,0,1,19,0,0,5,10,0
44,0,0,0,0,0,2,0,0,0,4,24,1
33,0,0,0,0,0,2,0,0,0,3,19,0
66,0,0,1,0,0,2,10,2,0,4,16,0
24,0,0,0,0,0,1,2,0,0,1,17,1
30,0,0,0,0,0,3,0,0,0,2,18,0
168,0,0,1,1,0,2,54,5,0,4,20,1
31,0,0,0,0,0,1,1,2,0,1,11,0
36,0,0,0,0,0,2,0,0,0,3,14,1
61,0,0,1,0,0,1,15,0,0,3,12,0
67,0,0,0,1,0,6,8,2,0,2,33,1
34,0,0,0,0,0,1,9,0,0,4,10,0
45,0,0,0,1,0,1,0,1,0,5,17,1
15,0,0,1,0,0,1,0,0,0,1,14,0
21,0,0,0,0,0,1,0,0,0,1,13,1
121,0,0,0,1,0,4,39,12,0,1,12,1
31,0,0,0,0,0,1,3,0,0,2,13,0
23,0,0,1,0,0,2,0,0,0,1,22,1
34,0,0,0,0,0,3,0,0,0,3,22,0
36,0,0,0,0,0,3,0,0,0,1,17,0
42,0,0,0,0,0,2,3,2,0,2,16,0
106,0,0,0,0,0,2,20,3,0,9,16,1
26,0,0,0,0,0,2,1,0,0,2,18,1
33,0,0,0,0,0,2,0,0,0,1,19,0
28,0,0,0,0,0,2,1,0,0,1,27,0
98,0,0,1,0,0,1,18,0,0,9,11,1
37,0,0,1,0,0,1,0,0,0,2,10,0
44,0,0,1,0,0,2,0,0,0,1,21,0
74,0,0,1,0,0,3,7,0,0,1,65,1
25,0,0,0,0,0,1,0,0,0,1,24,0
24,0,0,0,0,0,2,0,0,1,1,23,0
22,0,0,1,0,0,1,9,0,0,1,10,0
40,0,0,0,0,0,2,0,1,0,2,16,0
244,0,0,0,0,0,15,75,25,0,2,15,1
25,0,0,0,0,0,1,4,1,0,2,10,0
26,0,0,0,0,0,2,0,0,0,2,12,1
44,0,0,1,0,0,2,7,2,0,1,19,1
41,0,0,0,0,0,2,0,1,0,1,18,0
35,0,0,1,0,0,2,11,0,0,2,12,0
34,0,0,0,0,0,3,2,2,0,2,13,1
35,0,0,0,0,0,2,0,0,0,1,22,0
33,0,0,0,0,0,1,0,0,0,3,13,0
33,0,0,0,0,0,2,0,0,0,1,32,0
46,0,0,1,0,0,1,2,2,0,2,25,0
80,0,0,1,0,0,1,6,0,0,6,14,0
43,0,0,1,0,0,3,0,0,0,3,17,0
19,0,0,0,0,0,1,0,0,0,2,8,1
28,0,0,1,0,0,1,0,0,0,3,12,0
86,0,0,1,0,0,2,8,2,0,2,17,0
32,0,0,0,0,0,2,6,0,0,3,11,0
49,0,0,1,0,0,1,0,0,0,2,30,0
106,0,0,1,1,0,7,2,5,0,8,13,1
54,0,0,1,0,0,2,4,0,0,3,12,0
158,0,0,1,0,0,2,18,0,0,5,25,0
82,0,0,0,0,0,1,0,6,0,2,18,0
11,0,0,0,0,0,1,0,0,0,1,10,1
45,0,0,1,0,0,2,0,0,1,3,24,0
17,0,0,0,0,0,3,0,0,0,1,16,1
59,0,0,1,0,0,2,16,5,0,1,17,0
45,0,0,0,0,0,2,0,0,0,3,20,0
75,0,0,1,0,0,1,8,0,0,5,14,0
310,0,0,1,1,0,12,121,1,0,4,209,1
14,0,0,0,0,0,1,0,0,0,1,13,1
16,0,0,0,0,0,1,0,0,0,1,15,0
38,0,0,0,0,0,2,5,2,0,1,13,0
71,0,0,1,1,0,3,4,2,1,4,11,1
48,0,0,0,0,0,3,2,1,0,1,19,1
36,0,0,0,0,0,1,0,0,0,4,13,0
84,0,0,1,0,0,2,1,0,0,7,24,1
81,0,0,1,0,0,3,12,0,0,3,14,0
71,0,0,0,0,0,3,0,4,0,4,14,0
40,0,0,0,0,0,2,0,0,0,4,20,1
49,0,0,1,0,0,1,5,0,0,3,10,0
118,0,0,0,1,0,5,12,13,0,2,12,1
72,0,0,1,0,0,3,1,0,0,5,23,1
26,0,0,0,0,0,2,0,0,0,0,26,1
69,0,0,1,0,0,3,0,0,0,5,20,1
35,0,0,1,0,0,1,0,0,0,2,11,0
123,0,0,1,0,0,2,11,2,0,2,14,0
58,0,0,1,0,0,1,0,0,0,2,8,0
30,0,0,0,0,0,2,0,0,0,2,20,0
32,0,0,0,0,0,1,3,0,0,2,12,0
41,0,0,1,0,0,1,1,1,0,3,14,0
53,0,0,0,0,0,4,3,0,0,3,18,1
35,0,0,0,0,0,1,11,0,0,4,13,0
87,0,0,0,0,0,2,19,2,0,1,14,1
22,0,0,0,0,0,2,0,0,0,1,13,1
20,0,0,0,0,0,1,2,1,0,2,11,1
39,0,0,1,0,0,2,0,1,0,2,13,0
170,0,0,1,1,0,7,81,0,0,1,137,1
78,0,0,1,0,0,2,7,0,0,3,9,0
32,0,0,0,0,0,2,0,0,0,1,19,0
78,0,0,1,0,0,2,7,2,1,2,18,0
23,0,0,0,0,0,2,1,0,0,1,14,1
99,0,0,1,1,0,8,9,2,0,5,12,1
24,0,0,0,0,0,2,0,0,0,1,23,0
57,0,0,1,0,0,2,3,0,0,4,17,0
47,0,0,0,0,0,4,0,0,0,1,31,1
19,0,0,0,0,0,1,0,0,0,2,15,0
20,0,0,0,0,0,1,5,0,0,2,9,0
31,0,0,0,0,0,3,1,3,0,1,12,0
37,0,0,0,0,0,2,0,0,0,4,23,1
27,0,0,0,0,0,3,0,0,0,1,17,0
30,0,0,0,0,0,2,0,0,0,1,29,0
173,0,0,1,1,0,8,71,0,0,2,130,1
69,0,0,1,0,0,1,20,0,0,5,7,1
62,0,0,0,0,0,1,0,0,0,2,33,1
52,0,0,1,1,0,4,0,0,0,3,20,1
73,0,0,1,0,0,1,11,5,0,3,16,0
90,0,0,1,1,0,6,0,4,0,4,21,1
62,0,0,0,0,0,2,0,2,0,4,17,1
70,0,0,0,0,0,3,9,3,0,4,20,0
58,0,0,0,0,0,2,0,0,0,1,30,0
71,0,0,0,0,0,4,2,0,0,5,27,1
118,0,0,1,1,0,8,1,6,0,4,36,1
26,0,0,0,0,0,2,0,0,0,1,15,1
40,0,0,0,0,0,2,0,2,0,1,13,0
63,0,0,0,0,0,2,14,6,0,1,13,0
20,0,0,0,0,0,2,0,0,0,2,12,1
32,0,0,0,0,0,4,0,0,0,2,19,1
85,0,0,0,0,0,4,12,2,0,3,29,1
59,0,0,0,0,0,3,0,0,0,3,22,0
38,0,0,0,0,0,2,9,0,0,2,22,0
130,0,0,1,0,0,8,0,0,0,11,15,1
64,0,0,0,0,0,3,0,2,1,4,20,0
33,0,0,0,0,0,2,0,0,0,2,10,1
47,0,0,0,0,0,2,10,2,0,2,12,0
32,0,0,0,0,0,2,0,0,0,1,16,0
28,0,0,0,0,0,2,0,0,0,2,20,0
39,0,0,1,0,0,3,0,1,0,2,14,0
32,0,0,0,0,0,1,0,1,0,3,7,0
73,0,0,0,1,0,5,0,0,0,7,10,1
30,0,0,0,0,0,3,1,0,0,1,19,1
17,0,0,0,0,0,2,0,0,0,1,9,1
113,0,0,1,0,0,1,0,0,0,2,12,0
50,0,0,1,0,0,2,3,0,0,2,15,0
49,0,0,1,0,0,2,0,0,0,3,17,0
36,0,0,0,0,0,2,0,0,0,2,22,0
18,0,0,0,0,0,1,2,0,0,1,11,1
76,0,0,1,0,0,2,8,0,0,2,21,0
95,0,0,1,0,0,1,14,0,0,4,17,1
38,0,0,0,0,0,2,0,1,0,2,16,0
28,0,0,0,0,0,3,0,0,0,2,20,0
106,0,0,1,0,0,1,9,0,0,2,22,0
44,0,0,1,0,0,1,0,0,0,2,14,0
104,0,0,1,1,0,7,2,5,0,8,15,1
76,0,0,1,0,0,1,23,1,0,3,27,1
50,0,0,1,0,0,1,27,0,0,3,12,1
47,0,0,1,0,0,2,0,1,0,3,15,0
98,0,0,0,1,0,6,1,5,0,12,10,1
34,0,0,0,0,0,3,2,0,0,1,23,1
39,0,0,0,0,0,1,2,0,0,3,14,1
24,0,0,0,0,0,1,0,0,0,2,14,1
41,0,0,0,0,0,2,0,0,1,2,25,1
15,0,0,0,0,0,1,0,0,0,1,14,0
77,0,0,0,0,0,2,7,5,1,3,21,0
26,0,0,0,0,0,2,0,0,0,2,16,0
72,0,0,1,1,0,4,15,0,0,2,32,1
22,0,0,0,0,0,1,0,0,0,1,21,0
45,0,0,0,1,0,1,0,0,0,4,19,1
27,0,0,0,0,0,2,4,0,0,2,14,0
45,0,0,0,0,0,5,14,0,0,4,15,1
69,0,0,1,0,0,2,0,0,0,5,20,1
126,0,0,1,0,0,1,5,0,0,7,14,0
26,0,0,0,0,0,1,0,0,0,2,13,1
24,0,0,0,0,0,1,1,0,0,3,13,0
43,0,0,1,0,0,2,0,0,0,2,18,0
39,0,0,0,0,0,2,10,2,0,1,11,0
31,0,0,1,0,0,1,5,0,0,1,13,0
54,0,0,0,0,0,3,11,3,0,2,14,1
44,0,0,0,0,0,2,6,2,0,2,14,0
18,0,0,0,1,0,1,0,0,0,1,12,1
17,0,0,1,0,0,1,0,0,0,1,16,0
73,0,0,0,0,0,2,0,7,0,2,16,0
158,0,0,1,1,0,5,40,8,0,3,19,1
27,0,0,1,0,0,1,0,0,0,1,26,0
31,0,0,1,0,0,2,2,0,0,1,23,1
79,0,0,0,0,0,3,8,6,1,2,21,0
25,0,0,0,0,0,1,0,0,0,2,11,0
61,0,0,1,1,0,3,0,3,0,4,20,1
11,0,0,0,0,0,1,4,0,0,0,11,1
22,0,0,0,0,0,2,0,0,1,1,21,1
63,0,0,0,0,0,10,11,0,0,1,19,1
27,0,0,0,0,0,2,4,0,0,2,14,0
34,0,0,0,0,0,3,0,0,0,5,13,1
20,0,0,0,0,0,1,0,0,0,3,10,1
102,0,0,1,1,0,4,0,4,0,6,12,1
32,0,0,0,0,0,1,0,0,1,3,16,1
18,0,0,1,0,0,1,0,0,0,1,17,0
33,0,0,1,0,0,2,1,0,0,2,17,1
24,0,0,0,0,0,1,0,0,0,2,16,1
46,0,0,0,0,0,2,2,2,0,1,21,1
33,0,0,0,0,0,2,2,0,0,2,13,1
55,0,0,0,0,0,2,0,4,0,2,16,0
47,0,0,0,0,0,1,0,0,0,8,11,1
40,0,0,0,0,0,3,0,2,0,1,22,0
26,0,0,0,0,0,1,4,0,0,1,11,1
21,0,0,1,0,0,1,0,0,1,2,13,1
44,0,0,0,0,0,1,0,1,0,2,21,0
29,0,0,0,0,0,3,0,0,0,2,17,1
49,0,0,0,0,0,2,4,3,0,2,16,0
53,0,0,0,0,0,3,17,0,0,3,17,1
25,0,0,0,0,0,2,1,0,0,1,16,1
56,0,0,1,0,0,3,6,0,1,3,28,0
21,0,0,0,0,0,1,0,0,0,2,12,0
17,0,0,0,0,0,1,2,0,0,1,10,1
42,0,0,0,0,0,1,0,3,0,3,18,0
61,0,0,1,0,0,2,0,0,0,4,18,1
36,0,0,0,0,0,2,0,1,0,2,20,0
30,0,0,0,0,0,1,2,0,0,2,22,0
246,0,0,1,1,0,8,34,23,0,7,8,1
71,0,0,0,1,0,6,1,3,0,7,14,1
31,0,0,0,0,0,1,1,2,0,1,11,0
19,0,0,0,0,0,1,0,0,0,1,18,0
36,0,0,1,0,0,1,3,0,0,3,16,1
29,0,0,1,0,0,1,0,0,0,2,14,0
77,0,1,1,1,0,4,8,1,0,3,30,1
21,0,0,0,0,0,2,3,0,0,1,13,1
70,0,0,1,0,0,3,0,0,0,5,22,1
31,0,0,0,0,0,1,2,3,0,1,11,0
49,0,0,1,0,0,1,9,0,0,3,9,0
21,0,0,0,0,0,2,0,0,0,2,12,0
16,0,0,0,0,0,1,0,0,0,1,15,1
19,0,0,0,0,0,2,0,0,0,2,10,1
75,0,0,1,0,0,2,10,0,0,1,20,0
19,0,0,0,0,0,1,0,0,0,1,18,0
18,0,0,0,0,0,1,4,0,0,1,17,0
64,0,0,1,0,0,2,0,0,1,6,12,1
58,0,0,0,0,0,2,0,4,0,2,16,0
34,0,0,0,0,0,3,0,2,0,1,12,0
15,0,0,0,0,0,1,0,0,0,1,14,1
102,0,0,0,1,0,9,0,3,0,5,30,1
171,0,0,1,1,0,2,44,6,0,8,15,1
41,0,0,0,0,0,2,5,0,0,2,22,0
91,0,0,0,0,0,1,19,2,0,4,13,1
80,0,0,0,1,0,1,13,0,0,2,12,1
19,0,0,0,0,0,1,7,0,0,2,4,1
86,0,0,1,1,0,3,1,0,0,10,13,1
47,0,0,1,0,0,1,15,0,0,3,12,0
62,0,0,1,0,0,1,4,0,0,3,12,0
75,0,0,1,0,0,2,22,0,0,4,22,1
71,0,0,0,0,0,3,41,0,0,2,14,0
40,0,0,0,0,0,3,0,0,0,4,11,0
32,0,0,0,0,0,2,0,0,0,3,8,1
45,0,0,1,0,0,2,0,0,0,1,22,1
64,0,0,0,1,0,3,0,0,0,6,26,1
187,0,0,0,1,0,11,42,7,0,1,112,1
165,0,0,1,0,0,2,21,0,0,7,26,0
115,0,0,1,1,0,4,14,0,0,8,19,1
20,0,0,0,0,0,1,0,1,0,1,6,0
18,0,0,0,0,0,1,2,0,0,1,11,1
28,0,0,0,0,0,2,0,0,0,1,12,0
17,0,0,1,0,0,1,0,0,0,1,16,0
92,0,0,1,0,0,1,8,0,0,3,10,0
27,0,0,0,0,0,2,5,0,0,1,26,1
65,0,0,1,0,0,1,0,0,1,1,15,0
14,0,0,0,0,0,1,0,0,0,1,13,1
34,0,0,0,0,0,2,0,0,0,1,17,0
45,0,0,0,0,0,3,1,0,0,3,24,1
146,0,0,0,0,0,3,32,1,0,1,30,1
22,0,0,0,0,0,1,4,0,0,1,10,0
12,0,0,0,0,0,1,0,0,0,1,11,0
95,0,0,1,1,0,4,1,7,0,4,19,1
95,0,0,1,1,0,7,24,6,0,5,39,1
45,0,0,0,0,0,5,0,0,0,3,23,1
84,0,0,1,0,0,2,9,4,0,3,10,0
77,0,0,0,0,0,2,0,6,0,2,17,0
36,0,0,1,1,0,3,2,0,0,2,20,1
21,0,0,0,0,0,1,2,0,0,1,12,0
35,0,0,0,0,0,2,0,0,0,2,25,0
21,0,0,0,0,0,2,1,0,0,1,15,1
30,0,0,0,0,0,2,1,0,0,2,17,0
38,0,0,0,0,0,4,0,0,0,1,16,1
84,0,0,1,1,0,5,0,3,0,3,16,1
25,0,0,0,0,1,3,15,0,0,1,19,1
103,0,0,0,0,0,3,7,5,0,6,15,1
54,0,0,1,1,0,4,0,2,0,3,26,1
150,0,1,1,1,0,8,12,8,1,3,56,1
44,0,0,1,0,0,1,9,0,0,3,12,0
158,0,0,1,1,0,5,42,8,0,3,19,1
37,0,0,0,0,0,2,1,0,0,2,31,1
34,0,0,0,0,0,3,1,0,0,1,27,0
26,0,0,0,0,0,3,0,0,0,1,15,0
48,0,0,0,0,0,2,10,0,0,6,11,0
36,0,0,0,0,0,2,0,1,0,2,11,1
62,0,0,1,1,0,1,0,0,0,4,20,1
84,0,0,1,0,0,2,14,6,0,3,10,0
32,0,0,0,0,0,1,0,0,0,3,10,1
50,0,0,1,0,0,4,1,0,0,3,17,1
34,0,0,0,0,0,2,0,0,0,2,16,0
24,0,0,0,0,0,1,0,0,0,1,10,0
61,0,0,1,0,0,1,15,0,0,3,12,0
50,0,0,0,0,0,1,7,2,0,3,20,0
44,0,0,0,0,0,3,1,0,0,2,17,0
66,0,0,1,0,0,2,6,0,0,3,13,0
97,0,0,0,0,0,1,18,2,0,4,11,1
77,0,0,0,0,0,3,5,5,0,3,15,0
25,0,0,0,0,0,1,7,0,0,3,8,0
51,0,0,0,0,0,2,5,3,0,2,14,0
56,0,0,1,0,0,4,3,0,0,4,20,1
31,0,0,0,1,0,3,3,0,0,1,20,1
48,0,0,0,0,0,4,1,0,0,4,14,1
41,0,0,0,0,0,2,0,0,0,3,17,0
24,0,0,0,0,0,2,0,0,0,1,14,0
60,0,0,1,0,0,2,11,4,0,5,15,0
15,0,0,0,0,1,3,11,0,0,1,14,1
79,0,0,1,0,0,3,10,0,0,4,28,0
193,0,0,1,1,0,22,29,0,0,1,192,1
16,0,0,0,0,0,1,0,0,0,1,15,0
22,0,0,0,0,0,1,0,0,0,2,11,0
401,1,0,1,1,0,17,110,9,0,14,127,1
10,0,0,0,0,0,1,3,0,0,0,10,1
23,0,0,0,0,0,1,1,0,0,2,15,1
58,0,0,0,0,0,2,14,2,0,2,17,0
39,0,0,0,0,0,1,3,0,0,2,12,0
55,0,0,0,0,0,4,7,0,0,5,18,0
32,0,0,0,0,0,2,0,0,0,1,31,0
65,0,0,0,0,0,2,0,7,0,2,16,0
25,0,0,0,0,0,1,0,0,0,1,24,0
56,0,0,0,0,0,2,2,6,0,2,16,0
28,0,0,0,0,0,1,3,0,0,1,21,1
67,0,0,1,0,0,2,4,2,0,3,16,0
35,0,0,0,0,0,2,8,3,0,1,8,0
243,0,0,0,1,0,2,104,5,0,6,16,1
72,0,0,0,0,0,2,29,0,0,6,14,1
31,0,0,1,1,0,3,1,0,0,3,21,1
184,0,0,1,1,0,3,26,11,0,3,14,1
24,0,0,1,0,0,1,0,0,0,1,23,0
75,0,0,1,0,0,1,9,0,0,3,10,0
72,0,0,0,1,0,2,22,0,0,2,28,1
32,0,0,0,0,0,3,0,0,0,2,15,1
50,0,0,0,0,0,3,0,1,0,4,15,1
28,0,0,0,0,0,3,2,0,0,3,15,0
43,0,0,1,0,0,1,0,0,0,2,23,0
17,0,0,0,0,0,2,2,0,0,1,16,1
24,0,0,0,0,0,2,0,0,0,2,16,1
158,0,0,1,1,0,9,84,0,0,1,157,1
37,0,0,1,0,0,2,0,0,0,3,15,0
17,0,0,0,0,0,3,0,0,0,1,16,0
12,0,0,0,0,0,1,1,0,0,0,12,1
26,0,0,0,1,0,1,0,0,0,2,15,1
107,0,0,1,1,0,1,0,0,0,11,14,1
20,0,0,1,0,0,1,5,0,0,2,11,0
84,0,0,1,0,0,1,4,0,0,2,27,0
21,0,0,0,0,0,1,1,0,0,1,15,1
17,0,0,1,0,0,2,0,0,0,1,16,0
12,0,0,1,0,0,1,0,0,0,1,11,0
56,0,0,0,0,0,2,0,0,0,3,34,1
55,0,0,0,0,0,2,0,0,0,5,12,0
29,0,0,0,0,0,3,0,0,0,1,17,0
21,0,0,0,0,0,1,0,0,0,2,15,1
63,0,0,1,0,0,2,0,0,0,2,10,0
25,0,0,0,0,0,2,0,0,0,2,12,1
60,0,0,0,0,0,2,0,1,0,5,14,0
31,0,0,0,0,0,3,0,0,0,2,17,1
34,0,0,1,0,0,2,0,0,0,2,10,1
43,0,0,0,1,0,3,2,2,1,6,9,1
33,0,0,0,0,0,2,0,0,0,2,19,1
57,0,0,1,0,0,2,6,0,0,6,11,1
30,0,0,0,0,0,2,0,1,0,2,13,0
51,0,0,1,0,0,2,12,0,0,2,15,0
54,0,0,0,0,1,3,36,0,0,2,14,1
20,0,0,1,0,0,2,0,0,0,2,16,1
39,0,0,0,0,0,1,1,0,0,3,12,1
78,0,0,1,0,0,1,6,0,0,7,16,0
36,0,0,0,0,0,1,0,0,0,1,14,0
20,0,0,1,0,0,1,0,0,0,1,19,0
31,0,0,0,0,0,2,1,0,0,2,13,1
35,0,0,1,0,0,1,2,3,0,2,18,0
40,0,0,0,0,0,2,1,0,0,2,27,1
17,0,0,0,0,0,1,0,0,0,1,16,0
38,0,0,1,0,0,4,0,0,0,3,14,0
15,0,0,1,0,0,1,0,0,0,1,10,0
37,0,0,0,0,0,2,0,0,0,2,21,1
88,0,0,1,1,0,5,2,5,0,8,11,1
33,0,0,0,0,0,2,1,0,0,2,13,1
36,0,0,0,0,0,1,1,0,0,3,9,0
29,0,0,1,0,0,1,0,0,1,2,12,0
34,0,0,0,0,0,2,0,0,0,3,16,0
59,0,0,0,0,0,2,0,2,1,2,23,0
46,0,0,0,0,0,1,0,1,0,5,10,0
48,0,0,0,0,0,3,0,0,0,3,19,0
37,0,0,0,0,0,1,0,0,0,3,22,1
34,0,0,1,0,0,1,0,0,0,2,11,0
85,0,0,1,0,0,2,0,0,0,4,27,0
25,0,0,0,0,1,4,13,0,0,1,14,1
72,0,0,0,1,0,6,9,3,0,7,15,1
48,0,0,1,0,0,2,0,0,0,2,20,1
64,0,0,0,0,0,3,6,2,0,2,37,0
50,0,0,1,0,0,3,8,0,0,2,32,1
50,0,0,1,0,0,1,2,0,1,2,11,0
48,0,0,1,0,0,1,15,0,0,3,12,0
26,0,0,0,0,0,1,0,0,0,2,11,0
24,0,0,1,1,0,1,0,0,0,2,17,1
46,0,0,1,0,0,2,4,2,0,2,20,0
48,0,0,0,0,0,2,0,0,1,2,25,1
31,0,0,0,0,0,2,1,0,0,2,13,1
162,0,0,1,0,0,9,50,8,0,2,75,1
197,0,0,1,1,0,5,51,10,0,8,8,1
19,0,0,0,0,0,1,0,0,0,1,18,1
27,0,0,0,0,0,2,7,0,0,2,12,1
43,0,0,1,0,0,1,6,0,0,3,11,0
62,0,0,0,0,0,2,4,4,0,2,16,0
103,0,0,0,1,0,7,20,5,0,5,30,1
140,0,0,0,1,0,2,55,0,0,13,23,1
24,0,0,0,0,0,2,0,0,0,3,12,0
34,0,0,1,1,0,2,0,0,0,2,26,1
77,0,0,0,0,0,2,0,6,0,2,16,0
52,0,0,0,0,0,1,19,0,0,3,11,1
198,0,0,1,1,0,13,98,0,0,1,185,1
53,0,0,0,0,0,3,4,1,1,4,15,0
95,0,0,1,1,0,7,25,6,0,5,39,1
178,0,0,1,0,0,12,17,15,0,3,16,1
23,0,0,0,0,0,1,0,0,0,1,22,0
42,0,0,0,0,0,1,2,1,1,3,15,0
32,0,0,0,0,0,1,3,2,0,2,14,0
49,0,0,1,0,0,1,0,0,0,3,16,1
47,0,0,1,0,0,1,8,4,0,1,15,0
39,0,0,0,0,0,5,0,0,0,2,23,0
45,0,0,0,0,0,2,0,0,0,2,23,0
34,0,0,0,0,0,1,0,0,0,3,15,0
47,0,0,0,0,0,2,6,2,0,1,20,0
28,0,0,1,1,0,3,0,0,0,1,27,1
53,0,0,1,0,0,1,0,0,0,2,8,0
50,0,0,0,0,0,2,6,2,1,4,17,0
23,0,0,0,0,0,2,3,0,0,2,14,0
43,0,0,0,0,0,1,0,0,0,4,20,1
40,0,0,1,0,0,4,0,0,0,3,28,1
67,0,0,0,0,0,7,0,0,0,2,58,1
58,0,0,1,0,0,2,0,0,0,5,11,1
32,0,0,0,0,0,1,0,0,0,3,18,1
84,0,0,1,1,0,7,11,6,0,5,39,1
39,0,0,1,0,0,4,0,0,0,3,23,0
39,0,0,0,0,0,3,0,0,0,3,18,1
51,0,0,0,0,0,2,6,2,0,3,12,0
18,0,0,0,0,0,1,0,0,0,1,17,0
283,0,0,0,1,0,15,61,16,0,7,21,1
29,0,0,0,0,0,2,0,1,0,1,16,0
48,0,0,0,0,0,3,5,0,0,2,14,0
39,0,0,0,0,0,2,0,0,0,3,22,1
42,0,0,0,0,0,4,0,0,0,3,22,0
33,0,0,0,0,0,4,4,0,0,1,21,1
30,0,0,0,0,0,2,0,0,0,1,18,0
35,0,0,0,0,0,3,1,0,0,2,18,1
32,0,0,1,0,0,1,0,0,0,2,14,0
96,0,0,1,0,0,2,10,0,0,2,14,0
54,0,0,0,0,0,2,2,1,0,7,16,1
54,0,0,1,0,0,8,2,2,0,1,39,1
47,0,0,0,0,0,1,0,1,0,2,21,0
29,0,0,0,0,0,2,3,0,0,2,15,0
282,0,0,0,1,0,4,5,29,0,6,10,1
30,0,0,0,0,0,1,7,0,0,3,8,0
40,0,0,0,0,0,1,0,0,0,4,8,0
55,0,0,1,0,0,3,7,1,0,4,28,0
121,0,0,1,0,0,4,8,0,0,9,26,0
67,0,0,1,0,0,4,0,0,0,2,30,0
52,0,0,0,0,0,2,0,0,0,4,14,0
94,0,0,0,1,0,2,17,4,0,8,25,1
37,0,0,1,0,0,2,0,0,0,1,36,0
103,0,0,1,1,0,5,1,6,0,5,20,1
102,0,0,0,1,0,5,1,7,0,4,19,1
24,0,0,0,0,0,2,0,0,0,1,23,1
95,0,0,1,0,0,2,1,5,0,5,18,1
89,0,0,1,1,0,1,22,0,0,5,18,1
76,0,0,0,0,0,2,6,6,0,1,17,0
52,0,0,1,0,0,2,0,0,0,2,11,0
33,0,0,0,0,0,1,0,0,0,3,14,0
61,0,0,0,0,0,2,0,5,0,3,17,0
23,0,0,1,0,0,1,0,0,0,2,13,1
55,0,0,0,0,0,3,0,2,0,2,20,0
31,0,0,0,0,0,1,2,2,0,1,11,0
55,0,0,0,0,0,2,6,4,0,1,13,0
40,0,0,0,0,0,2,0,0,1,1,39,0
16,0,0,0,0,0,1,0,0,0,1,15,0
68,0,0,0,0,0,5,2,0,0,3,41,0
113,0,0,1,0,0,2,1,7,0,5,28,1
39,0,0,0,0,0,1,0,0,0,3,26,1
35,0,0,0,0,0,2,0,0,0,1,25,1
19,0,0,0,0,0,1,0,0,0,1,9,1
22,0,0,0,0,0,1,5,0,1,1,15,1
100,0,0,1,1,0,6,2,5,0,8,15,1
41,0,0,1,0,0,1,4,0,0,3,17,1
26,0,0,0,0,0,1,0,0,0,1,11,0
119,0,0,1,1,0,6,8,11,0,5,12,1
25,0,0,0,0,0,3,0,0,0,1,20,1
34,0,0,0,0,0,2,0,1,0,2,16,0
22,0,0,0,0,0,2,0,0,0,1,21,0
45,0,0,1,0,0,1,8,0,0,3,11,0
71,0,0,1,0,0,3,0,0,0,2,18,0
96,0,0,1,0,0,2,4,8,0,2,13,0
19,0,0,0,0,0,1,0,0,0,1,18,0
19,0,0,0,0,0,1,0,0,0,1,18,0
66,0,0,0,0,0,1,1,7,0,1,8,0
36,0,0,0,0,0,3,0,0,0,3,16,0
36,0,0,0,0,0,2,0,0,0,3,14,0
46,0,0,1,1,0,1,0,0,0,4,19,1
57,0,0,0,0,0,1,21,0,0,3,17,1
14,0,0,0,0,0,1,1,0,0,1,7,1
35,0,0,0,0,0,2,0,0,0,3,16,1
27,0,0,0,0,0,2,8,0,0,2,20,1
22,0,0,0,0,0,3,0,0,0,2,17,0
38,0,0,1,0,0,3,2,0,0,1,22,0
37,0,0,0,0,0,2,0,0,0,3,20,0
79,0,0,0,0,0,2,0,6,0,2,23,0
48,0,0,1,0,0,1,2,0,0,4,27,1
30,0,0,1,0,0,1,0,0,0,3,6,0
97,0,0,0,0,0,2,24,1,0,4,26,1
28,0,0,0,0,0,1,0,2,0,3,6,0
55,0,0,0,0,0,4,3,0,0,4,27,0
126,0,0,0,0,0,5,20,11,0,2,22,1
116,0,0,1,1,0,6,8,11,0,5,17,1
59,0,0,1,1,0,2,0,3,0,4,15,1
201,0,0,1,1,0,4,39,7,0,11,18,1
371,0,0,1,1,0,3,46,12,0,3,45,1
42,0,0,1,0,0,1,0,0,0,6,14,1
26,0,0,1,0,0,2,0,0,0,1,25,0
33,0,0,0,0,1,4,12,0,0,2,15,1
43,0,0,0,0,0,3,0,0,0,4,11,0
22,0,0,0,0,0,1,0,0,0,1,21,1
41,0,0,0,0,0,3,1,1,1,1,23,0
23,0,0,0,0,0,1,0,0,0,2,14,1
25,0,0,1,0,0,1,0,0,0,1,24,0
103,0,0,0,1,0,7,28,5,0,5,30,1
63,0,0,1,0,0,2,5,6,0,4,11,0
66,0,0,0,0,0,5,0,0,0,2,41,0
42,0,0,1,0,0,1,6,0,0,3,17,0
13,0,0,0,0,0,1,4,0,0,0,13,1
31,0,0,0,0,0,2,2,2,0,1,16,0
88,0,0,1,0,0,2,5,3,0,1,10,0
14,0,0,0,0,0,1,0,0,0,1,13,0
33,0,0,0,0,0,2,0,0,0,2,18,1
14,0,0,0,0,0,1,0,0,0,1,13,0
349,0,0,1,1,0,3,46,10,0,3,45,1
39,0,0,0,0,0,2,4,2,0,1,15,0
96,0,0,1,1,0,3,17,2,0,3,31,1
41,0,0,0,0,0,1,0,6,0,1,6,0
31,0,0,0,0,0,4,0,0,0,1,15,1
23,0,0,0,0,0,2,0,0,0,1,14,0
13,0,0,0,0,0,1,1,0,1,1,6,1
35,0,0,0,0,0,2,0,1,0,2,16,0
78,0,0,0,1,0,1,18,0,0,4,18,1
78,0,1,0,0,0,3,0,2,0,5,13,1
35,0,0,0,0,0,1,4,1,0,2,18,0
36,0,0,1,0,0,1,5,0,0,1,13,0
76,0,0,1,0,0,1,23,0,0,5,15,1
28,0,0,0,0,0,1,0,0,0,2,12,0
21,0,0,0,0,0,1,0,0,0,1,20,0
78,0,0,1,0,0,1,8,0,0,5,23,0
21,0,0,1,0,0,1,1,0,0,1,14,1
87,0,0,1,1,0,6,2,5,0,8,11,1
24,0,0,0,0,0,2,4,0,0,1,17,1
74,0,0,1,0,0,1,6,0,0,3,19,0
80,0,0,1,0,0,1,6,0,0,6,11,0
18,0,0,0,0,0,1,0,0,0,1,17,1
87,0,0,1,0,0,1,0,0,0,7,34,1
33,0,0,0,0,0,2,4,1,0,3,13,1
45,0,0,0,0,0,2,0,2,0,2,30,0
51,0,0,1,0,0,3,8,1,1,3,23,0
57,0,0,0,0,0,3,0,0,0,3,17,1
40,0,0,1,0,0,4,0,0,0,3,23,0
24,0,0,0,0,0,2,0,0,0,1,14,0
38,0,0,0,0,0,1,0,0,0,3,22,1
33,0,0,0,0,0,2,0,0,0,4,22,1
35,0,0,1,1,0,2,0,0,0,3,11,1
214,0,0,1,1,0,5,45,0,1,8,140,1
131,0,0,1,1,0,6,0,0,0,10,15,1
76,0,0,1,0,0,2,8,0,0,5,21,0
47,0,0,0,1,0,2,0,1,0,3,22,1
27,0,0,0,1,0,2,0,0,0,2,14,1
63,0,0,0,0,0,1,4,5,0,2,21,0
36,0,0,0,0,0,2,4,2,0,2,16,0
48,0,0,0,0,0,4,0,0,0,3,19,0
14,0,0,0,0,0,1,1,0,0,1,7,1
23,0,0,0,0,0,1,0,0,0,1,22,0
62,0,0,0,0,0,3,9,4,0,1,22,0
18,0,0,0,1,0,2,0,0,0,1,17,1
31,0,0,0,0,0,2,0,0,0,1,22,1
61,0,0,1,1,0,4,2,5,0,5,14,1
38,0,0,0,0,0,2,0,1,0,2,16,0
46,0,0,1,0,0,2,5,2,0,2,11,0
33,0,0,0,0,0,2,0,0,0,1,21,1
28,0,0,0,0,0,1,0,0,0,1,11,0
131,0,0,1,1,0,5,1,1,0,9,28,1
60,0,0,1,0,0,1,8,0,0,4,12,0
36,0,0,0,1,0,1,0,0,0,4,14,1
95,0,0,1,0,0,1,8,0,0,5,13,0
32,0,0,1,0,0,1,0,0,0,2,11,0
28,0,0,0,1,0,2,0,0,0,1,18,1
18,0,0,0,0,1,3,10,0,0,2,11,1
58,0,0,0,1,0,2,20,0,0,3,18,1
86,0,0,1,0,0,4,5,13,0,1,9,0
63,0,0,1,0,0,2,4,2,0,3,20,1
37,0,0,0,0,0,3,12,0,0,3,11,0
13,0,0,0,0,0,1,2,0,0,1,7,1
17,0,0,0,0,0,1,2,0,0,2,11,1
18,0,0,0,0,0,1,2,0,0,1,10,1
60,0,0,1,0,0,1,0,0,0,3,17,0
23,0,0,0,0,0,1,6,0,0,1,15,1
17,0,0,0,0,0,1,0,0,0,1,16,0
44,0,0,0,0,0,1,0,0,0,1,21,0
27,0,0,0,0,0,2,0,0,0,1,20,1
56,0,0,0,0,0,4,12,0,0,3,13,1
24,0,0,0,0,0,1,0,0,0,1,10,0
65,0,0,0,0,0,3,10,3,0,2,17,0
54,0,0,0,0,0,3,4,2,0,5,9,1
84,0,0,1,1,0,2,9,1,0,9,15,1
155,0,0,0,0,0,3,33,10,0,3,17,1
65,0,0,0,0,0,1,0,0,1,6,29,1
33,0,0,0,0,0,2,4,0,0,3,16,0
87,0,0,0,0,0,2,11,2,0,2,23,1
53,0,0,1,0,0,2,0,0,0,2,20,1
39,0,0,0,0,0,1,4,0,0,3,16,1
61,0,0,1,0,0,3,16,0,0,3,19,1
20,0,0,0,0,0,1,5,0,0,2,11,0
23,0,0,0,0,0,3,1,0,0,3,10,1
88,0,0,0,1,0,3,17,4,0,2,26,1
29,0,0,0,1,0,2,0,0,0,1,18,1
208,0,0,1,0,0,2,97,6,0,4,18,1
73,0,0,1,0,0,1,10,0,0,3,10,0
43,0,0,1,0,0,1,0,0,0,2,21,0
56,0,0,1,0,0,2,0,0,0,1,14,0
40,0,0,1,0,0,1,1,0,0,4,10,1
40,0,0,0,1,0,2,0,0,0,2,25,1
35,0,0,0,0,0,2,0,2,0,2,16,0
51,0,0,0,0,0,2,20,0,0,2,17,1
17,0,0,0,0,0,1,7,0,0,1,9,0
100,0,0,0,0,0,3,4,2,0,8,25,0
24,0,0,0,0,0,2,3,0,0,2,9,1
76,0,0,0,0,0,5,6,2,0,3,30,1
27,0,0,0,0,0,2,5,0,0,1,16,0
18,0,0,0,0,0,1,0,1,0,1,6,0
21,0,0,0,0,0,2,0,0,0,2,15,0
32,0,0,0,0,0,3,0,0,0,2,17,1
66,0,0,1,0,0,3,10,0,1,3,18,0
15,0,0,0,0,0,1,0,0,0,1,14,0
90,0,0,1,0,0,9,10,0,0,5,61,0
42,0,0,1,0,0,1,0,0,0,2,23,0
54,0,0,0,0,0,2,8,1,0,6,14,0
40,0,0,0,0,0,3,9,0,0,2,13,1
33,0,0,0,1,0,2,0,1,0,2,13,1
63,0,0,0,0,0,2,20,0,0,2,22,1
57,0,0,0,0,0,4,1,0,0,6,18,1
16,0,0,0,0,0,1,4,0,0,1,15,1
32,0,0,1,0,0,1,0,0,0,2,11,0
49,0,0,0,0,0,2,0,2,0,1,24,0
49,0,0,1,0,0,1,8,0,0,3,10,0
19,0,0,0,0,0,1,4,0,0,1,11,1
39,0,0,0,0,0,2,3,0,0,2,13,1
134,0,0,1,1,0,10,57,0,0,0,134,1
34,0,0,1,0,0,2,0,0,0,1,22,0
46,0,0,1,1,0,1,1,0,0,2,21,1
22,0,0,0,0,0,1,2,0,0,1,13,1
371,0,0,1,1,0,3,48,13,0,3,45,1
65,0,0,0,0,0,1,7,0,0,2,20,1
28,0,0,1,1,0,2,0,0,0,1,27,1
37,0,0,1,0,0,2,0,0,0,2,18,1
102,0,0,1,0,0,1,8,0,0,5,17,0
28,0,0,0,0,0,2,0,0,1,1,27,0
43,0,0,0,0,0,3,10,2,0,1,16,0
54,0,0,1,0,0,1,6,0,0,4,16,0
47,0,0,0,0,0,2,0,0,1,2,15,0
80,0,0,0,1,0,6,2,3,0,7,12,1
29,0,0,0,0,0,3,0,0,0,2,15,1
17,0,0,0,0,0,1,4,0,0,1,11,1
26,0,0,0,0,0,1,4,0,0,1,11,1
68,0,0,0,0,0,6,3,0,0,4,22,1
94,0,0,1,1,0,6,2,5,0,8,21,1
105,0,0,1,1,0,6,2,5,0,10,13,1
116,0,0,1,0,0,6,24,0,0,5,26,1
29,0,0,1,0,0,1,0,0,0,2,11,0
43,0,0,0,0,0,4,0,0,0,3,29,1
28,0,0,1,0,0,2,0,0,0,2,15,0
70,0,0,1,0,0,2,6,0,0,3,19,0
130,0,0,0,0,0,5,41,2,0,2,21,1
27,0,0,0,0,0,2,0,0,0,1,19,0
48,0,0,0,0,0,3,0,0,0,0,48,1
20,0,0,0,1,0,1,0,0,0,2,12,1
35,0,0,0,0,0,4,0,0,0,3,20,0
45,0,0,0,0,0,1,0,0,0,2,34,1
61,0,0,0,0,0,4,3,0,0,4,27,0
67,0,0,1,0,0,1,13,0,0,3,20,0
37,0,0,1,0,0,3,0,0,0,3,16,1
117,0,0,1,0,0,3,7,1,0,1,23,0
191,0,0,1,0,0,3,18,4,0,9,14,1
53,0,0,0,0,0,1,5,4,0,2,16,0
146,0,0,1,0,0,1,16,0,0,2,11,1
163,0,0,1,0,0,2,11,10,0,2,26,0
52,0,0,1,0,0,2,6,0,0,5,14,0
105,0,0,1,1,0,7,29,0,0,5,42,1
32,0,0,0,0,0,3,0,0,0,2,13,0
38,0,0,1,0,0,1,6,0,0,4,12,0
43,0,0,0,0,0,2,0,1,0,2,28,0
35,0,0,1,0,0,1,0,0,0,4,12,1
40,0,0,1,0,0,2,0,0,0,7,10,1
34,0,0,0,0,0,1,2,0,0,3,9,0
48,0,0,0,0,0,2,0,2,0,2,16,0
27,0,0,0,0,0,2,0,0,0,1,26,1
55,0,0,0,0,0,1,23,0,0,3,29,1
43,0,0,1,1,0,2,2,0,0,3,10,1
29,0,0,1,0,0,1,0,1,0,2,17,1
27,0,0,0,0,0,1,0,0,0,3,15,1
17,0,0,0,0,0,2,1,0,0,1,16,1
30,0,0,0,0,0,2,3,0,0,2,15,0
20,0,0,0,0,0,3,0,0,0,2,12,0
34,0,0,0,0,0,2,0,0,0,2,10,1
34,0,0,1,0,0,3,0,0,0,2,18,0
22,0,0,0,0,0,1,0,0,0,1,11,0
51,0,0,1,0,0,1,10,0,0,3,12,0
34,0,0,0,0,0,2,2,0,0,2,16,0
68,0,0,1,0,0,2,0,0,0,5,18,1
25,0,0,1,0,0,1,2,0,0,3,16,0
23,0,0,0,0,0,2,3,0,0,1,14,1
92,0,0,0,0,0,2,7,0,0,3,18,1
21,0,0,0,0,0,1,3,0,0,1,13,1
24,0,0,0,0,0,1,0,0,1,3,10,0
54,0,0,1,0,0,2,2,1,0,4,16,0
31,0,0,0,0,0,2,4,0,0,1,14,0
113,0,0,0,0,0,2,28,5,0,2,11,1
24,0,0,0,0,0,1,0,0,0,1,23,0
80,0,0,1,0,0,1,19,0,0,5,19,1
68,0,0,1,0,0,3,5,4,1,1,22,0
40,0,0,0,0,0,2,0,2,0,2,20,0
79,0,0,1,0,0,1,20,0,0,3,16,0
41,0,0,0,0,0,2,2,3,0,2,13,1
43,0,0,0,0,0,2,0,0,0,3,24,1
67,0,0,1,0,0,1,6,0,0,4,14,0
13,0,0,0,0,0,1,4,0,0,0,13,1
56,0,0,1,0,0,2,5,0,0,1,21,0
33,0,0,0,0,0,3,3,0,0,4,9,1
48,0,0,0,0,0,2,0,1,0,4,14,1
99,0,0,0,0,0,3,20,4,1,4,13,1
58,0,0,0,0,0,2,0,0,0,2,13,0
63,0,0,1,0,0,2,0,0,0,2,17,0
11,0,0,0,0,0,1,4,0,0,0,11,1
483,0,0,1,0,0,2,76,3,0,4,9,1
79,0,0,0,0,0,2,7,2,0,2,15,1
36,0,0,0,0,0,3,0,2,0,2,16,0
57,0,0,0,1,0,4,0,2,0,2,14,1
64,0,0,1,0,0,1,8,0,0,3,11,0
52,0,0,0,0,1,3,30,0,0,2,12,1
23,0,0,0,0,0,1,0,0,0,1,11,0
50,0,0,0,0,0,3,5,0,0,2,25,0
80,0,0,1,0,0,2,19,0,0,7,25,1
20,0,0,0,0,0,2,0,0,0,1,19,1
23,0,0,0,0,0,2,0,0,0,2,13,0
36,0,0,0,0,0,3,0,1,0,1,10,1
61,0,0,1,0,0,2,10,0,0,2,17,0
120,0,0,1,1,0,2,29,0,0,2,86,1
20,0,0,0,0,0,2,2,0,0,1,13,1
66,0,0,1,0,0,2,7,2,0,1,8,0
52,0,0,0,0,0,2,2,1,0,1,35,0
27,0,0,1,0,0,2,0,0,0,1,16,1
29,0,0,0,0,0,3,0,0,0,1,19,1
41,0,0,0,0,0,3,1,0,0,2,22,0
69,0,0,1,0,0,1,0,0,1,2,14,0
88,0,0,0,1,0,5,3,5,0,12,10,1
48,0,0,0,0,0,2,0,0,0,3,17,1
39,0,0,0,1,0,2,0,0,0,2,29,1
24,0,0,0,0,0,3,0,0,0,1,16,1
28,0,0,1,0,0,3,1,0,0,1,18,0
25,0,0,1,0,0,1,0,0,0,1,10,0
78,0,0,1,0,0,1,6,0,0,2,17,0
61,0,0,1,0,0,2,0,1,0,3,13,0
26,0,0,0,0,0,1,0,0,0,2,8,0
71,0,0,0,0,0,5,5,0,1,2,30,1
345,0,0,1,1,0,3,52,11,0,3,45,1
42,0,0,1,0,0,2,6,0,0,2,18,0
48,0,0,1,0,0,4,0,0,0,2,26,1
35,0,0,0,0,0,2,0,0,0,1,34,0
13,0,0,0,0,0,1,0,0,0,1,12,0
53,0,0,1,0,0,1,1,0,0,2,8,0
22,0,0,0,0,0,2,1,0,0,1,21,1
12,0,0,0,0,0,1,0,0,1,1,11,1
21,0,0,1,0,0,2,0,0,0,1,20,1
101,0,0,0,1,0,5,1,7,0,4,13,1
43,0,0,0,0,0,4,0,0,0,1,21,1
21,0,0,0,0,0,2,1,0,0,1,20,1
31,0,0,0,0,0,2,0,0,0,2,10,0
58,0,0,1,0,0,3,6,0,1,3,27,0
113,0,0,1,0,0,1,0,0,0,6,10,0
14,0,0,0,0,0,1,0,0,0,2,9,0
14,0,0,0,0,1,3,10,0,0,0,14,1
39,0,0,1,0,0,1,4,0,0,3,7,0
17,0,0,0,0,0,1,0,0,0,1,16,0
53,0,0,0,0,0,1,21,0,0,3,16,1
35,0,0,0,0,0,3,6,0,0,3,14,1
70,0,0,1,0,0,4,5,6,0,2,24,0
19,0,0,0,0,0,1,0,0,0,1,18,0
42,0,0,0,0,0,1,0,0,0,5,17,1
36,0,0,0,0,0,2,0,0,0,2,20,1
19,0,0,0,0,0,1,1,0,1,1,11,1
33,0,0,0,0,0,2,0,0,0,5,11,0
62,0,0,1,0,0,2,19,0,0,6,13,1
177,0,0,1,0,0,2,18,4,0,3,19,1
33,0,0,0,0,0,3,0,0,0,1,21,1
24,0,0,0,0,0,1,7,0,0,3,8,0
49,0,0,1,0,0,2,4,1,0,7,11,0
56,0,0,0,0,0,1,19,0,0,4,9,1
47,0,0,1,0,0,2,0,0,0,2,13,0
37,0,0,0,0,0,1,0,0,0,3,21,1
41,0,0,1,0,0,1,0,0,0,5,9,1
23,0,0,1,0,0,2,0,0,0,1,18,0
46,0,0,0,0,0,2,0,4,0,2,16,0
35,0,0,0,0,0,3,4,0,0,3,14,1
84,0,0,1,1,0,3,0,0,1,8,11,1
69,0,0,0,0,0,1,2,0,0,4,10,0
41,0,0,1,0,0,2,5,0,0,2,10,0
108,0,0,1,0,0,2,7,0,0,5,21,0
46,0,0,0,0,0,2,2,1,0,3,13,1
65,0,0,1,1,0,1,0,0,0,6,18,1
45,0,0,0,0,0,2,9,2,0,2,12,0
49,0,0,1,0,0,2,0,0,0,2,10,0
42,0,0,0,0,0,3,17,0,0,4,17,1
46,0,0,0,0,0,2,5,1,0,3,13,0
27,0,0,0,0,0,1,7,0,0,3,8,0
97,0,0,0,1,0,8,1,8,0,5,27,1
47,0,0,0,0,0,1,6,2,0,2,21,0
18,0,0,0,0,0,1,0,0,0,1,17,0
32,0,0,1,0,0,1,0,0,0,2,11,0
73,0,0,1,0,0,1,21,0,0,6,15,1
47,0,0,0,0,0,3,0,0,0,6,11,0
40,0,0,1,1,0,1,1,0,0,1,39,1
81,0,0,1,1,0,6,1,6,0,2,36,1
18,0,0,0,0,0,1,0,0,0,2,13,1
39,0,0,0,0,0,2,0,0,0,3,15,1
58,0,0,1,0,0,2,6,0,0,4,18,0
31,0,0,0,0,0,1,1,2,0,1,11,0
25,0,0,0,0,0,2,0,0,1,2,15,0
74,0,0,1,0,0,3,5,1,1,4,18,0
54,0,0,0,0,0,2,0,0,1,4,25,1
32,0,0,0,0,0,2,4,2,0,1,11,1
43,0,0,0,0,0,2,5,0,0,3,9,0
34,0,0,0,0,0,1,0,0,0,2,24,1
30,0,0,0,0,0,1,5,2,0,1,21,0
59,0,0,1,0,0,2,1,0,0,4,20,1
66,0,0,1,0,0,2,0,0,0,4,23,0
54,0,0,0,0,0,1,0,2,0,4,7,0
183,0,0,1,1,0,2,83,5,0,2,15,1
20,0,0,0,0,0,1,0,0,0,1,19,0
75,0,0,1,1,0,4,0,4,0,3,19,1
83,0,0,1,0,0,1,10,0,0,3,18,0
35,0,0,0,0,0,2,0,1,0,2,17,0
45,0,0,0,0,0,2,19,0,0,4,16,1
151,0,0,1,0,0,4,15,14,0,3,22,1
68,0,0,1,0,0,3,0,0,0,6,16,1
39,0,0,0,0,0,3,1,0,0,2,22,1
163,0,0,1,1,0,13,45,0,0,1,162,1
55,0,0,0,0,0,1,20,0,0,5,11,1
41,0,0,1,0,0,1,10,0,0,3,12,0
49,0,0,1,0,0,2,4,2,0,2,30,1
78,0,0,1,0,0,2,12,0,0,5,23,0
60,0,0,0,0,0,1,23,0,0,4,18,1
130,0,0,1,1,0,6,8,11,0,5,21,1
34,0,0,1,0,0,2,0,0,1,1,19,0
33,0,0,0,0,0,2,2,0,0,2,13,1
15,0,0,0,0,0,1,0,0,0,1,14,0
136,0,0,1,1,0,3,35,0,0,9,17,1
26,0,0,0,0,0,2,1,0,0,1,16,0
19,0,0,0,0,0,3,0,0,0,1,18,0
31,0,0,0,0,0,2,4,0,0,2,21,1
71,0,0,1,0,0,1,0,0,0,7,13,1
37,0,0,0,0,0,1,0,0,0,4,8,0
345,0,0,1,1,0,3,45,12,0,3,45,1
123,0,0,0,1,0,5,14,5,0,4,30,1
31,0,0,0,0,0,3,0,0,0,1,19,0
24,0,0,0,0,0,3,0,0,0,1,23,1
36,0,0,0,1,0,2,0,0,0,4,12,1
39,0,0,0,1,1,3,10,0,0,4,13,1
24,0,0,0,0,0,1,0,0,0,3,8,1
31,0,0,0,0,0,3,0,0,0,1,17,0
34,0,0,1,0,0,1,0,0,0,3,12,1
60,0,0,1,0,0,2,8,4,0,2,17,1
163,0,0,1,0,0,13,6,0,0,6,19,1
53,0,0,0,0,0,2,14,8,0,2,12,1
23,0,0,0,0,0,2,0,0,0,2,15,0
41,0,0,1,0,0,1,0,0,0,3,12,0
22,0,0,0,0,0,2,0,0,0,2,12,0
85,0,0,1,0,0,2,6,1,0,1,12,0
100,0,0,1,0,0,3,14,3,0,6,16,1
40,0,0,1,0,0,5,0,0,0,3,25,1
33,0,0,0,0,0,2,0,0,1,1,32,1
53,0,0,1,0,0,1,6,0,0,4,14,0
52,0,0,1,1,0,2,0,0,0,4,15,1
33,0,0,0,0,0,3,0,0,0,1,13,0
83,0,0,1,1,0,7,0,3,0,3,15,1
83,0,0,1,0,0,2,21,2,0,3,9,1
76,0,0,1,0,0,2,13,10,0,2,12,0
31,0,0,0,0,0,2,1,0,0,1,18,0
44,0,0,1,0,0,2,7,0,0,5,15,0
34,0,0,0,0,0,2,0,0,0,1,33,0
75,0,0,1,0,0,2,10,0,0,5,11,0
14,0,0,0,0,0,1,0,0,0,1,13,0
52,0,0,1,0,0,3,5,1,0,1,39,1
30,0,0,0,0,0,3,0,0,0,2,16,1
11,0,0,0,0,0,1,0,0,0,1,10,0
42,0,0,0,0,0,2,1,0,0,3,16,1
12,0,0,0,0,0,1,4,0,0,1,7,1
73,0,0,0,0,0,3,4,4,0,3,14,0
57,0,0,0,0,0,2,0,5,0,2,16,0
97,0,0,1,1,0,7,14,7,0,5,39,1
30,0,0,0,0,0,2,0,0,0,2,22,1
18,0,0,0,0,0,1,0,0,0,2,10,1
27,0,0,0,0,0,3,0,1,0,2,11,0
31,0,0,1,0,0,2,0,0,0,1,10,0
554,0,0,0,0,0,2,122,2,0,4,25,1
33,0,0,0,0,0,1,0,1,0,1,18,0
37,0,0,1,0,0,1,3,0,0,3,10,0
32,0,0,0,1,0,3,0,0,0,3,12,1
62,0,0,1,0,0,2,11,1,0,2,19,1
34,0,0,0,0,0,2,0,0,0,1,21,0
36,0,0,0,1,0,2,0,0,0,2,16,1
30,0,0,0,0,0,2,0,0,0,1,29,1
28,0,0,0,0,0,2,0,0,0,1,17,0
71,0,0,0,0,0,3,2,5,0,3,20,0
51,0,0,0,0,0,1,1,2,0,4,18,0
67,0,0,0,0,0,2,8,4,0,1,27,0
44,0,0,1,0,0,2,0,0,0,1,26,0
52,0,0,0,0,0,2,0,0,0,1,14,0
51,0,0,0,0,0,3,0,0,0,5,20,1
73,0,0,0,0,0,3,19,1,0,6,12,1
14,0,0,0,0,0,2,5,0,0,1,13,1
24,0,0,0,0,0,1,6,2,0,1,14,0
34,0,0,0,0,0,2,0,0,0,2,19,1
71,0,0,1,0,0,2,2,0,0,6,10,1
20,0,0,1,0,0,1,0,0,0,1,19,0
46,0,0,1,0,0,1,0,0,0,4,23,1
129,0,0,1,1,0,3,62,0,0,5,19,1
34,0,0,0,0,0,1,0,1,0,3,12,0
66,0,0,1,0,0,2,0,0,0,5,23,0
32,0,0,0,0,0,1,0,1,0,2,11,0
23,0,0,0,0,0,1,2,0,0,1,11,1
21,0,0,0,0,0,2,0,1,0,1,9,1
41,0,0,0,0,0,1,0,0,0,4,8,0
29,0,0,0,0,1,3,16,0,0,1,20,1
52,0,0,0,0,0,2,0,0,0,6,13,1
82,0,0,1,0,0,1,8,0,0,5,16,0
106,0,0,1,1,0,2,0,0,1,10,17,1
55,0,0,0,0,0,2,1,4,0,2,20,0
39,0,0,0,0,0,2,2,0,0,4,15,1
18,0,0,0,0,0,1,0,0,0,1,17,0
31,0,0,0,0,0,1,2,2,0,1,11,0
74,0,0,0,0,0,3,11,2,1,1,22,1
20,0,0,0,0,0,1,0,0,0,1,19,0
75,0,0,0,0,0,5,0,0,0,2,41,0
76,0,0,1,0,0,1,27,1,0,3,27,1
61,0,0,1,0,0,4,3,0,0,4,18,1
69,0,0,0,1,0,2,18,0,0,5,9,1
199,0,0,1,1,0,11,65,0,0,2,165,1
77,0,0,0,0,0,2,11,7,0,1,9,0
60,0,0,0,0,0,1,27,0,0,5,15,1
50,0,0,1,0,0,2,0,0,0,1,15,0
43,0,0,1,0,0,2,10,1,0,3,7,0
93,0,0,0,0,0,3,8,5,0,2,12,1
38,0,0,0,0,0,3,0,0,0,1,28,0
35,0,0,0,0,0,2,2,0,0,3,17,0
25,0,0,0,0,0,2,0,0,0,3,14,1
79,0,0,1,1,0,5,1,3,0,8,14,1
95,0,0,0,1,0,5,2,0,0,5,19,1
54,0,0,0,1,0,4,3,4,0,5,14,1
117,0,0,1,0,0,2,11,6,0,5,24,0
77,0,0,1,0,0,2,6,2,0,2,21,0
60,0,0,0,0,0,3,0,0,0,5,17,1
84,0,0,1,1,0,7,11,6,0,5,39,1
22,0,0,0,0,0,1,0,1,0,1,9,0
88,0,0,0,1,0,6,1,4,0,8,9,1
28,0,0,0,0,0,2,8,0,0,1,27,1
19,0,0,0,0,0,1,0,0,0,2,12,0
34,0,0,0,0,0,2,0,0,0,2,17,1
58,0,0,0,0,0,3,0,0,0,4,17,1
69,0,0,1,0,0,2,7,0,0,5,11,0
66,0,0,0,0,0,1,21,0,0,3,19,1
17,0,0,0,0,1,3,13,0,0,0,17,1
55,0,0,0,0,0,2,4,3,0,3,8,0
76,0,0,1,0,0,1,29,1,0,3,27,1
51,0,0,0,0,0,2,0,0,0,4,10,0
15,0,0,0,0,0,2,0,0,0,1,14,1
34,0,0,1,0,0,1,0,0,0,4,9,1
102,0,0,0,0,0,8,6,1,0,5,25,0
76,0,0,1,0,0,3,0,0,0,7,20,1
93,0,0,1,0,0,3,0,4,1,3,17,0
54,0,0,0,0,0,3,24,0,0,4,10,0
76,0,0,1,0,0,4,4,6,0,2,34,0
52,0,0,0,0,0,3,2,0,0,2,27,0
172,0,0,1,0,0,2,15,1,0,16,10,1
26,0,0,0,0,0,3,4,0,0,1,16,1
38,0,0,0,0,0,2,0,0,0,3,17,0
22,0,0,0,0,0,1,0,0,0,1,21,0
58,0,0,1,0,0,2,5,0,0,2,21,0
63,0,1,0,0,0,3,2,2,1,3,10,1
31,0,0,0,0,0,1,0,2,0,1,6,0
64,0,0,1,0,0,3,10,0,1,3,24,0
43,0,0,1,1,0,1,0,0,0,3,23,1
121,0,0,0,0,0,5,17,8,0,6,6,1
13,0,0,0,0,0,1,0,0,0,1,12,0
30,0,0,0,0,0,1,12,0,0,4,8,0
34,0,0,0,0,0,3,0,0,1,2,13,0
32,0,0,0,0,1,4,13,0,0,2,17,1
31,0,0,0,0,0,1,5,3,0,1,11,0
49,0,0,0,1,0,2,0,2,0,4,12,1
33,0,0,0,0,0,2,0,0,0,2,11,0
60,0,0,1,0,0,1,16,0,0,3,8,0
46,0,0,0,0,0,4,6,0,0,1,37,1
25,0,0,0,0,0,2,0,0,0,1,24,1
82,0,0,0,0,0,2,2,0,0,7,20,1
51,0,0,0,0,0,3,0,1,0,2,16,1
63,0,0,0,0,0,1,21,0,0,3,18,1
30,0,0,0,0,0,2,0,0,1,1,29,0
74,0,0,1,0,0,1,20,0,0,5,13,1
69,0,0,0,0,0,3,10,6,0,2,17,0
48,0,0,0,0,0,1,4,2,0,1,18,1
43,0,0,0,0,0,2,0,0,0,2,12,0
36,0,0,0,0,0,1,0,0,0,4,8,0
38,0,0,0,0,0,1,3,2,0,1,12,1
45,0,0,0,0,1,6,20,0,0,4,15,1
148,0,0,1,1,0,12,33,0,0,1,129,1
143,0,0,1,1,0,2,41,6,0,3,29,1
43,0,0,1,0,0,1,3,0,0,2,13,0
48,0,0,0,1,0,4,0,1,0,5,15,1
52,0,0,0,0,0,1,18,0,0,3,9,1
57,0,0,0,0,0,2,0,0,0,3,14,0
45,0,0,1,0,0,2,0,0,0,2,16,0
31,0,0,0,0,0,2,0,0,0,2,16,1
73,0,0,0,1,0,2,18,0,0,4,20,1
21,0,0,0,0,0,2,0,0,0,1,10,0
37,0,0,0,0,0,1,0,0,0,2,16,0
110,0,0,0,1,0,6,1,11,0,3,8,1
37,0,0,0,0,0,2,0,1,0,3,12,0
21,0,0,0,0,0,1,0,0,0,1,20,0
44,0,0,1,0,0,1,4,0,0,3,10,0
38,0,0,0,0,0,2,4,1,0,5,11,0
57,0,0,1,1,0,1,0,2,0,5,15,1
78,0,0,0,1,0,3,0,0,0,6,26,1
25,0,0,0,0,0,2,2,0,0,1,15,1
49,0,0,0,0,0,2,0,3,0,2,16,0
36,0,0,1,0,0,3,0,0,0,1,19,0
57,0,0,0,0,0,3,0,1,0,3,18,0
34,0,0,0,0,0,2,4,2,0,2,16,0
28,0,0,0,0,0,2,0,0,1,1,27,0
212,0,0,1,1,0,2,85,6,0,5,19,1
23,0,0,0,0,0,1,4,0,0,2,15,1
65,0,0,1,0,0,2,0,0,0,7,19,1
25,0,0,0,0,0,1,0,0,0,1,17,1
33,0,0,0,0,0,2,3,0,0,2,13,1
74,0,0,1,1,0,1,6,0,0,4,13,0
30,0,0,0,0,0,2,0,0,0,1,14,1
110,0,0,1,1,0,7,2,5,1,8,17,1
39,0,0,1,0,0,1,0,0,0,3,21,0
80,0,0,1,0,0,3,10,0,1,3,27,0
301,0,0,1,1,0,9,28,15,0,4,12,1
51,0,0,1,0,0,2,2,2,0,2,20,0
313,0,1,1,0,0,15,63,24,0,3,15,1
61,0,0,1,1,0,2,0,0,0,7,13,1
11,0,0,0,0,0,1,4,0,0,0,11,1
71,0,0,1,0,0,1,10,0,0,3,10,0
60,0,0,0,0,0,2,20,0,1,3,14,1
56,0,0,1,0,0,1,19,2,0,3,12,0
23,0,0,0,0,0,2,2,0,0,2,13,0
39,0,0,0,0,0,3,0,0,0,5,14,1
20,0,0,0,0,0,1,2,0,0,1,13,1
53,0,0,0,1,0,3,5,3,0,2,17,1
102,0,1,0,1,0,5,3,3,0,4,43,1
30,0,0,0,0,0,1,0,0,0,4,12,1
20,0,0,0,0,0,1,0,0,0,1,19,1
39,0,0,1,0,0,2,0,0,0,3,14,0
24,0,0,0,0,0,1,0,0,0,1,11,0
35,0,0,0,0,0,1,0,0,0,3,11,0
42,0,0,0,1,0,3,4,1,0,2,22,1
22,0,0,1,0,0,2,0,0,0,2,17,0
32,0,0,0,0,0,3,0,0,0,1,22,0
139,0,0,1,0,0,1,8,0,0,3,10,0
47,0,0,1,1,0,2,1,0,0,3,15,1
53,0,0,0,0,0,3,0,1,0,3,11,0
36,0,0,1,0,0,2,0,1,0,2,16,0
40,0,0,1,0,0,3,0,0,0,2,18,0
42,0,0,0,0,0,3,9,0,0,3,23,1
59,0,0,0,0,0,1,4,4,0,2,21,0
75,0,0,0,0,0,6,6,0,0,2,21,1
81,0,0,0,1,0,3,4,0,0,5,28,1
41,0,0,1,0,0,1,1,0,0,2,14,0
132,0,0,1,1,0,6,8,11,0,5,17,1
47,0,0,1,1,0,2,0,0,0,1,18,0
99,0,0,1,0,0,2,1,0,0,4,17,0
54,0,0,1,0,0,2,0,0,0,6,16,1
25,0,0,0,0,0,1,0,0,0,2,19,1
47,0,0,1,0,0,4,0,0,0,2,21,0
110,0,0,1,0,0,2,18,1,0,4,18,0
38,0,0,0,0,0,4,3,0,1,2,17,0
63,0,0,1,1,0,2,1,0,0,4,15,1
26,0,0,0,0,1,4,10,0,0,1,13,1
21,0,0,1,0,0,2,0,0,0,1,20,0
60,0,0,1,0,0,5,0,0,1,6,12,1
44,0,0,0,0,0,2,0,0,0,4,14,0
47,0,0,1,0,0,1,6,0,0,4,11,0
16,0,0,0,0,0,1,0,0,0,1,15,0
50,0,0,0,0,1,4,10,3,0,1,13,1
46,0,0,0,0,0,2,0,0,0,1,25,0
38,0,0,0,0,0,4,0,0,0,2,17,0
34,0,0,0,0,0,2,0,0,0,2,27,0
70,0,0,1,0,0,2,17,2,0,3,19,0
19,0,0,0,0,0,1,2,0,0,1,13,1
42,0,1,0,0,0,3,0,2,0,2,12,1
20,0,0,0,0,0,3,0,0,0,1,12,1
180,0,0,1,1,0,12,9,1,0,7,23,1
59,0,0,1,0,0,2,0,0,0,2,17,0
52,0,0,0,0,0,1,16,0,0,3,9,1
56,0,0,0,0,0,2,0,0,0,4,20,1
12,0,0,0,0,0,1,4,0,0,1,7,1
140,0,0,1,1,0,8,24,3,0,3,75,1
121,0,0,1,0,0,11,37,0,0,4,98,1
42,0,0,0,1,0,3,1,0,0,3,18,1
44,0,0,1,0,0,1,6,0,0,4,16,0
78,0,0,1,0,0,3,19,4,0,5,16,0
32,0,0,1,0,0,2,9,0,0,3,12,0
91,0,1,1,1,0,4,0,2,0,5,21,1
92,0,0,1,1,0,6,2,5,0,9,14,1
20,0,0,0,0,0,2,0,0,0,1,19,0
46,0,0,0,0,0,1,4,5,0,3,6,0
19,0,0,0,0,0,1,0,0,0,1,18,1
43,0,0,0,0,0,2,0,1,0,2,16,0
31,0,0,0,0,0,4,0,0,0,2,17,0
45,0,0,1,0,0,1,1,0,0,2,19,1
21,0,0,0,0,0,1,2,0,0,1,13,1
103,0,0,0,0,0,2,18,0,0,13,26,1
32,0,0,0,0,0,1,0,0,0,4,12,0
39,0,0,0,0,0,2,0,0,0,3,12,0
104,0,0,1,0,0,3,8,0,0,5,26,0
83,0,0,1,0,0,1,25,1,0,3,21,1
30,0,0,0,0,0,2,0,0,0,1,19,1
27,0,0,0,0,0,1,0,0,0,2,17,0
72,0,0,1,0,0,7,23,2,0,3,23,0
57,0,0,1,0,0,3,1,0,0,3,9,1
80,0,0,1,0,0,2,8,1,0,4,12,0
21,0,0,0,0,0,2,1,0,0,1,14,1
363,0,0,1,1,0,3,57,13,0,3,45,1
55,0,0,1,1,0,2,10,0,0,5,9,1
34,0,0,1,0,0,1,0,0,0,3,6,0
25,0,0,0,0,0,1,3,0,0,2,12,0
37,0,0,0,0,0,2,0,1,0,2,16,0
28,0,0,0,0,0,3,0,0,0,1,15,0
52,0,0,0,0,0,3,2,2,0,5,11,0
40,0,0,0,0,0,2,0,2,0,2,16,0
31,0,0,1,0,0,1,0,0,0,1,30,0
50,0,0,1,0,0,4,6,0,0,5,16,1
62,0,0,1,0,0,2,5,0,0,4,13,0
64,0,0,0,0,0,4,0,2,0,3,12,1
50,0,0,1,0,0,1,1,2,0,3,17,0
371,0,0,1,1,0,3,64,15,0,3,45,1
28,0,0,0,0,0,2,0,0,0,1,13,1
45,0,0,0,0,0,1,7,1,0,3,13,0
13,0,0,0,0,0,1,4,0,0,0,13,1
38,0,0,1,0,0,3,0,0,0,1,16,1
28,0,0,0,1,0,1,0,0,0,2,11,0
21,0,0,0,0,0,1,0,0,0,1,10,0
20,0,0,0,0,0,1,0,0,0,1,19,0
84,0,0,1,0,0,2,8,0,0,5,20,0
260,0,0,1,1,0,8,95,5,0,4,17,1
62,0,0,0,1,0,2,0,0,0,6,18,1
28,0,0,1,0,0,1,0,0,0,2,12,0
98,0,0,1,0,0,3,1,1,0,6,21,0
34,0,0,0,0,0,4,0,0,0,4,11,1
92,0,0,1,0,0,2,1,4,0,1,11,0
59,0,0,0,0,0,2,1,0,0,4,21,1
51,0,0,0,0,0,3,0,0,0,3,25,1
48,0,0,1,1,0,3,0,1,0,3,24,1
35,0,0,0,0,0,2,0,0,0,2,19,0
34,0,0,0,0,0,3,7,2,0,1,10,0
73,0,0,0,0,0,2,19,0,0,5,11,1
46,0,0,1,0,0,3,1,0,0,2,27,1
48,0,0,0,0,0,3,2,0,0,4,21,1
104,0,0,1,0,0,2,12,2,0,1,25,1
63,0,0,1,0,0,2,0,3,0,2,24,0
56,0,0,1,0,0,1,0,0,0,1,11,0
36,0,0,0,0,0,2,0,1,0,2,20,0
49,0,0,0,0,0,1,22,0,0,2,15,1
47,0,0,0,0,0,3,0,0,0,3,28,1
25,0,0,0,0,0,1,7,0,0,3,8,0
56,0,0,1,0,0,2,1,0,0,2,16,0
18,0,0,0,0,0,1,5,0,0,1,9,1
27,0,0,0,0,0,2,4,0,0,2,14,0
105,0,0,0,0,0,2,7,0,0,4,16,0
39,0,0,0,0,0,3,3,0,0,3,12,0
62,0,0,1,0,0,3,7,1,0,6,20,1
27,0,0,0,0,0,2,0,0,1,1,26,0
20,0,0,0,0,0,1,3,0,0,1,11,1
306,0,1,0,1,0,16,62,18,0,3,23,1
271,0,0,0,0,0,5,53,4,0,3,36,1
18,0,0,0,0,0,2,0,0,0,2,12,0
22,0,0,1,0,0,1,9,0,0,1,10,0
41,0,0,0,0,0,3,7,2,0,2,14,0
30,0,0,1,0,0,2,0,0,0,2,10,0
98,0,0,1,1,0,6,2,5,0,8,14,1
67,0,0,0,0,0,4,1,2,0,5,13,1
54,0,0,0,0,0,4,5,2,0,2,15,1
20,0,0,0,0,0,1,0,0,0,1,19,0
207,0,0,1,0,0,12,49,11,0,3,12,1
55,0,0,1,0,0,2,9,0,0,1,15,0
146,0,0,1,1,0,4,10,8,0,9,12,1
47,0,0,0,0,0,2,0,0,0,3,15,0
166,0,0,1,1,0,11,45,0,0,1,165,1
38,0,0,0,0,0,2,10,0,0,3,16,0
14,0,0,0,0,0,2,0,0,0,1,13,0
16,0,0,0,0,0,1,0,0,0,1,15,1
28,0,0,0,0,0,2,2,0,0,1,27,0
95,0,0,1,0,0,2,6,1,0,4,17,0
56,0,0,1,0,0,2,0,0,0,1,11,0
88,0,0,1,0,0,2,7,0,0,5,14,0
64,0,0,1,0,0,1,18,0,0,4,17,1
37,0,0,0,0,0,2,0,0,0,4,10,1
15,0,0,0,0,0,1,0,0,0,1,11,0
32,0,0,0,0,0,3,0,0,0,2,13,1
52,0,0,1,0,0,5,1,0,0,2,33,1
53,0,0,1,0,0,3,0,0,0,4,17,1
114,0,0,0,1,0,17,0,0,0,1,101,1
21,0,0,0,0,0,2,0,0,0,1,20,1
141,0,0,1,1,0,4,40,4,0,3,28,1
48,0,0,1,0,0,2,6,0,0,5,15,0
23,0,0,0,0,0,2,0,0,0,1,22,0
32,0,0,1,0,0,2,0,0,0,1,31,0
24,0,0,0,0,0,1,0,0,0,2,9,0
31,0,0,1,0,0,2,0,0,0,1,13,0
31,0,0,0,1,0,3,0,0,0,3,12,1
107,0,0,0,1,0,3,28,3,0,6,22,1
40,0,0,1,0,0,1,9,0,0,3,12,0
18,0,0,0,0,0,1,0,0,0,1,17,0
50,0,0,0,0,1,3,14,0,0,5,13,1
20,0,0,0,0,0,2,0,0,0,1,16,0
63,0,0,0,0,0,3,6,0,0,4,14,1
36,0,0,0,0,0,2,0,1,0,2,15,0
33,0,0,0,0,0,2,1,0,0,3,17,0
38,0,0,0,0,0,1,0,1,0,3,12,0
88,0,0,0,0,0,2,29,6,0,2,16,1
56,0,0,1,0,0,1,6,0,0,4,14,0
25,0,0,0,0,0,1,0,0,0,1,11,0
66,0,0,1,0,0,1,19,0,0,3,14,0
50,0,0,1,0,0,1,11,0,0,3,16,0
245,0,0,1,0,0,14,74,23,0,3,19,1
48,0,0,1,0,0,3,0,0,0,2,24,1
118,0,0,0,1,0,2,41,0,0,9,26,1
21,0,0,0,0,1,3,13,0,0,2,14,1
40,0,0,1,0,0,3,0,0,0,4,12,1
38,0,0,0,0,0,3,1,0,0,2,21,1
20,0,0,1,0,0,2,2,0,0,1,13,1
89,0,0,0,0,0,2,9,11,0,1,13,0
469,0,1,1,0,1,9,41,37,0,6,14,1
24,0,0,1,0,0,1,3,0,0,1,15,1
20,0,0,0,0,0,1,0,0,0,1,19,1
58,0,0,1,0,0,1,8,0,0,6,9,0
89,0,0,0,0,0,3,21,3,1,1,34,1
21,0,0,0,0,0,2,1,0,0,1,20,1
21,0,0,0,0,0,1,0,0,0,1,20,0
41,0,0,0,0,0,1,0,2,0,2,10,0
134,0,0,1,1,0,5,13,2,0,3,22,1
103,0,0,1,1,0,7,2,5,0,8,14,1
34,0,0,1,0,0,2,4,0,0,1,19,0
25,0,0,0,0,0,1,3,0,0,1,19,1
49,0,0,0,0,0,3,5,0,0,4,12,0
23,0,0,0,0,0,4,0,0,0,2,17,0
14,0,0,0,0,0,1,0,0,0,1,13,0
64,0,0,1,0,0,2,0,0,0,2,18,0
11,0,0,0,0,0,1,1,0,0,1,5,1
57,0,0,0,0,0,3,0,0,0,6,13,1
42,0,0,1,1,0,1,0,0,0,5,9,1
44,0,0,0,0,0,2,2,1,0,2,19,0
76,0,0,1,0,0,1,20,0,0,5,15,1
81,0,0,1,1,0,3,0,0,0,6,18,1
67,0,0,1,0,0,3,0,0,0,6,18,1
21,0,0,0,0,0,2,0,0,0,1,10,1
11,0,0,0,0,0,1,0,0,0,1,10,0
38,0,0,0,0,0,3,0,1,0,2,14,0
13,0,0,0,0,0,1,4,0,0,0,13,1
32,0,0,0,0,0,2,0,0,0,3,15,0
128,0,0,1,1,0,6,8,11,0,5,14,1
182,0,0,1,1,0,7,41,5,0,3,18,1
51,0,0,1,0,0,1,6,0,0,6,15,1
71,0,0,1,0,0,1,20,0,0,4,10,1
58,0,0,1,0,0,1,7,0,0,3,12,0
26,0,0,0,0,0,2,0,1,0,1,16,0
32,0,0,0,0,0,2,5,0,1,1,31,1
27,0,0,0,0,0,1,1,0,0,1,18,1
63,0,0,0,0,0,2,4,0,0,2,30,1
46,0,0,1,0,0,1,10,0,0,3,10,0
150,0,0,1,1,0,10,26,6,0,3,16,1
15,0,0,0,0,0,1,0,0,1,1,14,0
24,0,0,0,0,0,3,0,0,0,1,14,0
101,0,0,1,0,0,2,12,0,0,3,38,1
70,0,0,0,0,0,3,3,3,0,2,34,1
29,0,0,0,0,1,3,17,0,0,1,19,1
58,0,0,0,0,0,2,0,0,0,2,14,1
17,0,0,0,0,0,4,0,0,0,1,9,0
203,0,0,1,1,0,3,48,10,0,3,32,1
29,0,0,0,0,0,2,0,0,0,1,15,0
18,0,0,0,1,0,1,0,0,0,1,17,1
26,0,0,0,0,0,2,0,0,0,1,12,0
39,0,0,1,0,0,4,13,0,1,1,32,1
21,0,0,0,0,0,1,2,0,1,1,14,1
137,0,0,1,0,0,10,9,1,0,5,7,0
34,0,0,0,0,0,3,0,0,0,2,24,1
20,0,0,0,0,0,2,0,0,0,2,15,0
34,0,0,0,1,0,6,0,0,0,1,33,1
68,0,0,1,0,0,2,0,0,1,1,18,0
20,0,0,1,0,0,2,2,0,0,3,12,1
63,0,1,0,1,0,4,0,1,0,3,19,1
39,0,0,1,0,0,1,1,0,0,4,15,1
29,0,0,0,0,0,1,0,0,0,3,15,1
25,0,0,0,0,0,2,0,0,0,2,17,0
15,0,0,0,0,0,1,0,0,0,1,14,0
357,0,0,1,1,0,12,170,1,0,2,202,1
23,0,0,0,0,0,2,1,0,0,2,16,0
60,0,0,0,0,0,3,20,0,0,2,16,1
26,0,0,0,0,0,2,3,0,0,2,14,0
14,0,0,0,0,0,1,0,0,0,1,13,0
49,0,0,0,0,0,2,0,0,0,5,9,1
79,0,0,0,0,0,2,23,0,1,7,21,1
45,0,0,1,0,0,1,0,0,0,3,19,1
61,0,0,0,0,0,1,21,0,0,3,18,1
23,0,0,0,0,0,2,6,0,0,0,23,1
50,0,0,1,0,0,2,4,5,0,2,16,0
75,0,0,1,0,0,3,6,0,1,3,23,0
20,0,0,1,0,0,1,0,0,0,2,14,1
82,0,0,0,0,0,2,8,7,0,3,19,0
64,0,0,0,0,0,3,8,2,0,2,10,1
104,0,0,1,1,0,7,2,5,0,8,15,1
51,0,0,0,0,0,2,0,0,0,4,22,1
32,0,0,1,0,0,2,0,0,0,4,15,1
84,0,0,1,1,0,2,2,0,0,8,21,1
39,0,0,0,0,0,4,0,0,0,2,18,1
58,0,0,0,0,0,2,14,2,0,2,17,0
28,0,0,0,0,0,2,0,0,0,1,11,1
16,0,0,0,0,0,1,0,0,0,1,8,1
79,0,0,0,0,0,3,0,1,0,7,18,0
12,0,0,0,0,0,1,0,0,0,1,11,0
61,0,0,1,0,0,1,2,0,0,5,15,0
138,0,0,0,0,0,5,44,2,0,2,24,1
127,0,0,1,0,0,3,38,0,0,10,20,1
40,0,0,0,0,0,2,0,0,1,4,14,1
82,0,0,0,0,0,4,30,2,0,2,25,1
16,0,0,0,1,0,1,0,0,0,1,15,0
43,0,0,0,0,0,2,0,0,0,1,23,0
30,0,0,0,0,0,1,0,0,0,2,12,0
25,0,0,0,0,0,1,0,0,0,3,13,1
62,0,0,1,0,0,1,10,0,0,3,10,0
30,0,0,0,0,0,2,0,0,0,3,16,0
48,0,0,1,0,0,2,2,0,0,3,22,0
53,0,0,0,0,0,1,21,0,0,3,11,1
52,0,0,0,0,0,2,0,3,0,1,9,0
141,0,0,1,0,0,3,42,1,0,7,17,1
23,0,0,0,0,0,3,3,0,0,1,14,1
60,0,1,0,0,0,4,0,2,0,2,15,1
32,0,0,0,0,1,4,10,1,0,1,13,1
99,0,0,1,1,0,3,0,0,0,6,17,1
30,0,0,1,0,0,3,0,0,0,2,17,1
50,0,0,1,0,0,2,1,0,0,3,23,0
144,0,0,1,1,0,13,10,0,1,3,17,1
95,0,0,1,1,0,7,26,6,0,5,39,1
29,0,0,0,0,0,3,1,0,0,1,19,1
12,0,0,0,0,0,1,0,0,0,2,8,1
28,0,0,1,0,0,1,1,2,0,2,9,1
25,0,0,0,0,0,1,0,0,0,1,24,0
54,0,0,1,0,0,1,2,0,0,2,22,0
51,0,0,0,0,0,2,0,0,0,2,17,0
207,0,0,1,1,0,3,12,21,0,3,18,0
318,0,0,1,1,0,15,163,1,1,2,163,1
66,0,0,0,0,0,4,0,0,0,4,23,0
38,0,0,1,0,0,1,0,0,0,1,16,0
32,0,0,0,0,0,1,0,0,0,2,16,0
19,0,0,0,0,0,2,0,0,0,1,18,0
46,0,0,1,0,0,1,6,0,0,3,11,0
100,0,0,0,1,0,5,4,0,0,6,12,1
18,0,0,0,0,0,1,0,0,0,1,17,0
38,0,0,0,0,0,2,4,0,0,2,12,0
75,0,0,1,1,0,2,2,1,0,6,15,1
21,0,0,0,0,0,1,0,0,0,1,16,0
30,0,0,0,0,0,3,1,0,0,1,17,1
28,0,0,0,0,0,1,0,0,0,3,17,1
18,0,0,0,0,0,1,2,0,0,1,11,1
38,0,0,1,0,0,3,0,0,0,2,17,0
25,0,0,0,0,0,2,0,0,0,1,14,0
34,0,0,0,0,0,2,0,0,0,2,19,0
77,0,0,0,0,0,2,0,1,0,6,22,1
22,0,0,0,0,0,1,0,0,0,1,21,1
24,0,0,0,0,0,1,2,0,0,1,18,1
58,0,0,0,0,0,2,14,2,0,2,17,0
63,0,0,1,0,0,2,6,0,0,6,18,1
39,0,0,1,0,0,1,0,0,0,4,8,0
56,0,0,1,0,0,1,8,0,0,3,11,0
39,0,0,1,0,0,2,0,0,0,3,22,1
228,0,0,0,0,0,11,51,16,0,4,22,1
44,0,0,0,0,0,3,2,0,0,3,22,0
40,0,0,1,0,0,1,0,0,0,2,19,0
27,0,0,0,0,0,2,1,1,0,1,17,1
36,0,0,1,0,0,3,0,0,0,2,17,1
53,0,0,0,0,0,2,0,2,0,3,16,1
74,0,0,0,1,0,6,0,1,0,6,21,1
58,0,0,1,0,0,3,12,1,0,2,26,0
34,0,0,0,0,0,1,0,0,0,2,21,1
